elapsedMs,gnssMode,gnssFixAccuracyM,gnssFixAgeMs,gnssSpeedMps,drVelocityEastMps,drVelocityNorthMps,linearAccelMagnitudeMps2,gyroMagnitudeRadPerSec,isStationary,rawLinearAccelMagnitudeMps2,rawGyroMagnitudeRadPerSec
0,REACQUISITION,10.452,2265,0.11271381,0.0,0.0,0.1301709383984714,0.015110634504946758,true,0.13397508937218613,0.02734695002436638
120,REACQUISITION,10.452,2466,0.11271381,0.0,0.0,0.1348920899031113,0.006903763994765902,true,0.13930027138752363,0.0014089556643739343
204,REACQUISITION,10.452,2466,0.11271381,0.0,0.0,0.13143213698415812,0.0024557175115836683,true,0.12999085171974187,0.0015124999918043613
303,REACQUISITION,10.452,2679,0.11271381,0.0,0.0,0.13400838337444543,0.0013439125701352492,true,0.13628741970980518,0.0018137495499104261
401,REACQUISITION,10.452,2679,0.11271381,0.0,0.0,0.13793025919869983,6.80842659593858E-4,true,0.1413193305422229,4.124999977648258E-4
500,REACQUISITION,10.452,2679,0.11271381,0.0,0.0,0.13798683194323394,0.0014984891000609695,true,0.13937982485007427,0.0028874999843537807
601,REACQUISITION,10.452,2884,0.11271381,0.0,0.0,0.12896888120324507,0.0022031074624811646,true,0.12258763136923236,0.00278076552785933
702,REACQUISITION,10.452,2884,0.11271381,0.0,0.0,0.1387442162799695,0.0016921560971765337,true,0.1467144801058287,0.0018702021334320307
802,REACQUISITION,10.452,3109,0.11271381,0.0,0.0,0.13926770244700398,0.001625224290358427,true,0.14002593433933275,0.0016093961894512177
920,REACQUISITION,10.452,3109,0.11271381,0.0,0.0,0.13699681412776904,0.0010841737689002934,true,0.13542205239781582,0.0012971723917871714
1014,REACQUISITION,10.452,3309,0.11271381,0.0,0.0,0.13219696894814867,8.267058412988848E-4,true,0.1286680860250557,8.80429579410702E-4
1114,REACQUISITION,10.452,3309,0.11271381,0.0,0.0,0.1306185779590751,0.0014092801330404367,true,0.1293736038275481,0.002321267034858465
1217,REACQUISITION,10.452,3518,0.11271381,0.0,0.0,0.13692247677548122,0.0014877744313869725,true,0.14229646463685647,0.0018702021334320307
1313,REACQUISITION,10.452,3518,0.11271381,0.0,0.0,0.13737698878630372,6.171336773997991E-4,true,0.1377925617759928,0.0012971723917871714
1412,REACQUISITION,10.452,3719,0.11271381,0.0,0.0,0.13015689249482917,0.043402520537169816,true,0.12453951776355834,0.07754842191934586
1509,REACQUISITION,10.452,3719,0.11271381,0.0,0.0,0.14047441218840812,0.019907857711279266,true,0.14988802884161623,0.00202550133690238
1613,REACQUISITION,10.452,3919,0.11271381,0.0,0.0,0.1328271518941961,0.008707502213893893,true,0.12676262628177992,4.124999977648258E-4
1708,REACQUISITION,10.452,3919,0.11271381,0.0,0.0,0.13231027455988684,0.004592709621656572,true,0.13272968906547858,0.0015124999918043613
1814,REACQUISITION,10.452,4119,0.11271381,0.0,0.0,0.1305111917499633,0.0025153045252847314,true,0.12916976041881548,0.0018702021334320307
1908,REACQUISITION,10.452,4119,0.11271381,0.0,0.0,0.1274580726073722,0.0010059172474867727,true,0.12503686106514822,7.53118540160358E-4
2009,REACQUISITION,10.452,4319,0.11271381,0.0,0.0,0.12707481762130907,4.8561505098202985E-4,true,0.12683353628070446,4.124999977648258E-4
2108,REACQUISITION,10.452,4319,0.11271381,0.0,0.0,0.1284769942965094,0.0018501513466721929,true,0.12960980709926265,0.003089928301051259
2205,REACQUISITION,10.452,4520,0.11271381,0.0,0.0,0.13402068774231363,9.340040908687106E-4,true,0.13911198983740022,8.80429579410702E-4
2315,REACQUISITION,10.452,4520,0.11271381,0.007041956707231607,-0.005059987288280407,0.2791535958487874,0.0010343595708302165,false,0.4513640815262191,0.0012971723917871714
2406,REACQUISITION,10.452,4748,0.11271381,0.011451809769121545,-0.008226555822898912,0.15423995475471797,0.011715905039030758,false,0.1635585041748669,0.021325357258319855
2586,REACQUISITION,10.452,4748,0.11271381,0.017080688019651676,-0.012269804639814362,0.14110445924332765,0.005118661552377426,false,0.1352899627996808,0.0014421121450141072
2634,REACQUISITION,10.452,4971,0.11271381,0.021933338725773664,-0.015763582989528988,0.13273467039304168,0.002400802663772053,false,0.12801406987655878,0.0014421121450141072
2707,REACQUISITION,10.452,4971,0.11271381,0.0,0.0,0.1247635175150667,0.0010267760731516838,true,0.11975078835456152,0.0010826761135831475
2829,DEAD_RECKONING,10.452,5171,0.11271381,0.0,0.0,0.13292796329388787,5.591706537334026E-4,true,0.1395844102524283,0.0015124999918043613
2909,DEAD_RECKONING,10.452,5171,0.11271381,0.0,0.0,0.1316563236941225,7.376684393208088E-4,true,0.13108011329829866,0.0014089556643739343
3019,DEAD_RECKONING,10.452,5372,0.11271381,0.0,0.0,0.13215015444978248,0.001750996062078883,true,0.1328326765688471,0.0028346350882202387
3107,DEAD_RECKONING,10.452,5372,0.11271381,0.0,0.0,0.1364684620713949,0.0015774927902286677,true,0.1413274586606059,0.0017007810529321432
3216,DEAD_RECKONING,10.452,5572,0.11271381,0.0,0.0,0.13136664969493936,0.0011627213082354235,true,0.12802302855331743,0.00202550133690238
3309,DEAD_RECKONING,10.452,5572,0.11271381,0.0,0.0,0.12862702343818166,0.0013015941524584023,true,0.1265946804208411,0.0022801796440035105
3421,DEAD_RECKONING,10.452,5772,0.11271381,0.0,0.0,0.12761480944530468,0.0011622617560084405,true,0.12758491492439364,0.0018702021334320307
3509,DEAD_RECKONING,10.452,5772,0.11271381,0.0,0.0,0.12854863499295333,0.00106365837971345,true,0.1300073837496736,0.0014089556643739343
3616,DEAD_RECKONING,10.452,5972,0.11271381,0.0,0.0,0.12913710459672217,4.574444274244288E-4,true,0.13003621192240655,0.0010826761135831475
3710,DEAD_RECKONING,10.452,5972,0.11271381,0.0,0.0,0.13039384065380352,8.587517473945632E-4,true,0.13159235245414763,0.0017007810529321432
3819,DEAD_RECKONING,10.452,6173,0.11271381,0.0,0.0,0.1319113662293033,8.515397852916438E-4,true,0.13366192516333666,0.0021913894452154636
3910,DEAD_RECKONING,10.452,6173,0.11271381,0.0,0.0,0.12377154819120884,6.070656077884741E-4,true,0.11797676106148076,0.0014089556643739343
4011,DEAD_RECKONING,10.453,96,0.052735757,0.0,0.0,0.1220537808857123,9.710817604425451E-4,true,0.12076529245860576,0.0015124999918043613
4123,DEAD_RECKONING,10.453,96,0.052735757,0.0,0.0,0.11962938876991558,5.420357879073192E-4,true,0.11806181145952035,4.124999977648258E-4
4237,DEAD_RECKONING,10.453,298,0.052735757,0.0,0.0,0.13195183666309357,6.247209047244223E-4,true,0.14215186887242642,0.0014421121450141072
4319,DEAD_RECKONING,10.453,298,0.052735757,0.0,0.0,0.13028548240710053,0.0014053998013796075,true,0.12905372357451364,0.0022801796440035105
4428,DEAD_RECKONING,10.453,498,0.052735757,0.0,0.0,0.13320136707989091,0.0016096235944860835,true,0.13563558214395144,0.002608879003673792
4518,DEAD_RECKONING,10.453,498,0.052735757,0.0,0.0,0.13612845964089484,0.001530127832340121,true,0.1385381246373778,0.0015124999918043613
4631,DEAD_RECKONING,10.453,698,0.052735757,0.0,0.0,0.1360567880726306,0.0010484512470661602,true,0.1361727673187837,8.80429579410702E-4
4719,DEAD_RECKONING,10.453,698,0.052735757,0.0,0.0,0.13290374906087213,0.0012832505934530778,true,0.13052540178074,0.001638501533307135
4832,DEAD_RECKONING,10.453,899,0.052735757,0.0,0.0,0.13128273992249012,0.0013203934846664316,true,0.13011588227276066,0.0018702021334320307
4918,DEAD_RECKONING,10.453,899,0.052735757,0.0,0.0,0.12817524824242832,0.0013816421328654235,true,0.12606481651292653,0.0015124999918043613
5027,DEAD_RECKONING,10.453,1100,0.052735757,0.0,0.0,0.13308869544581645,0.0014575590367893808,true,0.1377697449607212,0.0021913894452154636
5118,DEAD_RECKONING,10.453,1100,0.052735757,0.0,0.0,0.13539324908552605,0.0019762104013267686,true,0.1372336471639751,0.0024481178261339664
5220,DEAD_RECKONING,10.453,1311,0.052735757,0.0,0.0,0.1395074506974469,0.0012394457397298607,true,0.14338228514886822,0.0015434336382895708
5321,DEAD_RECKONING,10.453,1311,0.052735757,0.0,0.0,0.13657406657471396,5.305552711522204E-4,true,0.13469069299903388,8.80429579410702E-4
5421,DEAD_RECKONING,10.453,1311,0.052735757,0.0,0.0,0.13365239118748218,5.358858077593335E-4,true,0.13237688978315973,7.53118540160358E-4
5517,DEAD_RECKONING,10.453,1516,0.052735757,0.0,0.0,0.12968784229782865,7.553206064418497E-4,true,0.1265786698932974,0.0010826761135831475
5619,DEAD_RECKONING,10.453,1516,0.052735757,0.0,0.0,0.12803839878002746,0.0015718616046016254,true,0.1274321656450398,0.002683892846107483
5720,DEAD_RECKONING,10.453,1734,0.052735757,0.0,0.0,0.12965352642474848,8.419647454250196E-4,true,0.13115873436969006,0.0016093961894512177
5817,DEAD_RECKONING,10.453,1734,0.052735757,0.0,0.0,0.12947134897793028,7.574232445000368E-4,true,0.12933008700234339,8.80429579410702E-4
5916,DEAD_RECKONING,10.453,1943,0.052735757,0.0,0.0,0.13967788474177062,0.0014375525285059204,true,0.14793875121446895,0.002851260593160987
6019,DEAD_RECKONING,10.453,1943,0.052735757,0.0,0.0,0.12631892448691118,4.5937720679666244E-4,true,0.1157453902515458,8.80429579410702E-4
6116,REACQUISITION,10.453,2149,0.052735757,0.0,0.0,0.1319212055898758,0.0010567572089148487,true,0.13639017092541847,0.001638501533307135
6219,REACQUISITION,10.453,2149,0.052735757,0.0,0.0,0.13168877071676666,9.30914596158461E-4,true,0.131725389053172,0.0021913894452154636
6318,REACQUISITION,10.453,2356,0.052735757,0.0,0.0,0.13800209689544943,6.496410594972206E-4,true,0.14350057281753958,0.0018702021334320307
6419,REACQUISITION,10.453,2356,0.052735757,0.0,0.0,0.13861476609500795,3.50232162196105E-4,true,0.13930429132413946,7.53118540160358E-4
6519,REACQUISITION,10.453,2560,0.052735757,0.0,0.0,0.12912626656198134,0.001732110819151894,true,0.12197322114977759,0.0029361965134739876
6620,REACQUISITION,10.453,2560,0.052735757,0.0,0.0,0.13934138224423268,0.0018928083125091396,true,0.14760409076817285,0.0024940241128206253
6720,REACQUISITION,10.453,2773,0.052735757,0.0,0.0,0.1289336118887992,0.001352950813467102,true,0.12099571493065431,0.0015124999918043613
6819,REACQUISITION,10.453,2773,0.052735757,0.0,0.0,0.13053076239980685,7.549636155219021E-4,true,0.1318451079489833,4.124999977648258E-4
6919,REACQUISITION,10.453,2974,0.052735757,0.0,0.0,0.12474292153354923,0.0010244000071929571,true,0.12088194486163237,0.001638501533307135
7033,REACQUISITION,10.453,2974,0.052735757,0.0,0.0,0.13303194900091966,4.924724490842806E-4,true,0.139684885402158,4.124999977648258E-4
7133,REACQUISITION,10.453,3174,0.052735757,0.0,0.0,0.14093843025134423,0.0010182002967544124,true,0.14730091404761106,0.0020487038418650627
7232,REACQUISITION,10.453,3174,0.052735757,0.0,0.0,0.1320175898876318,3.502470787331615E-4,true,0.12537377338902098,4.124999977648258E-4
7328,REACQUISITION,10.453,3375,0.052735757,0.0,0.0,0.13174058311790451,9.342674164748102E-4,true,0.13195712994481965,0.0018702021334320307
7432,REACQUISITION,10.453,3375,0.052735757,0.0,0.0,0.13238279336541023,8.351824256122435E-4,true,0.13397083208840602,0.0021913894452154636
7522,REACQUISITION,10.453,3576,0.052735757,0.0,0.0,0.13594158073566584,7.631662783685155E-4,true,0.13913725190383736,7.53118540160358E-4
7630,REACQUISITION,10.453,3576,0.052735757,0.0,0.0,0.13200395712967156,9.559330667009382E-4,true,0.12899075399464532,0.0018702021334320307
7722,REACQUISITION,10.453,3776,0.052735757,0.0,0.0,0.13595400939693175,0.0020640267087387145,true,0.13952621581208252,0.003150520846247673
7830,REACQUISITION,10.453,3776,0.052735757,0.0,0.0,0.13666347001939982,7.084615669215766E-4,true,0.13778802331509757,0.0017007810529321432
7922,REACQUISITION,10.453,3976,0.052735757,0.0,0.0,0.14182006612769996,6.95716706836714E-4,true,0.14620543117399007,0.001038102200254798
8029,REACQUISITION,10.453,3976,0.052735757,0.0,0.0,0.13776222224879364,8.652332789076982E-4,true,0.1347297111567271,0.001038102200254798
8132,REACQUISITION,10.453,4188,0.052735757,0.0,0.0,0.1340514179547631,5.13093282401866E-4,true,0.13150316582821014,8.80429579410702E-4
8230,REACQUISITION,10.453,4188,0.052735757,0.0,0.0,0.1337213902692111,0.0013004233889897959,true,0.13376000082037942,0.002683892846107483
8328,REACQUISITION,10.453,4388,0.052735757,0.0,0.0,0.13604325996904007,0.0012956245144062177,true,0.13828622030267768,0.001638501533307135
8427,REACQUISITION,10.453,4388,0.052735757,0.0,0.0,0.14329902799665684,0.0012173939675758888,true,0.1491602369768368,0.0012971723917871714
8527,REACQUISITION,10.453,4589,0.052735757,0.0,0.0,0.13781505467884494,7.619635153913594E-4,true,0.13404425723891875,7.53118540160358E-4
8630,REACQUISITION,10.453,4589,0.052735757,0.0,0.0,0.13762640732926387,4.2113736354282267E-4,true,0.13755471986683354,4.124999977648258E-4
8723,REACQUISITION,10.453,4790,0.052735757,0.0,0.0,0.14256262588094476,4.4680838378505157E-4,true,0.14648463124678018,8.80429579410702E-4
8829,REACQUISITION,10.453,4790,0.052735757,0.0,0.0,0.13758191908447873,7.851436202905657E-4,true,0.13395202669356626,0.0012971723917871714
8930,REACQUISITION,10.453,5000,0.052735757,0.0,0.0,0.14134109521788596,5.828323557230852E-4,true,0.14435530521995626,0.0015434336382895708
9027,REACQUISITION,10.453,5000,0.052735757,0.0,0.0,0.13519739898755317,9.770663557386072E-4,true,0.13061486950121654,0.0018702021334320307
9133,DEAD_RECKONING,10.453,5203,0.052735757,0.0,0.0,0.12352520188903228,0.0014152382235993685,true,0.11440665050546757,0.0018702021334320307
9225,DEAD_RECKONING,10.453,5203,0.052735757,0.0,0.0,0.1307205437262023,6.713848721798265E-4,true,0.137252862765156,0.001038102200254798
9336,DEAD_RECKONING,10.453,5404,0.052735757,0.0,0.0,0.1344285048700374,0.0011345818513060202,true,0.1376829095450023,0.0021913894452154636
9425,DEAD_RECKONING,10.453,5404,0.052735757,0.0,0.0,0.12746031277311853,9.015240496102108E-4,true,0.12262401503057412,7.53118540160358E-4
9531,DEAD_RECKONING,10.453,5605,0.052735757,0.0,0.0,0.12637121429494752,9.993056147387447E-4,true,0.1255931184447816,0.0018702021334320307
9626,DEAD_RECKONING,10.453,5605,0.052735757,0.0,0.0,0.13716097313900788,5.906327775681188E-4,true,0.1458794553109398,0.0010826761135831475
9725,DEAD_RECKONING,10.453,5815,0.052735757,0.0,0.0,0.13917907406118704,6.952907875764768E-4,true,0.14084251931487032,0.0012971723917871714
9827,DEAD_RECKONING,10.453,5815,0.052735757,0.0,0.0,0.134171885618522,0.001016250979158637,true,0.13048385958382694,0.0012971723917871714
9925,DEAD_RECKONING,10.453,6016,0.052735757,0.0,0.0,0.13250327665023032,0.001620981669456602,true,0.13202437109802842,0.0025316434912383556
10027,DEAD_RECKONING,10.453,6016,0.052735757,0.0,0.0,0.1348892360635313,4.98896212418277E-4,true,0.13688255707200264,4.124999977648258E-4
10128,DEAD_RECKONING,10.453,6217,0.052735757,0.0,0.0,0.13876190971397023,0.0010190463226284025,true,0.14188961261804417,0.0019734962843358517
10227,DEAD_RECKONING,10.453,6217,0.052735757,0.0,0.0,0.13997206974548443,7.804151269756052E-4,true,0.14095632249801643,0.0014089556643739343
10341,DEAD_RECKONING,10.453,6418,0.052735757,0.0,0.0,0.13412978270378417,0.0010931081699607473,true,0.12962974473878822,0.002112315036356449
10427,DEAD_RECKONING,10.453,6418,0.052735757,0.0,0.0,0.1296064349759711,0.0016463310440189985,true,0.12627447110553278,0.002112315036356449
10550,DEAD_RECKONING,7.376,203,0.08085902,0.0,0.0,0.13439901171007204,4.659348539285398E-4,true,0.1382394427515294,0.0017715635476633906
10638,DEAD_RECKONING,7.376,203,0.08085902,0.0,0.0,0.125111052892879,6.328555756908446E-4,true,0.118179949776579,0.0011986972531303763
10739,DEAD_RECKONING,7.376,413,0.08085902,0.0,0.0,0.12332039290891145,6.880884825581448E-4,true,0.12279064602359788,0.0011986972531303763
10837,DEAD_RECKONING,7.376,413,0.08085902,0.0,0.0,0.12456534380340857,7.413001599302315E-4,true,0.12635452587999763,9.120717877522111E-4
10939,DEAD_RECKONING,7.376,413,0.08085902,0.0,0.0,0.13237559570184945,3.1492962398839235E-4,true,0.1390963346577741,4.763139586430043E-4
11038,DEAD_RECKONING,7.376,618,0.08085902,0.0,0.0,0.1366103929957429,4.6854573559245E-4,true,0.14104025129478728,9.120717877522111E-4
11138,DEAD_RECKONING,7.376,618,0.08085902,0.0,0.0,0.1285082702902488,5.512868330448447E-4,true,0.1226596241568837,0.0011986972531303763
11236,DEAD_RECKONING,7.376,819,0.08085902,0.0,0.0,0.1316094255650883,6.823135916624553E-4,true,0.13430603857143367,0.0012971723917871714
11336,DEAD_RECKONING,7.376,819,0.08085902,0.0,0.0,0.13363300045332663,6.806721564047601E-4,true,0.13556244061084852,0.0014289418468251824
11434,DEAD_RECKONING,7.376,1040,0.08085902,0.0,0.0,0.1371667265751756,0.0015246192222622423,true,0.14034857042169405,0.0026697670109570026
11538,DEAD_RECKONING,7.376,1040,0.08085902,0.0,0.0,0.13215177967271727,0.001452840028662081,true,0.128386709118934,0.0018032955704256892
11638,DEAD_RECKONING,7.376,1246,0.08085902,0.0,0.0,0.12843652882647408,0.0016136471937566073,true,0.1255434363677814,0.0018032955704256892
11733,DEAD_RECKONING,7.376,1246,0.08085902,0.0,0.0,0.1165832948719952,7.40035568635342E-4,true,0.10803125193526628,4.763139586430043E-4
11832,DEAD_RECKONING,7.376,1446,0.08085902,0.0,0.0,0.13019146889822958,4.750644758252566E-4,true,0.14125559527977397,4.763139586430043E-4
11935,DEAD_RECKONING,7.376,1446,0.08085902,0.0,0.0,0.12852400617935758,0.0011411748871447034,true,0.12736715228567375,0.0018032955704256892
12034,DEAD_RECKONING,7.376,1646,0.08085902,0.0,0.0,0.13197649726355323,0.0022671821312010426,true,0.13490257131852182,0.0033708540722727776
12136,DEAD_RECKONING,7.376,1646,0.08085902,0.0,0.0,0.13528277382254378,0.0010341339825511741,true,0.13791506304925377,0.0012971723917871714
12231,DEAD_RECKONING,7.376,1846,0.08085902,0.0,0.0,0.1361805972348438,0.0012743348555029994,true,0.1371919957471307,0.0017715635476633906
12332,DEAD_RECKONING,7.376,1846,0.08085902,0.0,0.0,0.14048041483322748,5.854209201184268E-4,true,0.14432193651790018,0.0011986972531303763
12434,DEAD_RECKONING,7.376,2047,0.08085902,0.0,0.0,0.13186928515796206,6.811531520156924E-4,true,0.1252276910752358,9.120717877522111E-4
12532,DEAD_RECKONING,7.376,2047,0.08085902,0.0,0.0,0.13131571218034016,0.0013321931284428156,true,0.13107010616211778,0.0019347964553162456
12633,REACQUISITION,7.376,2247,0.08085902,0.0,0.0,0.13506290324630563,9.104942500280838E-4,true,0.13879048553394938,0.0011986972531303763
12733,REACQUISITION,7.376,2247,0.08085902,0.0,0.0,0.13779462890895192,6.98156235859779E-4,true,0.1403790186385377,0.0018032955704256892
12834,REACQUISITION,7.376,2457,0.08085902,0.0,0.0,0.13476712271495947,8.144831055326293E-4,true,0.1335161056010592,0.0015124999918043613
12934,REACQUISITION,7.376,2457,0.08085902,0.0,0.0,0.13615328029590512,0.0016131912406758988,true,0.1376930387984761,0.002641288796439767
13034,REACQUISITION,7.376,2658,0.08085902,0.0,0.0,0.13740136814644338,0.0017340226710050846,true,0.13860346819747427,0.0023815699387341738
13137,REACQUISITION,7.376,2658,0.08085902,0.0,0.0,0.13454952817815394,7.278924043970742E-4,true,0.13229670382853628,4.763139586430043E-4
13234,REACQUISITION,7.376,2859,0.08085902,0.0,0.0,0.13057935966206874,6.208966185372323E-4,true,0.1275274612199282,0.0015124999918043613
13334,REACQUISITION,7.376,2859,0.08085902,0.0,0.0,0.1332314803792034,4.239655280754102E-4,true,0.1357093877511094,0.0011986972531303763
13435,REACQUISITION,7.376,3059,0.08085902,0.0,0.0,0.12347254703974832,6.259578696020321E-4,true,0.11601799324921303,9.120717877522111E-4
13537,REACQUISITION,7.376,3059,0.08085902,0.0,0.0,0.13496757669823078,3.017235317129822E-4,true,0.14455167517364587,4.763139586430043E-4
13637,REACQUISITION,7.376,3266,0.08085902,0.0,0.0,0.13096851421988628,4.3949919080609563E-4,true,0.12793897077372468,9.120717877522111E-4
13746,REACQUISITION,7.376,3266,0.08085902,0.0,0.0,0.12885632323650462,8.153918450320625E-4,true,0.1273776757662108,0.0012971723917871714
13849,REACQUISITION,7.376,3474,0.08085902,0.0,0.0,0.12621629534665343,5.334564402804686E-4,true,0.12438105716276322,0.0011986972531303763
13945,REACQUISITION,7.376,3474,0.08085902,0.0,0.0,0.13011548969132916,0.0013699283048075263,true,0.1333385343417616,0.0026591233909130096
14046,REACQUISITION,7.376,3674,0.08085902,0.0,0.0,0.13495962154118094,9.600889590669526E-4,true,0.13881924127515413,0.0016269219340756536
14148,REACQUISITION,7.376,3674,0.08085902,0.0,0.0,0.13524723105990985,9.588883257651939E-4,true,0.13612129440931928,0.0015124999918043613
14245,REACQUISITION,7.376,3874,0.08085902,0.0,0.0,0.13392414195896668,6.191016471569964E-4,true,0.1330720097351816,4.763139586430043E-4
14347,REACQUISITION,7.376,3874,0.08085902,0.0,0.0,0.12641764286079923,4.124072120420049E-4,true,0.1206556416442706,0.0011986972531303763
14442,REACQUISITION,7.376,4076,0.08085902,0.0,0.0,0.13289767972882696,9.961776184992347E-4,true,0.1385424637475012,0.0018702021334320307
14543,REACQUISITION,7.376,4076,0.08085902,0.0,0.0,0.12955102901767848,0.0013222381927611919,true,0.1268972494846937,0.0017715635476633906
14648,REACQUISITION,7.376,4285,0.08085902,0.0,0.0,0.13646921410728355,7.147424233109405E-4,true,0.14310121598462786,9.120717877522111E-4
14745,REACQUISITION,7.376,4285,0.08085902,0.0,0.0,0.1309194481290056,5.293182544063751E-4,true,0.1271292179066026,9.120717877522111E-4
14842,REACQUISITION,7.376,4489,0.08085902,0.0,0.0,0.11858202775658735,8.046700624176102E-4,true,0.109224760963782,0.0011986972531303763
14944,REACQUISITION,7.376,4489,0.08085902,0.0,0.0,0.12473880164264944,0.0010658113903014132,true,0.1298882904031912,0.0015124999918043613
15044,REACQUISITION,7.376,4690,0.08085902,0.0,0.0,0.12286672733818862,5.516708060590905E-4,true,0.12163255074500878,4.763139586430043E-4
15142,REACQUISITION,7.376,4690,0.08085902,0.0,0.0,0.12843884014361634,9.418430518996591E-4,true,0.1329594983695174,0.002112315036356449
15251,REACQUISITION,7.376,4891,0.08085902,0.0,0.0,0.13180628110116335,9.611854081923428E-4,true,0.13491935555261472,0.0018702022498473525
15342,REACQUISITION,7.376,4891,0.08085902,0.0,0.0,0.12484235091370537,6.076070436059661E-4,true,0.1195159106991765,0.0014289418468251824
15459,DEAD_RECKONING,7.376,5101,0.08085902,0.0,0.0,0.12947364670395606,1.4635809538787023E-4,true,0.13362782990252714,4.763139586430043E-4
15541,DEAD_RECKONING,7.376,5101,0.08085902,0.0,0.0,0.13898178457183394,8.846043752705061E-4,true,0.14714534998082213,0.0017007810529321432
15648,DEAD_RECKONING,7.376,5302,0.08085902,0.0,0.0,0.1357920259790614,0.0016184502643376171,true,0.13335017014822528,0.002501593204215169
15742,DEAD_RECKONING,7.376,5302,0.08085902,0.0,0.0,0.13780674992957415,7.894828095155243E-4,true,0.14032886138080125,4.763139586430043E-4
15851,DEAD_RECKONING,7.376,5503,0.08085902,0.0,0.0,0.12574454975514754,8.140253809758546E-4,true,0.11641779782643828,9.120717877522111E-4
15941,DEAD_RECKONING,7.376,5503,0.08085902,0.0,0.0,0.13349824603747787,4.3986354567968213E-4,true,0.14001567002870996,0.0011986972531303763
16049,DEAD_RECKONING,7.376,5703,0.08085902,0.0,0.0,0.13589365261049607,7.657877864697122E-4,true,0.13818746023628556,0.0015124999918043613
16142,DEAD_RECKONING,7.376,5703,0.08085902,0.0,0.0,0.13487719199065665,0.0010000186930963202,true,0.1342050038369694,0.0017007810529321432
16247,DEAD_RECKONING,7.376,5903,0.08085902,0.0,0.0,0.12792693299897984,2.2283025179081406E-4,true,0.12243921210809296,9.120717877522111E-4
16343,DEAD_RECKONING,7.376,5903,0.08085902,0.0,0.0,0.12221820964080382,0.0011513370181133109,true,0.11776843022481251,0.00198781443759799
16451,DEAD_RECKONING,7.376,6104,0.08085902,0.0,0.0,0.1339599035121533,7.259055505662066E-4,true,0.1436092233839826,0.0015124999918043613
16544,DEAD_RECKONING,7.376,6104,0.08085902,0.0,0.0,0.12787748665866472,0.0012900580959283486,true,0.12326655020315569,0.002612499985843897
16650,DEAD_RECKONING,7.376,6304,0.08085902,0.0,0.0,0.13100969176178343,0.0013324916718586914,true,0.13368053867621765,0.0032798866741359234
16744,DEAD_RECKONING,7.376,6304,0.08085902,0.0,0.0,0.12770682080139514,0.001765575107604065,true,0.125113220041577,0.0025053692515939474
16857,DEAD_RECKONING,6.243,97,0.029920515,0.0,0.0,0.12658941483636357,0.0010858420378692514,true,0.12615594075886996,0.0018702022498473525
16960,DEAD_RECKONING,6.243,97,0.029920515,0.0,0.0,0.12691309206992465,0.0017994937307036557,true,0.12727926227342282,0.0026697670109570026
17067,DEAD_RECKONING,6.243,300,0.029920515,0.0,0.0,0.12857778570851808,0.0012719860740881483,true,0.1300147357146412,0.0012971723917871714
17158,DEAD_RECKONING,6.243,300,0.029920515,0.0,0.0,0.1387519298835878,9.695683153948416E-4,true,0.14684108633559292,9.120717877522111E-4
17264,DEAD_RECKONING,6.243,501,0.029920515,0.0,0.0,0.13827375918722906,0.0010267022508000886,true,0.13811208399598734,0.0012971723917871714
17352,DEAD_RECKONING,6.243,501,0.029920515,0.0,0.0,0.127983923360821,6.631535026579706E-4,true,0.12032047923601741,4.763139586430043E-4
17464,DEAD_RECKONING,6.243,701,0.029920515,0.0,0.0,0.12677977731024398,4.0813054423324537E-4,true,0.12592049990270374,9.120717877522111E-4
17556,DEAD_RECKONING,6.243,701,0.029920515,0.0,0.0,0.13302568257341488,6.642225242769081E-4,true,0.13820723184862208,9.120717877522111E-4
17663,DEAD_RECKONING,6.243,901,0.029920515,0.0,0.0,0.1363010643219105,8.000925642380892E-4,true,0.13908185627622724,9.120717877522111E-4
17753,DEAD_RECKONING,6.243,901,0.029920515,0.0,0.0,0.1377772081009012,9.315400370533112E-4,true,0.1392671974535177,0.0017715635476633906
17856,DEAD_RECKONING,6.243,1114,0.029920515,0.0,0.0,0.13528187802537348,4.3550703109477553E-4,true,0.13335677791405562,9.120717877522111E-4
17953,DEAD_RECKONING,6.243,1114,0.029920515,0.0,0.0,0.13800781418416191,4.16611183096846E-4,true,0.14050082449214168,8.80429579410702E-4
18053,DEAD_RECKONING,6.243,1114,0.029920515,0.0,0.0,0.13490238099319746,8.586778038340186E-4,true,0.13264687032032849,0.0015916775446385145
18153,DEAD_RECKONING,6.243,1315,0.029920515,0.0,0.0,0.1335613425020464,8.732655230670304E-4,true,0.13250267217241268,0.0015124999918043613
18251,DEAD_RECKONING,6.243,1315,0.029920515,0.0,0.0,0.13323808535947312,7.311336629770294E-4,true,0.13361664616198582,0.0017715635476633906
18348,DEAD_RECKONING,6.243,1514,0.029920515,0.0,0.0,0.1364719665917971,0.0012355107676135747,true,0.13994920517995485,0.0021697133779525757
18449,DEAD_RECKONING,6.243,1514,0.029920515,0.0,0.0,0.13010561676690446,0.0010093722119823045,true,0.1250625798554014,8.80429579410702E-4
18550,DEAD_RECKONING,6.243,1714,0.029920515,0.0,0.0,0.13838360075412587,4.121645411541484E-4,true,0.14564971993050715,0.0014936323277652264
18650,DEAD_RECKONING,6.243,1714,0.029920515,0.0,0.0,0.1277794303701398,6.623931633720438E-4,true,0.11968362487823934,8.80429579410702E-4
18749,DEAD_RECKONING,6.243,1914,0.029920515,0.0,0.0,0.13548031308711042,0.001194505128550464,true,0.14273564786219403,0.0017715635476633906
18850,DEAD_RECKONING,6.243,1914,0.029920515,0.0,0.0,0.1311731582026985,0.0013148829457720564,true,0.12813667690081745,0.0014936323277652264
18950,REACQUISITION,6.243,2115,0.029920515,0.0,0.0,0.1300231279329757,6.466690129469851E-4,true,0.12922659079418017,4.124999977648258E-4
19049,REACQUISITION,6.243,2115,0.029920515,0.0,0.0,0.13076799225070215,9.81374310408022E-4,true,0.13170456674182449,0.0015124999918043613
19150,REACQUISITION,6.243,2334,0.029920515,0.0,0.0,0.13103034538489117,4.7873112134118404E-4,true,0.1313142021253636,8.80429579410702E-4
19250,REACQUISITION,6.243,2334,0.029920515,0.0,0.0,0.14360099819455996,0.001316788535155256,true,0.15382301255673542,0.0025428207591176033
19352,REACQUISITION,6.243,2538,0.029920515,0.0,0.0,0.1370875660892208,7.372871045355899E-4,true,0.13196443840700012,4.124999977648258E-4
19450,REACQUISITION,6.243,2538,0.029920515,0.0,0.0,0.1383053672646333,4.136178788542792E-4,true,0.13927411269311324,0.0011748004471883178
19552,REACQUISITION,6.243,2739,0.029920515,0.0,0.0,0.1313050494880146,8.934421033344781E-4,true,0.1262092217498724,0.0014936323277652264
19652,REACQUISITION,6.243,2739,0.029920515,0.0,0.0,0.12804899972928047,0.001092710513404977,true,0.1257252783335914,0.0020988464821130037
19752,REACQUISITION,6.243,2943,0.029920515,0.0,0.0,0.12198501722177395,0.0013809706214251124,true,0.11734496239255972,0.002369632013142109
19852,REACQUISITION,6.243,2943,0.029920515,0.0,0.0,0.12320713342190893,0.001052594703508618,true,0.12476343683884814,0.0014936323277652264
19953,REACQUISITION,6.243,3143,0.029920515,0.0,0.0,0.12649071296994086,8.156693080951209E-4,true,0.13012671128943445,0.0011748004471883178
20053,REACQUISITION,6.243,3143,0.029920515,0.0,0.0,0.12015838614470782,4.5718885957535656E-4,true,0.11628611031443756,0.0012751225149258971
20166,REACQUISITION,6.243,3353,0.029920515,0.0,0.0,0.12398797883228413,0.0011860749732828606,true,0.12726008588618204,0.0017715635476633906
20264,REACQUISITION,6.243,3353,0.029920515,0.0,0.0,0.1256740934763023,0.0011944466301884993,true,0.1279695609745875,0.0012971723917871714
20366,REACQUISITION,6.243,3558,0.029920515,0.0,0.0,0.12816779053154076,5.329966219747367E-4,true,0.13182868705046027,0.0012971723917871714
20462,REACQUISITION,6.243,3558,0.029920515,0.0,0.0,0.126032543681798,0.0010334936639171176,true,0.12457679621980922,0.0015916775446385145
20561,REACQUISITION,6.243,3759,0.029920515,0.0,0.0,0.13316906937087294,2.4470370761650644E-4,true,0.1388393178392082,8.80429579410702E-4
20664,REACQUISITION,6.243,3759,0.029920515,0.0,0.0,0.13619900295259402,9.247456092070936E-4,true,0.13944729321357027,0.0015916775446385145
20760,REACQUISITION,6.243,3961,0.029920515,0.0,0.0,0.14088747007571345,0.001324733293641874,true,0.14461438813138577,0.0021434128284454346
20859,REACQUISITION,6.243,3961,0.029920515,0.0,0.0,0.13381282806547284,8.059973119824239E-4,true,0.12820044218939222,0.002304919995367527
20959,REACQUISITION,6.243,4160,0.029920515,0.0,0.0,0.1423266049836585,0.0013267838930310742,true,0.1495688310237631,0.002112315036356449
21062,REACQUISITION,6.243,4160,0.029920515,0.0,0.0,0.1407118426991191,9.748815034115444E-4,true,0.13971235844710644,0.0011748004471883178
21164,REACQUISITION,6.243,4371,0.029920515,0.0,0.0,0.1303826493029622,0.0013236414529679118,true,0.12317010599279617,0.0019493988947942853
21264,REACQUISITION,6.243,4371,0.029920515,0.0,0.0,0.12729484093072327,0.0012199951155550369,true,0.12503548900020214,0.0015124999918043613
21358,REACQUISITION,6.243,4571,0.029920515,0.0,0.0,0.1401689923536261,0.0010433120324892652,true,0.15040342868856246,0.0015124999918043613
21459,REACQUISITION,6.243,4571,0.029920515,0.0,0.0,0.1359281100079959,8.683738787503722E-4,true,0.1329972947169293,8.80429579410702E-4
21558,REACQUISITION,6.243,4772,0.029920515,0.0,0.0,0.13641877109334705,8.554140353480098E-4,true,0.1369760968094556,0.0015124999918043613
21659,REACQUISITION,6.243,4772,0.029920515,0.0,0.0,0.1390647209671442,9.226851996016858E-4,true,0.14137683463806658,0.0017715635476633906
21759,REACQUISITION,6.243,4972,0.029920515,0.0,0.0,0.13551698837754123,7.300227254182424E-4,true,0.13301496048927894,0.0012971723917871714
21861,REACQUISITION,6.243,4972,0.029920515,0.0,0.0,0.12042671214715042,6.813139122522876E-4,true,0.10857087673280977,0.0012971723917871714
21961,DEAD_RECKONING,6.243,5172,0.029920515,0.0,0.0,0.12469948122841937,7.297298052933236E-4,true,0.1282250992610216,0.001038102200254798
22060,DEAD_RECKONING,6.243,5172,0.029920515,0.0,0.0,0.1325508351403121,6.303608339089832E-4,true,0.1389016092157715,0.0011748004471883178
22161,DEAD_RECKONING,6.243,5372,0.029920515,0.0,0.0,0.13134604325663565,5.49787144426713E-4,true,0.13039524286905332,0.0012751225149258971
22260,DEAD_RECKONING,6.243,5372,0.029920515,0.0,0.0,0.13117098112017203,0.0014446065036019386,true,0.13127197021267123,0.002292583230882883
22360,DEAD_RECKONING,6.243,5573,0.029920515,0.0,0.0,0.1349394808030003,6.08663402567487E-4,true,0.1384941805078799,0.0012971723917871714
22459,DEAD_RECKONING,6.243,5573,0.029920515,0.0,0.0,0.13517223629078917,1.9802171673064802E-4,true,0.13544994740628902,4.124999977648258E-4
22560,DEAD_RECKONING,6.243,5783,0.029920515,0.0,0.0,0.13577418941323338,6.777506567802865E-4,true,0.13630343616585955,0.0012971723917871714
22660,DEAD_RECKONING,6.243,5783,0.029920515,0.0,0.0,0.13033575708405334,4.8483487786180843E-4,true,0.12608874015508711,4.124999977648258E-4
22760,DEAD_RECKONING,6.243,5986,0.029920515,0.0,0.0,0.13783152957090233,0.0020033920923397115,true,0.14449035341769023,0.0033085825853049755
22859,DEAD_RECKONING,6.243,5986,0.029920515,0.0,0.0,0.1395540614380161,0.0015343966100677471,true,0.14100039015042232,0.0012751225149258971
22960,DEAD_RECKONING,6.243,6187,0.029920515,0.0,0.0,0.1318573546732279,0.0018100332112876202,true,0.1259512162403358,0.0023576337844133377
23061,DEAD_RECKONING,6.243,6187,0.029920515,0.0,0.0,0.13331071067351885,0.001504276930461537,true,0.13455349025270838,0.0012751225149258971
23161,DEAD_RECKONING,6.108,72,0.0071873576,0.0,0.0,0.1323819689822444,0.0010788817352285743,true,0.13221277223661018,0.0028874999843537807
23261,DEAD_RECKONING,6.108,72,0.0071873576,0.0,0.0,0.13933525914758435,7.25463073505009E-4,true,0.1455559699517965,0.0017715635476633906
23365,DEAD_RECKONING,6.108,282,0.0071873576,0.0,0.0,0.13785063837180878,9.544813556883256E-4,true,0.13692875870974988,0.0012751225149258971
23470,DEAD_RECKONING,6.108,282,0.0071873576,0.0,0.0,0.13261888063474955,2.765208444214195E-4,true,0.12865435832565283,8.80429579410702E-4
23571,DEAD_RECKONING,6.108,483,0.0071873576,0.0,0.0,0.12814863103148472,7.963101901860604E-4,true,0.12555850145402006,0.0012751225149258971
23674,DEAD_RECKONING,6.108,483,0.0071873576,0.0,0.0,0.13137918996017192,8.012599298300485E-4,true,0.13467892177713625,0.0015124999918043613
23771,DEAD_RECKONING,6.108,684,0.0071873576,0.0,0.0,0.12996772672690954,0.001023675187742386,true,0.12892863311639632,0.0014936323277652264
23873,DEAD_RECKONING,6.108,684,0.0071873576,0.0,0.0,0.13216037112475396,9.949960037599266E-4,true,0.13399286205753816,0.0019347964553162456
23963,DEAD_RECKONING,6.108,883,0.0071873576,0.0,0.0,0.12850968353859402,0.0012438665368585974,true,0.12582867786762572,0.0015124999918043613
24071,DEAD_RECKONING,6.108,883,0.0071873576,0.0,0.0,0.12387880060230137,7.823582918135197E-4,true,0.12055041301881812,0.0014936323277652264
24168,DEAD_RECKONING,6.108,1084,0.0071873576,0.0,0.0,0.12725688999468854,3.8784126484050943E-4,true,0.1300127785158905,0.0012971723917871714
24270,DEAD_RECKONING,6.108,1084,0.0071873576,0.0,0.0,0.12817220140753507,5.974105926753367E-4,true,0.13060146263794817,8.80429579410702E-4
24366,DEAD_RECKONING,6.108,1285,0.0071873576,0.0,0.0,0.12321753102406807,9.863773014505718E-4,true,0.11953482352302162,0.0015124999918043613
24469,DEAD_RECKONING,6.108,1285,0.0071873576,0.0,0.0,0.12610596772925098,7.94434761451693E-4,true,0.12846735218410463,8.80429579410702E-4
24573,DEAD_RECKONING,6.108,1485,0.0071873576,0.0,0.0,0.1296129085906252,0.0014778808023603782,true,0.13318842537508457,0.002250971971079707
24672,DEAD_RECKONING,6.108,1485,0.0071873576,0.0,0.0,0.12780145780560567,0.0013265125487044878,true,0.12757101837308785,0.0012971723917871714
24771,DEAD_RECKONING,6.108,1696,0.0071873576,0.0,0.0,0.1227258904881886,4.5672745486275335E-4,true,0.11877227736860843,4.124999977648258E-4
24866,DEAD_RECKONING,6.108,1696,0.0071873576,0.0,0.0,0.12334953493967517,4.1802833077245264E-4,true,0.12448881143835523,8.80429579410702E-4
24977,DEAD_RECKONING,6.108,1897,0.0071873576,0.0,0.0,0.12503194942530732,6.73440148876467E-4,true,0.12681768414245143,0.0012971723917871714
25065,DEAD_RECKONING,6.108,1897,0.0071873576,0.0,0.0,0.1287130036919169,4.547430147766135E-4,true,0.13178660938503664,4.124999977648258E-4
25179,REACQUISITION,6.108,2098,0.0071873576,0.0,0.0,0.12707791672718843,9.139531354922734E-4,true,0.1259506335288771,0.0017715635476633906
25267,REACQUISITION,6.108,2098,0.0071873576,0.0,0.0,0.1237128844235227,6.370189587335661E-4,true,0.1215468689410734,0.0011748004471883178
25368,REACQUISITION,6.108,2310,0.0071873576,0.0,0.0,0.13469519460557208,8.974616267093228E-4,true,0.14364957192037595,0.0011748004471883178
25470,REACQUISITION,6.108,2310,0.0071873576,0.0,0.0,0.13048702833302175,5.010023374684129E-4,true,0.12748109688214987,0.0012751225149258971
25568,REACQUISITION,6.108,2511,0.0071873576,0.0,0.0,0.13061806243660146,6.162363432010851E-4,true,0.13198276153038782,8.476069197058678E-4
25668,REACQUISITION,6.108,2511,0.0071873576,0.0,0.0,0.1314908684119279,9.511379598015724E-4,true,0.13234150742419498,0.0015916775446385145
25768,REACQUISITION,6.108,2511,0.0071873576,0.0,0.0,0.13027151573551105,0.0011345027550570758,true,0.1293054607898381,0.0016840242315083742
25868,REACQUISITION,6.108,2714,0.0071873576,0.0,0.0,0.12873139333388153,0.0013627795375916899,true,0.12815003713595796,0.003144514048472047
25973,REACQUISITION,6.108,2714,0.0071873576,0.0,0.0,0.12993240810787945,9.856302381644946E-4,true,0.1313833155461019,0.0015916775446385145
26069,REACQUISITION,6.108,2919,0.0071873576,0.0,0.0,0.12238175601851692,8.280433440400956E-4,true,0.11696769643382306,0.001010414562188089
26169,REACQUISITION,6.108,2919,0.0071873576,0.0,0.0,0.12541408838166312,4.848528667782527E-4,true,0.12793582291611202,0.0012751225149258971
26270,REACQUISITION,6.108,3134,0.0071873576,0.0,0.0,0.1276162797865893,5.771525397515776E-4,true,0.12962604122312066,0.0012751225149258971
26378,REACQUISITION,6.108,3134,0.0071873576,0.0,0.0,0.12956412518845675,7.473924464140172E-4,true,0.1313284544277542,0.0016840242315083742
26479,REACQUISITION,6.108,3349,0.0071873576,0.0,0.0,0.12209923355141483,6.435917834941735E-4,true,0.1166785899553594,0.0012751225149258971
26580,REACQUISITION,6.108,3349,0.0071873576,0.0,0.0,0.12358774913652455,4.566199249971576E-4,true,0.12503169883666748,3.3680483466014266E-4
26680,REACQUISITION,6.108,3549,0.0071873576,0.0,0.0,0.12482541788379767,0.0010087398715083978,true,0.1264315431638835,0.0016840242315083742
26782,REACQUISITION,6.108,3549,0.0071873576,0.0,0.0,0.12911708908018732,6.140410314588715E-4,true,0.13317758794910378,0.0017980458214879036
26880,REACQUISITION,6.108,3756,0.0071873576,0.0,0.0,0.13151472524570273,0.0010390719364445715,true,0.13385522761203542,0.0014936323277652264
26982,REACQUISITION,6.108,3756,0.0071873576,0.0,0.0,0.12410866703965669,0.0011178120822636888,true,0.11826431534664082,0.0018549764063209295
27082,REACQUISITION,6.108,3961,0.0071873576,0.0,0.0,0.13171299569876163,0.0012720895112057656,true,0.13776281708767127,0.0017715635476633906
27182,REACQUISITION,6.108,3961,0.0071873576,0.0,0.0,0.1300913697915758,0.0016990413330712716,true,0.1293158001391297,0.002501593204215169
27278,REACQUISITION,6.108,4167,0.0071873576,0.0,0.0,0.1269637664872496,0.0015325177517677433,true,0.12464299227941567,0.002304919995367527
27379,REACQUISITION,6.108,4167,0.0071873576,0.0,0.0,0.13078270322816787,0.0012669641332429145,true,0.1344021665517441,0.0017715635476633906
27478,REACQUISITION,6.108,4372,0.0071873576,0.0,0.0,0.1311853601945237,6.605517419351569E-4,true,0.13158926676586935,0.002085290616378188
27582,REACQUISITION,6.108,4372,0.0071873576,0.0,0.0,0.13896091437330177,5.307706442040087E-4,true,0.1452656473627823,0.001010414562188089
27676,REACQUISITION,6.108,4573,0.0071873576,0.0,0.0,0.13003014134967555,8.169560105217028E-4,true,0.12346999327812723,0.0012751225149258971
27779,REACQUISITION,6.108,4573,0.0071873576,0.0,0.0,0.1289093669243954,7.296200422191759E-4,true,0.1282689672744618,0.0012751225149258971
27876,REACQUISITION,6.108,4773,0.0071873576,0.0,0.0,0.13083601573633583,4.1030082247524866E-4,true,0.1327408951184705,3.3680483466014266E-4
27975,REACQUISITION,6.108,4773,0.0071873576,0.0,0.0,0.12255367645862848,4.676069294110984E-4,true,0.11639798989475084,8.476069197058678E-4
28076,REACQUISITION,6.108,4974,0.0071873576,0.0,0.0,0.12879312405021429,8.339302113620054E-4,true,0.13397461561611956,0.0012751225149258971
28176,REACQUISITION,6.108,4974,0.0071873576,0.0,0.0,0.13099832398497085,0.0020882331007830985,true,0.1329896791639265,0.0031922513153403997
28278,DEAD_RECKONING,6.108,5174,0.0071873576,0.0,0.0,0.1366313042220538,0.002160490810567811,true,0.1415344791583619,0.00224676844663918
28377,DEAD_RECKONING,6.108,5174,0.0071873576,0.0,0.0,0.1377828795055424,0.0013578296359454736,true,0.13873795241620673,0.0014936323277652264
28475,DEAD_RECKONING,6.108,5374,0.0071873576,0.0,0.0,0.12640958851572762,0.001331409604262429,true,0.1180940678249049,0.0014936323277652264
28576,DEAD_RECKONING,6.108,5374,0.0071873576,0.0,0.0,0.1360097120050778,0.001151104702792063,true,0.143669887270958,0.0021697133779525757
28677,DEAD_RECKONING,6.108,5584,0.0071873576,0.0,0.0,0.13391843080055246,7.5528282557033E-4,true,0.13262543862037343,0.0013886819360777736
28775,DEAD_RECKONING,6.108,5584,0.0071873576,0.0,0.0,0.1288853878906473,6.731534020236478E-4,true,0.12562775375111787,0.0012751225149258971
28876,DEAD_RECKONING,6.108,5784,0.0071873576,0.0,0.0,0.12927141893715322,6.840421948604429E-4,true,0.12989187222356424,0.0013886819360777736
28976,DEAD_RECKONING,6.108,5784,0.0071873576,0.0,0.0,0.1234653967003171,5.625603815942738E-4,true,0.11933025056137744,0.0012751225149258971
29082,DEAD_RECKONING,6.108,5984,0.0071873576,0.0,0.0,0.1260913994436224,9.616163984480022E-4,true,0.12833754620523832,0.0016840242315083742
29195,DEAD_RECKONING,6.108,5984,0.0071873576,0.0,0.0,0.1357668272011174,7.582059683140803E-4,true,0.14374010205967405,0.001010414562188089
29289,DEAD_RECKONING,6.108,6202,0.0071873576,0.0,0.0,0.12969585169822412,8.980737464739513E-4,true,0.1251698123459178,0.0017715635476633906
29387,DEAD_RECKONING,6.108,6202,0.0071873576,0.0,0.0,0.1285851981446195,4.6865002367561776E-4,true,0.12792770495467126,0.0012751225149258971
29488,DEAD_RECKONING,5.589,73,0.046671942,0.0,0.0,0.12572794124596304,9.497257351519386E-4,true,0.1242168566371675,0.0019493988947942853
29588,DEAD_RECKONING,5.589,73,0.046671942,0.0,0.0,0.12952524521073988,0.0010136689004871659,true,0.13291620404892074,0.0016840242315083742
29687,DEAD_RECKONING,5.589,274,0.046671942,0.0,0.0,0.12472369016124044,4.670245968893763E-4,true,0.12095606279016881,0.0014936323277652264
29790,DEAD_RECKONING,5.589,274,0.046671942,0.0,0.0,0.1308639656641506,2.957887347176739E-4,true,0.1362027747698092,3.3680483466014266E-4
29887,DEAD_RECKONING,5.589,474,0.046671942,0.0,0.0,0.12385077341675872,7.625387669201148E-4,true,0.11841914982249384,0.0012751225149258971
29989,DEAD_RECKONING,5.589,474,0.046671942,0.0,0.0,0.12666918542599087,4.874287370143225E-4,true,0.12946906544175535,3.3680483466014266E-4
30085,DEAD_RECKONING,5.589,674,0.046671942,0.0,0.0,0.12406747734113148,0.0015990352244156245,true,0.12320254334160885,0.002655565971508622
30190,DEAD_RECKONING,5.589,674,0.046671942,0.0,0.0,0.13228485115495334,9.100819949157314E-4,true,0.13884467780784127,0.0012751225149258971
30285,DEAD_RECKONING,5.589,875,0.046671942,0.0,0.0,0.13338077134479184,0.001320684897299849,true,0.135375105986191,0.0017980458214879036
30386,DEAD_RECKONING,5.589,875,0.046671942,0.0,0.0,0.12289965486805303,8.392802505861838E-4,true,0.11479213926198256,0.0012751225149258971
30499,DEAD_RECKONING,5.589,1084,0.046671942,0.0,0.0,0.12551560881008975,0.0012745903384053776,true,0.12789899171390695,0.00224676844663918
30586,DEAD_RECKONING,5.589,1084,0.046671942,0.0,0.0,0.1316656410497766,9.87790994924909E-4,true,0.136853279380013,8.476069197058678E-4
30689,DEAD_RECKONING,5.589,1284,0.046671942,0.0,0.0,0.13424824351989523,0.0011010522027860264,true,0.1366405843823029,0.0014936323277652264
30784,DEAD_RECKONING,5.589,1284,0.046671942,0.0,0.0,0.13421356178112345,7.2428236046692E-4,true,0.13436116278959745,0.0016840242315083742
30891,DEAD_RECKONING,5.589,1484,0.046671942,0.0,0.0,0.13951315336222783,0.0011523357147749337,true,0.14387278808175039,0.0020348140969872475
30987,DEAD_RECKONING,5.589,1484,0.046671942,0.0,0.0,0.13139186311428436,0.0014011827929778797,true,0.12497871387490897,0.0017980458214879036
31098,DEAD_RECKONING,5.589,1686,0.046671942,0.0,0.0,0.14043821198338588,0.001664770238461414,true,0.14818879990116016,0.0020348140969872475
31188,DEAD_RECKONING,5.589,1686,0.046671942,0.0,0.0,0.13138674581677154,0.0012673527951417981,true,0.12444910425863305,0.0014936323277652264
31297,DEAD_RECKONING,5.589,1887,0.046671942,0.0,0.0,0.13056792804544134,9.81483329049058E-4,true,0.13016189715110407,0.0012751225149258971
31383,DEAD_RECKONING,5.589,1887,0.046671942,0.0,0.0,0.12783944110525097,7.926849203726555E-4,true,0.1262201047776695,8.476069197058678E-4
31492,REACQUISITION,5.589,2087,0.046671942,0.0,0.0,0.12164912350540279,5.748526948017785E-4,true,0.1175394233934507,0.001010414562188089
31582,REACQUISITION,5.589,2087,0.046671942,0.0,0.0,0.12358272227872598,0.001524450153444126,true,0.1252276914604718,0.002655565971508622
31682,REACQUISITION,5.589,2295,0.046671942,0.0,0.0,0.1369408456752208,0.0018070683944518022,true,0.14761546315961652,0.0023775973822921515
31785,REACQUISITION,5.589,2295,0.046671942,0.0,0.0,0.13032919962759626,9.312479415430996E-4,true,0.12542817581728635,0.0012751225149258971
31883,REACQUISITION,5.589,2295,0.046671942,0.0,0.0,0.13421748575902032,0.0014666125836733876,true,0.13739944038992125,0.0031863232143223286
31983,REACQUISITION,5.589,2500,0.046671942,0.0,0.0,0.1337828261461056,0.0011520822657466248,true,0.13362056765466065,0.0017980458214879036
32085,REACQUISITION,5.589,2500,0.046671942,0.0,0.0,0.11928658723621142,7.549402758895664E-4,true,0.10828338658090321,0.0012751225149258971
32185,REACQUISITION,5.589,2703,0.046671942,0.0,0.0,0.11882914132153341,0.0011741019855622955,true,0.11888484943720852,0.0021697133779525757
32286,REACQUISITION,5.589,2703,0.046671942,0.0,0.0,0.12610524682972574,0.0012790606112904437,true,0.1321671277213249,0.0017715635476633906
32386,REACQUISITION,5.589,2903,0.046671942,0.0,0.0,0.12564197295584462,0.0010380363112623163,true,0.12527765254844084,0.0013886819360777736
32485,REACQUISITION,5.589,2903,0.046671942,0.0,0.0,0.12850271604230887,6.329206017051917E-4,true,0.13136537693907613,0.0017715635476633906
32586,REACQUISITION,5.589,3123,0.046671942,0.0,0.0,0.13398039346187468,0.0010547097769641094,true,0.1387280506959138,0.0015916775446385145
32686,REACQUISITION,5.589,3123,0.046671942,0.0,0.0,0.13293143161870002,8.214800409692236E-4,true,0.13235643923033538,0.0015916775446385145
32785,REACQUISITION,5.589,3332,0.046671942,0.0,0.0,0.12910379485262405,0.0010596518810271737,true,0.12607435093672767,0.0012751225149258971
32894,REACQUISITION,5.589,3332,0.046671942,0.0,0.0,0.1318135773935679,0.0010634952204621288,true,0.13424195027864086,0.0013886819360777736
32993,REACQUISITION,5.589,3532,0.046671942,0.0,0.0,0.13912025008428877,0.00122034881050083,true,0.14498558374374934,0.0013886819360777736
33087,REACQUISITION,5.589,3532,0.046671942,0.0,0.0,0.14015543088352403,5.552312064910117E-4,true,0.14124518604533184,6.149186519905925E-4
33193,REACQUISITION,5.589,3733,0.046671942,0.0,0.0,0.13281764542212643,6.14854004220303E-4,true,0.12782919808692536,9.915265254676342E-4
33295,REACQUISITION,5.589,3733,0.046671942,0.0,0.0,0.13223303112237872,6.089578731186154E-4,true,0.13215115442705236,0.0011421607341617346
33398,REACQUISITION,5.589,3933,0.046671942,0.0,0.0,0.12662921917312128,7.901320329975111E-4,true,0.12281103247859816,0.0016727596521377563
33500,REACQUISITION,5.589,3933,0.046671942,0.0,0.0,0.12202266335163861,6.263910526408625E-4,true,0.11840865172754747,0.0016727596521377563
33598,REACQUISITION,5.589,4146,0.046671942,0.0,0.0,0.12856917707716692,6.235265429555091E-4,true,0.13381971812779345,0.0012602083152160048
33694,REACQUISITION,5.589,4146,0.046671942,0.0,0.0,0.13321192717450267,9.489551590654996E-4,true,0.13709475605142996,0.0012602083152160048
33795,REACQUISITION,5.589,4347,0.046671942,0.0,0.0,0.13352686079280213,0.0011400775258334343,true,0.13394008188877618,0.0014809202402830124
33895,REACQUISITION,5.589,4347,0.046671942,0.0,0.0,0.13335220213721852,8.514113916041271E-4,true,0.1332488797469738,0.0016727596521377563
33994,REACQUISITION,5.589,4548,0.046671942,0.0,0.0,0.13683717734762638,8.029959014533542E-4,true,0.13964240097549083,9.915265254676342E-4
34096,REACQUISITION,5.589,4548,0.046671942,0.0,0.0,0.1251717214789548,8.021886398761478E-4,true,0.1159416195763609,0.0013818579027429223
34191,REACQUISITION,5.589,4761,0.046671942,0.0,0.0,0.13455363485147653,9.394800276463135E-4,true,0.14234883293187459,0.0016727596521377563
34292,REACQUISITION,5.589,4761,0.046671942,0.0,0.0,0.130508609504495,6.384804318914546E-4,true,0.1276087319209619,0.0011421607341617346
34395,REACQUISITION,5.589,4961,0.046671942,0.0,0.0,0.13687946781623592,6.410872333373346E-4,true,0.14238409590239884,0.0014809202402830124
34494,REACQUISITION,5.589,4961,0.046671942,0.0,0.0,0.13505685873511572,6.798694410315594E-4,true,0.13387196304498902,9.915265254676342E-4
34592,DEAD_RECKONING,5.589,5162,0.046671942,0.0,0.0,0.1324882285321325,7.858179786641044E-4,true,0.1306394536960363,9.915265254676342E-4
34695,DEAD_RECKONING,5.589,5162,0.046671942,0.0,0.0,0.13558405900874304,5.735713300850947E-4,true,0.1384858403859472,0.0011421607341617346
34792,DEAD_RECKONING,5.589,5363,0.046671942,0.0,0.0,0.1330801091020554,0.0016516782753153757,true,0.13149755119123963,0.0027396681252866983
34892,DEAD_RECKONING,5.589,5363,0.046671942,0.0,0.0,0.1317483842292262,3.991423549037973E-4,true,0.13078850884848633,6.149186519905925E-4
34997,DEAD_RECKONING,5.589,5572,0.046671942,0.0,0.0,0.13413530730555992,0.0012955372126463517,true,0.13669549293032124,0.002626933855935931
35091,DEAD_RECKONING,5.589,5572,0.046671942,0.0,0.0,0.1334609710211183,5.379590007273527E-4,true,0.13315628016098005,0.0018447560723870993
35195,DEAD_RECKONING,5.589,5773,0.046671942,0.0,0.0,0.13347478125999687,0.0013025952559548343,true,0.1337059760428861,0.002284321468323469
35293,DEAD_RECKONING,5.589,5773,0.046671942,0.0,0.0,0.12276756193713771,9.070591109772511E-4,true,0.11430213189529281,0.0016727596521377563
35392,DEAD_RECKONING,5.589,5973,0.046671942,0.0,0.0,0.12535452722403462,7.76831636906896E-4,true,0.12745166356590595,9.915265254676342E-4
35495,DEAD_RECKONING,5.589,5973,0.046671942,0.0,0.0,0.11967363644995145,9.601445241565665E-4,true,0.11557366401948631,0.0014809202402830124
35596,DEAD_RECKONING,5.589,6174,0.046671942,0.0,0.0,0.1303745999030513,3.8731031353990924E-4,true,0.1415952634203178,0.0011421607341617346
35693,DEAD_RECKONING,5.589,6174,0.046671942,0.0,0.0,0.1354851981044604,0.0017094905077755542,true,0.13973845185956243,0.0027671342249959707
35793,DEAD_RECKONING,5.589,6375,0.046671942,0.0,0.0,0.17063161574117444,0.0010355636070044445,true,0.226607331247132,0.0014809202402830124
35895,DEAD_RECKONING,5.589,6375,0.046671942,0.0,0.0,0.14408330633333924,0.0023784304473593704,true,0.13310384373724382,0.0036715331953018904
35995,DEAD_RECKONING,5.595,209,0.0037545566,0.0,0.0,0.1325599705667756,0.0014355420737011482,true,0.12458804732090939,0.0013818579027429223
36106,DEAD_RECKONING,5.595,209,0.0037545566,0.0,0.0,0.1288108181814924,0.004431810537197684,true,0.12659056861596418,0.007034035865217447
36199,DEAD_RECKONING,5.595,419,0.0037545566,0.0,0.0,0.13358409861469606,0.0017591527405102548,true,0.14023086971584786,0.00624982500448823
36306,DEAD_RECKONING,5.595,419,0.0037545566,0.0,0.0,0.13405307173725925,0.0016656832992346252,true,0.13448511677031552,0.003502878127619624
36399,DEAD_RECKONING,5.595,622,0.0037545566,0.0,0.0,0.1347114324258409,0.0012877300412014675,true,0.13579210864651658,9.915265254676342E-4
36506,DEAD_RECKONING,5.595,622,0.0037545566,0.0,0.0,0.13326978202327106,0.004670085698098479,true,0.13216218439785596,0.007483335677534342
36603,DEAD_RECKONING,5.595,822,0.0037545566,0.0,0.0,0.139371107842891,0.0028952970456222788,true,0.14795621954207525,0.0018447560723870993
36709,DEAD_RECKONING,5.595,822,0.0037545566,0.0,0.0,0.15473661001707564,0.006204304694931951,true,0.1674150586004748,0.009431538172066212
36803,DEAD_RECKONING,5.595,1022,0.0037545566,0.0,0.0,0.1382233901551585,0.00311769640713867,true,0.12980042746136614,0.0020807525143027306
36907,DEAD_RECKONING,5.595,1022,0.0037545566,0.0,0.0,0.13630831019847744,0.0017710576203587994,true,0.1369461641868113,0.0013818579027429223
37004,DEAD_RECKONING,5.595,1222,0.0037545566,0.0,0.0,0.1380598909174649,9.559441915523601E-4,true,0.1398307310701901,0.0011421607341617346
37106,DEAD_RECKONING,5.595,1222,0.0037545566,0.0,0.0,0.1329873890062507,8.446467931102878E-4,true,0.13169050414869998,0.0011421607341617346
37202,DEAD_RECKONING,5.595,1422,0.0037545566,0.0,0.0,0.13066524548006278,0.0010729089710000723,true,0.12895774058481455,0.0024131149984896183
37301,DEAD_RECKONING,5.595,1422,0.0037545566,0.0,0.0,0.13137642720151632,0.0017047352309168232,true,0.1361209658954595,0.002284321468323469
37401,DEAD_RECKONING,5.595,1622,0.0037545566,0.0,0.0,0.13425284752635205,0.0032980324373129166,true,0.1365548706309034,0.00458722747862339
37505,DEAD_RECKONING,5.595,1622,0.0037545566,0.0,0.0,0.12913616626065894,0.0014330105166071455,true,0.12737689064399105,0.0018447560723870993
37606,DEAD_RECKONING,5.595,1822,0.0037545566,0.0,0.0,0.1350341116329656,6.235979967397953E-4,true,0.13978050719299098,0.0017662195023149252
37702,DEAD_RECKONING,5.595,1822,0.0037545566,0.0,0.0,0.1357261559410705,4.7797589097478267E-4,true,0.14163921567706197,9.915265254676342E-4
37807,DEAD_RECKONING,5.595,2028,0.0037545566,0.0,0.0,0.12940282125498537,0.0019964200909856748,true,0.1303254580871557,0.003527082735672593
37898,DEAD_RECKONING,5.595,2028,0.0037545566,0.0,0.0,0.13972082940894823,0.003111151604559377,true,0.15515303177398534,0.004570711869746447
38018,REACQUISITION,5.595,2232,0.0037545566,0.0,0.0,0.1343777070347358,0.0012370518519864207,true,0.1334398273577022,0.0013818579027429223
38103,REACQUISITION,5.595,2232,0.0037545566,0.0,0.0,0.13884461537936876,0.0013989641776890442,true,0.14319518720888258,0.0020807525143027306
38206,REACQUISITION,5.595,2435,0.0037545566,0.0,0.0,0.13915445973705423,3.1367253656119795E-4,true,0.14005951145185533,0.0012602083152160048
38303,REACQUISITION,5.595,2435,0.0037545566,0.0,0.0,0.13341083233945986,0.0015013466525329493,true,0.13234844373699048,0.0027637158054858446
38403,REACQUISITION,5.595,2635,0.0037545566,0.0,0.0,0.12521632727153492,0.001108168786830838,true,0.12018957710637396,0.0018447560723870993
38501,REACQUISITION,5.595,2635,0.0037545566,0.0,0.0,0.12480470786003116,3.949863012003162E-4,true,0.12533069058424035,0.0014809203566983342
38608,REACQUISITION,5.595,2836,0.0037545566,0.0,0.0,0.13319118244440806,0.0011615088666600095,true,0.14098376050008715,0.0020020301453769207
38703,REACQUISITION,5.595,2836,0.0037545566,0.0,0.0,0.13536165156147237,8.068671333137157E-4,true,0.13731701307548905,0.0013818579027429223
38801,REACQUISITION,5.595,3048,0.0037545566,0.0,0.0,0.13261895218176578,5.081414859900375E-4,true,0.13100158808790777,0.0012602083152160048
38903,REACQUISITION,5.595,3048,0.0037545566,0.0,0.0,0.1320605237506647,6.318155623788414E-4,true,0.13183716870966397,0.0013818579027429223
39002,REACQUISITION,5.595,3249,0.0037545566,0.0,0.0,0.1297777449070319,8.078043720568241E-4,true,0.12949925602808565,9.915265254676342E-4
39104,REACQUISITION,5.595,3249,0.0037545566,0.0,0.0,0.1251083313656771,0.0014176385768894042,true,0.12414768984331467,0.002655565971508622
39203,REACQUISITION,5.595,3449,0.0037545566,0.0,0.0,0.12894535735641466,0.0018636195328421933,true,0.13223874906763047,0.0027671342249959707
39304,REACQUISITION,5.595,3449,0.0037545566,0.0,0.0,0.1356914797009522,0.0019319754638461323,true,0.14281597246276348,0.0031384958419948816
39426,REACQUISITION,5.595,3651,0.0037545566,0.0,0.0,0.13157041796423932,0.001486935260146031,true,0.12945022389239838,0.0021522154565900564
39504,REACQUISITION,5.595,3651,0.0037545566,0.0,0.0,0.1408703484222154,0.0012960706898288267,true,0.1497189556226894,0.0017662195023149252
39618,REACQUISITION,5.595,3863,0.0037545566,0.0,0.0,0.13931557960402088,6.002747907560238E-4,true,0.1393796618860189,6.149186519905925E-4
39711,REACQUISITION,5.595,3863,0.0037545566,0.0,0.0,0.13393463534204736,0.001024384282105673,true,0.13041558489140218,0.002147818449884653
39816,REACQUISITION,5.595,3863,0.0037545566,0.0,0.0,0.14146465023169486,6.978086879265039E-4,true,0.14756125649485421,0.0013818579027429223
39914,REACQUISITION,5.595,4066,0.0037545566,0.0,0.0,0.1420536537645216,0.001827402630929394,true,0.14308463179978081,0.003611829364672303
40013,REACQUISITION,5.595,4066,0.0037545566,0.0,0.0,0.13634129623984567,8.69265843655247E-4,true,0.1328076615025163,0.002147818449884653
40114,REACQUISITION,5.595,4282,0.0037545566,0.0,0.0,0.13855491069065734,9.740873065009871E-4,true,0.14038285705048403,0.0017662195023149252
40212,REACQUISITION,5.595,4282,0.0037545566,0.0,0.0,0.13940189760658764,6.440311020009265E-4,true,0.14025664195825263,6.149186519905925E-4
40309,REACQUISITION,5.595,4490,0.0037545566,0.0,0.0,0.13879539441695712,2.921398503609912E-4,true,0.13834601482855294,9.915265254676342E-4
40410,REACQUISITION,5.595,4490,0.0037545566,0.0,0.0,0.1396856636290891,6.777351374566206E-4,true,0.14039315592086835,9.915265254676342E-4
40511,REACQUISITION,5.595,4699,0.0037545566,0.0,0.0,0.13445588785171325,8.041815489942726E-4,true,0.13040477723730937,0.0018447560723870993
40612,REACQUISITION,5.595,4699,0.0037545566,0.0,0.0,0.12661212371739655,5.230056347254989E-4,true,0.12043518756841814,0.0010826761135831475
40715,REACQUISITION,5.595,4908,0.0037545566,0.0,0.0,0.12215291923988822,2.4499260932463423E-4,true,0.11877060735247681,4.5603589387610555E-4
40807,REACQUISITION,5.595,4908,0.0037545566,0.0,0.0,0.1364613193827745,5.161168203638722E-4,true,0.14820720464189469,0.0010561575181782246
40911,DEAD_RECKONING,5.595,5108,0.0037545566,0.0,0.0,0.1321115752807837,0.0010819705041074507,true,0.1286701226136821,0.001621101051568985
41011,DEAD_RECKONING,5.595,5108,0.0037545566,0.0,0.0,0.1375294051254154,9.520240977116237E-4,true,0.14222419951707455,0.001333111897110939
41110,DEAD_RECKONING,5.595,5309,0.0037545566,0.0,0.0,0.1283053494424612,0.0011311342235214435,true,0.12130282019437906,0.0017118612304329872
41208,DEAD_RECKONING,5.595,5309,0.0037545566,0.0,0.0,0.12817303169267344,8.334256984058308E-4,true,0.1288732757093239,0.0022551678121089935
41310,DEAD_RECKONING,5.595,5510,0.0037545566,0.0,0.0,0.13741818018896879,9.789643950024055E-4,true,0.14478029498978867,0.001959073357284069
41410,DEAD_RECKONING,5.595,5510,0.0037545566,0.0,0.0,0.1275951657035727,6.859051745825273E-4,true,0.12029813407601675,4.5603589387610555E-4
41510,DEAD_RECKONING,5.595,5711,0.0037545566,0.0,0.0,0.1259125672359192,8.674828989962472E-4,true,0.12501550202185632,0.0011828197166323662
41611,DEAD_RECKONING,5.595,5711,0.0037545566,0.0,0.0,0.12613849166991062,4.3774877391550564E-4,true,0.12665236127492963,7.144709234125912E-4
41710,DEAD_RECKONING,5.595,5912,0.0037545566,0.0,0.0,0.1291133841745943,8.236201785082474E-4,true,0.13202670513104886,0.0015249487478286028
41811,DEAD_RECKONING,5.595,5912,0.0037545566,0.0,0.0,0.12445412507158976,7.196807894843019E-4,true,0.12108088162275044,9.325703140348196E-4
41913,DEAD_RECKONING,5.595,6123,0.0037545566,0.0,0.0,0.1255394789543931,0.0016435967184406403,true,0.12679568191876767,0.002482627285644412
42012,DEAD_RECKONING,5.595,6123,0.0037545566,0.0,0.0,0.1284371803130648,0.0011604593734569715,true,0.13107782249327002,0.0013116664486005902
42110,DEAD_RECKONING,5.595,6324,0.0037545566,0.0,0.0,0.13481637959338807,6.889912718070575E-4,true,0.14001472495399706,9.325703140348196E-4
42211,DEAD_RECKONING,5.595,6324,0.0037545566,0.0,0.0,0.13387682295212083,8.517177906928352E-4,true,0.1332143305843424,0.0011828197166323662
42311,DEAD_RECKONING,5.036,228,0.020813378,0.0,0.0,0.13084058929518858,5.401847152888801E-4,true,0.12875476147043408,0.0014421121450141072
42412,DEAD_RECKONING,5.036,228,0.020813378,0.0,0.0,0.1294277969870401,9.354792098407281E-4,true,0.1286916921131763,0.0018752499017864466
42511,DEAD_RECKONING,5.036,428,0.020813378,0.0,0.0,0.12887857658996102,0.0010154454627561461,true,0.12881892228547587,0.0011828197166323662
42612,DEAD_RECKONING,5.036,428,0.020813378,0.0,0.0,0.12709660838577652,0.0010902386075952635,true,0.12578175705233813,0.0015372966881841421
42725,DEAD_RECKONING,5.036,629,0.020813378,0.0,0.0,0.1373418700136966,7.995828133965206E-4,true,0.14548406802472452,0.0014421121450141072
42819,DEAD_RECKONING,5.036,629,0.020813378,0.0,0.0,0.1303333408840363,4.0092087888788107E-4,true,0.12488790409175565,0.0013116664486005902
42917,DEAD_RECKONING,5.036,838,0.020813378,0.0,0.0,0.1363451968334509,6.432479563251851E-4,true,0.141245829495754,0.001333111897110939
43023,DEAD_RECKONING,5.036,838,0.020813378,0.0,0.0,0.1294634032072442,3.753803586060606E-4,true,0.12436138603425946,4.5603589387610555E-4
43116,DEAD_RECKONING,5.036,1041,0.020813378,0.0,0.0,0.12613979565826236,0.0010084018613758412,true,0.12379555644481934,0.0021033454686403275
43221,DEAD_RECKONING,5.036,1041,0.020813378,0.0,0.0,0.13200125354902023,0.001473419365821413,true,0.13676012200145793,0.0019734962843358517
43319,DEAD_RECKONING,5.036,1243,0.020813378,0.0,0.0,0.13102965494721053,0.0014185406164232376,true,0.13410945100272859,0.0021784096024930477
43424,DEAD_RECKONING,5.036,1243,0.020813378,0.0,0.0,0.1312756716964683,0.0026265665507711933,true,0.13310995515983598,0.004751216620206833
43522,DEAD_RECKONING,5.036,1444,0.020813378,0.0,0.0,0.1303416833601478,0.001835118904096288,true,0.130281063934289,0.0013116664486005902
43623,DEAD_RECKONING,5.036,1444,0.020813378,0.0,0.0,0.13345577306052683,5.246640570617098E-4,true,0.1362725353500929,9.325703140348196E-4
43727,DEAD_RECKONING,5.036,1654,0.020813378,0.0,0.0,0.12676574900106288,2.982920061792323E-4,true,0.1215993598399706,7.144709234125912E-4
43819,DEAD_RECKONING,5.036,1654,0.020813378,0.0,0.0,0.1334628474525214,5.116774940114949E-4,true,0.1389264771680709,7.144709234125912E-4
43927,DEAD_RECKONING,5.036,1855,0.020813378,0.0,0.0,0.13238980572649042,8.963143225688384E-4,true,0.13166575714307263,0.001304439501836896
44020,DEAD_RECKONING,5.036,1855,0.020813378,0.0,0.0,0.12723652759256876,7.561056894685801E-4,true,0.1239966223005211,7.144709234125912E-4
44123,DEAD_RECKONING,5.036,2055,0.020813378,0.0,0.0,0.13270332570544,8.725198924861585E-4,true,0.13755165663830102,0.0014355421299114823
44218,DEAD_RECKONING,5.036,2055,0.020813378,0.0,0.0,0.1412263562007832,5.935640896529515E-4,true,0.14799206416775304,7.144709234125912E-4
44336,REACQUISITION,5.036,2255,0.020813378,0.0,0.0,0.13481933133268212,0.0013681970403112752,true,0.13005044985481473,0.0021784096024930477
44420,REACQUISITION,5.036,2255,0.020813378,0.0,0.0,0.1304258771403533,9.406651205935579E-4,true,0.1270418705493274,0.0010826761135831475
44530,REACQUISITION,5.036,2456,0.020813378,0.0,0.0,0.13193160671962145,0.001405970553301835,true,0.13379246857597843,0.0017980458214879036
44620,REACQUISITION,5.036,2456,0.020813378,0.0,0.0,0.13365922589604087,4.223843538650944E-4,true,0.13515478655064575,4.5603589387610555E-4
44725,REACQUISITION,5.036,2657,0.020813378,0.0,0.0,0.14255686247823077,0.0012516337614709514,true,0.1498540847196399,0.0019734962843358517
44819,REACQUISITION,5.036,2657,0.020813378,0.0,0.0,0.13548950237272503,0.0011182261128943952,true,0.13008039479826747,0.0010826761135831475
44935,REACQUISITION,5.036,2858,0.020813378,0.0,0.0,0.13986927678986288,3.0287696827811713E-4,true,0.14382630728765386,4.5603589387610555E-4
45020,REACQUISITION,5.036,2858,0.020813378,0.0,0.0,0.13636943993533096,2.0847290619238564E-4,true,0.13431325194361224,4.5603589387610555E-4
45120,REACQUISITION,5.036,3068,0.020813378,0.0,0.0,0.12644180751817952,8.785470623813899E-4,true,0.1198808054677804,0.0015372966881841421
45221,REACQUISITION,5.036,3068,0.020813378,0.0,0.0,0.13340325308143408,0.0010587417009575324,true,0.14015684193657882,0.001304439501836896
45320,REACQUISITION,5.036,3269,0.020813378,0.0,0.0,0.13195407807542864,7.058691330488688E-4,true,0.13151733675056976,9.325703140348196E-4
45420,REACQUISITION,5.036,3269,0.020813378,0.0,0.0,0.13751061798690178,5.040697916788203E-4,true,0.14204922979256035,7.144709234125912E-4
45521,REACQUISITION,5.036,3469,0.020813378,0.0,0.0,0.13600215380184963,8.575076320758312E-4,true,0.13543065585573344,0.0014223110629245639
45619,REACQUISITION,5.036,3469,0.020813378,0.0,0.0,0.13437748867445223,0.001006839888117335,true,0.134185734251774,0.001304439501836896
45719,REACQUISITION,5.036,3669,0.020813378,0.0,0.0,0.1320853176484518,3.814543618736166E-4,true,0.13038969757360755,0.001333111897110939
45820,REACQUISITION,5.036,3669,0.020813378,0.0,0.0,0.13437806367342434,2.178670157980442E-4,true,0.13625777177655315,4.5603589387610555E-4
45920,REACQUISITION,5.036,3870,0.020813378,0.0,0.0,0.13786701417162775,5.699415612152766E-4,true,0.14125979757654517,0.0010826761135831475
46029,REACQUISITION,5.036,3870,0.020813378,0.0,0.0,0.1345067233125623,7.064624883926263E-4,true,0.13209371679084772,0.0014223110629245639
46139,REACQUISITION,5.036,4070,0.020813378,0.0,0.0,0.13452522460716088,0.0023956411966783307,true,0.13516543378731294,0.004029946401715279
46231,REACQUISITION,5.036,4070,0.020813378,0.0,0.0,0.1301305939584258,7.392008196851531E-4,true,0.126995104898152,0.0010826761135831475
46343,REACQUISITION,5.036,4271,0.020813378,0.0,0.0,0.1365306014294647,0.001437549845763402,true,0.1422583287920611,0.0026591233909130096
46428,REACQUISITION,5.036,4271,0.020813378,0.0,0.0,0.13550845761044916,4.3774067131065745E-4,true,0.13473083578369202,0.0010826761135831475
46530,REACQUISITION,5.036,4481,0.020813378,0.0,0.0,0.13176652510057335,3.249006441623124E-4,true,0.12900989433004906,7.144709234125912E-4
46628,REACQUISITION,5.036,4481,0.020813378,0.0,0.0,0.13610421769154898,8.941009782584202E-4,true,0.13960496735842756,0.0017980457050725818
46730,REACQUISITION,5.036,4481,0.020813378,0.0,0.0,0.13510270655727227,0.001185546102204728,true,0.13431006221169792,0.001621101051568985
46832,REACQUISITION,5.036,4683,0.020813378,0.0,0.0,0.1385704183134749,9.051764363554724E-4,true,0.1413663761425069,0.0014421121450141072
46930,REACQUISITION,5.036,4683,0.020813378,0.0,0.0,0.13256232951690128,0.0014343028971247167,true,0.12844205125345723,0.0028312981594353914
47028,REACQUISITION,5.036,4885,0.020813378,0.0,0.0,0.13517297233627432,8.427666049753081E-4,true,0.13862025443268047,0.0014421121450141072
47129,REACQUISITION,5.036,4885,0.020813378,0.0,0.0,0.13283839499324163,0.0012056203281205064,true,0.1311730702470409,0.0017980457050725818
47230,DEAD_RECKONING,5.036,5085,0.020813378,0.0,0.0,0.12006447569299103,6.326783379259765E-4,true,0.1110137757175149,0.0015372966881841421
47326,DEAD_RECKONING,5.036,5085,0.020813378,0.0,0.0,0.1279300159124812,9.392430882490154E-4,true,0.13479050589778135,0.001792780589312315
47432,DEAD_RECKONING,5.036,5298,0.020813378,0.0,0.0,0.1312822557779572,9.801264422759756E-4,true,0.1341584890000566,0.0014355421299114823
47527,DEAD_RECKONING,5.036,5298,0.020813378,0.0,0.0,0.12727631811987472,8.815910703388893E-4,true,0.1246988977767839,0.0017980457050725818
47625,DEAD_RECKONING,5.036,5499,0.020813378,0.0,0.0,0.133685595370576,7.362738388480241E-4,true,0.1395279206453214,0.0015372966881841421
47730,DEAD_RECKONING,5.036,5499,0.020813378,0.0,0.0,0.1297585542208699,3.9368689585644683E-4,true,0.12665635867181926,0.0010561575181782246
47828,DEAD_RECKONING,5.036,5707,0.020813378,0.0,0.0,0.13383101948706772,2.86104085492505E-4,true,0.13714910698021002,7.144709234125912E-4
47929,DEAD_RECKONING,5.036,5707,0.020813378,0.0,0.0,0.1294741554982121,8.803891076640133E-4,true,0.1260608078546008,0.0014421121450141072
48026,DEAD_RECKONING,5.036,5914,0.020813378,0.0,0.0,0.13101415801405789,0.0018018340311939827,true,0.1347941979705066,0.0028479432221502066
48127,DEAD_RECKONING,5.036,5914,0.020813378,0.0,0.0,0.12607264783304925,6.849405289682104E-4,true,0.12377517708801854,0.0017980457050725818
48227,DEAD_RECKONING,5.036,6115,0.020813378,0.0,0.0,0.12786581525898275,3.9961517719618516E-4,true,0.12944350239001498,4.5603589387610555E-4
48327,DEAD_RECKONING,5.036,6115,0.020813378,0.0,0.0,0.1295221502599251,9.379719171547609E-4,true,0.1310070774367464,0.001621101051568985
48426,DEAD_RECKONING,5.036,6322,0.020813378,0.0,0.0,0.1270744824119419,0.0011344954558730445,true,0.1252004803355861,0.0018752499017864466
48526,DEAD_RECKONING,5.036,6322,0.020813378,0.0,0.0,0.12137563244321094,0.001111086490017786,true,0.11697832748105168,0.0013116664486005902
48628,DEAD_RECKONING,4.938,221,0.0038020522,0.0,0.0,0.13485128421695916,0.0012430268570629355,true,0.14561106327683634,0.0015249487478286028
48727,DEAD_RECKONING,4.938,221,0.0038020522,0.0,0.0,0.13468703616973202,0.0010441425722767632,true,0.13462366438278556,0.0014355421299114823
48828,DEAD_RECKONING,4.938,420,0.0038020522,0.0,0.0,0.13537903418957517,0.0013667447675290668,true,0.13635474004042836,0.0019734962843358517
48929,DEAD_RECKONING,4.938,420,0.0038020522,0.0,0.0,0.13150733431249637,4.2479707235125273E-4,true,0.128573461461467,0.0017118612304329872
49038,DEAD_RECKONING,4.938,621,0.0038020522,0.0,0.0,0.13197208408496283,6.502219227213611E-4,true,0.13282981808269576,0.001304439501836896
49128,DEAD_RECKONING,4.938,621,0.0038020522,0.0,0.0,0.12591412215311246,0.0010484423921208604,true,0.12126979292024427,0.0018752499017864466
49238,DEAD_RECKONING,4.938,821,0.0038020522,0.0,0.0,0.1338500460079912,5.976967022969477E-4,true,0.1407992711421439,0.0010826761135831475
49342,DEAD_RECKONING,4.938,821,0.0038020522,0.0,0.0,0.13483809177355602,8.502652554743215E-4,true,0.13584040608896103,0.0015249487478286028
49441,DEAD_RECKONING,4.938,1024,0.0038020522,0.0,0.0,0.12958840670679003,6.169678283120062E-4,true,0.12566284985965323,4.5603589387610555E-4
49541,DEAD_RECKONING,4.938,1024,0.0038020522,0.0,0.0,0.12505619209739927,6.809025695678851E-4,true,0.12161337715978336,9.325703140348196E-4
49639,DEAD_RECKONING,4.938,1225,0.0038020522,0.0,0.0,0.12938616526733696,0.0013545566983898354,true,0.13297526732410667,0.0019734962843358517
49739,DEAD_RECKONING,4.938,1225,0.0038020522,0.0,0.0,0.12956593863547347,5.390063487507582E-4,true,0.12989632877824667,7.144709234125912E-4
49840,DEAD_RECKONING,4.938,1432,0.0038020522,0.0,0.0,0.1370607333912245,0.001488439923516675,true,0.14357131874643597,0.002687412779778242
49935,DEAD_RECKONING,4.938,1432,0.0038020522,0.0,0.0,0.1374179367448104,0.0017328978250645882,true,0.138118603919801,0.0019734962843358517
50035,DEAD_RECKONING,4.938,1636,0.0038020522,0.0,0.0,0.1310918662106333,0.0015327996171918944,true,0.12668067036218456,0.0026305299252271652
50134,DEAD_RECKONING,4.938,1636,0.0038020522,0.0,0.0,0.1239680687454869,0.001313853148346531,true,0.1184526005674358,0.0015372966881841421
50237,DEAD_RECKONING,4.938,1837,0.0038020522,0.0,0.0,0.1290581301963941,0.0010760731749965636,true,0.13377455315975642,0.0018752499017864466
50341,DEAD_RECKONING,4.938,1837,0.0038020522,0.0,0.0,0.13517362320277493,0.0011876963700867538,true,0.14013000562205072,0.0015249487478286028
50433,DEAD_RECKONING,4.938,2038,0.0038020522,0.0,0.0,0.13471930581206318,5.815758121443619E-4,true,0.13460812835170752,0.0010826761135831475
50536,DEAD_RECKONING,4.938,2038,0.0038020522,0.0,0.0,0.12993236731007127,0.0010943583323471573,true,0.12679097852131502,0.0021784096024930477
50642,REACQUISITION,4.938,2239,0.0038020522,0.0,0.0,0.1261860321147759,0.0015810245008683885,true,0.12387848489557571,0.0026591233909130096
50735,REACQUISITION,4.938,2239,0.0038020522,0.0,0.0,0.12095220125079098,5.1290802094552E-4,true,0.11981206407089004,0.0015372966881841421
50834,REACQUISITION,4.938,2450,0.0038020522,0.0,0.0,0.11667655311723758,0.0012340397481696039,true,0.11374568632339539,0.0026197268161922693
50934,REACQUISITION,4.938,2450,0.0038020522,0.0,0.0,0.12897192009624323,7.786064985315852E-4,true,0.13900198875863035,7.144709234125912E-4
51037,REACQUISITION,4.938,2651,0.0038020522,0.0,0.0,0.11952569354069373,6.493031939659587E-4,true,0.11225464510456938,0.0010826761135831475
51134,REACQUISITION,4.938,2651,0.0038020522,0.0,0.0,0.12663133551236688,0.0012712273503737814,true,0.1324478112820409,0.0017980458214879036
51235,REACQUISITION,4.938,2852,0.0038020522,0.0,0.0,0.12984451715879855,0.0015634779878972863,true,0.1329928899596067,0.0017980458214879036
51337,REACQUISITION,4.938,2852,0.0038020522,0.0,0.0,0.12751113286598073,8.23005488955005E-4,true,0.12627566445109306,0.002612499985843897
51439,REACQUISITION,4.938,3052,0.0038020522,0.0,0.0,0.13049340307565627,5.633175047969823E-4,true,0.13547647828883835,4.5603589387610555E-4
51536,REACQUISITION,4.938,3052,0.0038020522,0.0,0.0,0.1344194246842132,8.035796275510368E-4,true,0.1377024275485716,0.0013116664486005902
51636,REACQUISITION,4.938,3253,0.0038020522,0.0,0.0,0.13238764312633194,0.0016609176779567168,true,0.13113392289637635,0.002996742958202958
51735,REACQUISITION,4.938,3253,0.0038020522,0.0,0.0,0.13724993672918437,8.381035819385928E-4,true,0.14139234201245385,0.0010826761135831475
51840,REACQUISITION,4.938,3462,0.0038020522,0.0,0.0,0.1408079399582124,8.591318145007147E-4,true,0.14392868980414728,0.001959073357284069
51949,REACQUISITION,4.938,3462,0.0038020522,0.0,0.0,0.1388288245624308,7.478845126889692E-4,true,0.1378251122360106,0.0014355421299114823
52039,REACQUISITION,4.938,3664,0.0038020522,0.0,0.0,0.1389985033820493,8.429710773449241E-4,true,0.1392752145993032,0.0020348140969872475
52150,REACQUISITION,4.938,3664,0.0038020522,0.0,0.0,0.1321624075193124,0.0014577169516952911,true,0.12762094417851827,0.002259355504065752
52248,REACQUISITION,4.938,3864,0.0038020522,0.0,0.0,0.1326273480197455,0.0020907275956840517,true,0.133329477329422,0.002874374855309725
52348,REACQUISITION,4.938,3864,0.0038020522,0.0,0.0,0.13974341284663883,0.0011642225343129508,true,0.14548286881511763,0.0029426284600049257
52446,REACQUISITION,4.938,4065,0.0038020522,0.0,0.0,0.13655696766908437,0.0016207517710363703,true,0.13403079842352478,0.002242557005956769
52552,REACQUISITION,4.938,4065,0.0038020522,0.0,0.0,0.12657490755554726,7.488973230578238E-4,true,0.11898229787240215,0.0010561575181782246
52643,REACQUISITION,4.938,4266,0.0038020522,0.0,0.0,0.14001948346974555,8.921461933427841E-4,true,0.15103997202454728,0.0014223110629245639
52762,REACQUISITION,4.938,4266,0.0038020522,0.0,0.0,0.1371508371665684,6.668839511017833E-4,true,0.13618434884234623,0.0014355421299114823
52839,REACQUISITION,4.938,4468,0.0038020522,0.0,0.0,0.13687218721358124,0.001132473230474718,true,0.13666106141331685,0.0024403829593211412
52947,REACQUISITION,4.938,4468,0.0038020522,0.0,0.0,0.13185951945601698,0.0013405210229453079,true,0.12961123608526806,0.0021784096024930477
53053,REACQUISITION,4.938,4676,0.0038020522,0.0,0.0,0.12864029115561956,0.0015164075708223865,true,0.12665349324181976,0.0017118612304329872
53146,REACQUISITION,4.938,4676,0.0038020522,0.0,0.0,0.12625447554650213,0.0018752745992127533,true,0.12442469635602443,0.0024403829593211412
53257,REACQUISITION,4.938,4877,0.0038020522,0.0,0.0,0.12759826950318384,0.001334617912178121,true,0.1291762932216883,0.0010561575181782246
53347,REACQUISITION,4.938,4877,0.0038020522,0.0,0.0,0.11903741640556051,0.001116808390486838,true,0.11245919573089211,0.0014421121450141072
53460,DEAD_RECKONING,4.938,5078,0.0038020522,0.0,0.0,0.12467966167705356,9.766565816295104E-4,true,0.1297698092447681,0.0017283482011407614
53546,DEAD_RECKONING,4.938,5078,0.0038020522,0.0,0.0,0.12341200409284167,7.114898862291682E-4,true,0.12258014582091509,0.0013116664486005902
53654,DEAD_RECKONING,4.938,5279,0.0038020522,0.0,0.0,0.12790182362133082,6.49301938101042E-4,true,0.1315007479266013,0.001304439501836896
53744,DEAD_RECKONING,4.938,5279,0.0038020522,0.0,0.0,0.12416064780492411,9.443106079412241E-4,true,0.12162274765735655,0.0014355421299114823
53855,DEAD_RECKONING,4.938,5480,0.0038020522,0.0,0.0,0.1264482459332642,7.006755979596138E-4,true,0.1283674830420386,0.0014421121450141072
53945,DEAD_RECKONING,4.938,5480,0.0038020522,0.0,0.0,0.13495677501281755,0.001080989353914975,true,0.14209581396020834,0.0014421121450141072
54050,DEAD_RECKONING,4.938,5680,0.0038020522,0.0,0.0,0.13933848123752965,8.409577598536367E-4,true,0.14319548301697596,0.0010561575181782246
54143,DEAD_RECKONING,4.938,5680,0.0038020522,0.0,0.0,0.1341515070086184,8.821595346919768E-4,true,0.13124433368108845,0.0018752499017864466
54243,DEAD_RECKONING,4.938,5889,0.0038020522,0.0,0.0,0.13801610586102622,7.390694401155914E-4,true,0.142302565069369,0.0010561575181782246
54344,DEAD_RECKONING,4.938,5889,0.0038020522,0.0,0.0,0.13628868943863656,0.001346001856865752,true,0.13511254114950189,0.0021784096024930477
54443,DEAD_RECKONING,4.938,5889,0.0038020522,0.0,0.0,0.1313193372277699,7.908425961617853E-4,true,0.12819740771763768,0.0010826761135831475
54543,DEAD_RECKONING,4.938,6092,0.0038020522,0.0,0.0,0.1337347618592305,6.04653179368478E-4,true,0.13570169052124126,7.144709234125912E-4
54642,DEAD_RECKONING,4.938,6092,0.0038020522,0.0,0.0,0.142526624282197,6.387833666545297E-4,true,0.14954640600339864,7.144709234125912E-4
54745,DEAD_RECKONING,4.938,6292,0.0038020522,0.0,0.0,0.14206316812086328,0.0012845684130259707,true,0.14211352327306556,0.0017980458214879036
54844,DEAD_RECKONING,4.938,6292,0.0038020522,0.0,0.0,0.15018653677427146,0.0012977131246016216,true,0.1567346754144847,0.0017118612304329872
54944,DEAD_RECKONING,4.957,94,0.0028228108,0.0,0.0,0.1422164327443787,9.087818914612933E-4,true,0.1359464611827969,7.144709234125912E-4
55045,DEAD_RECKONING,4.957,94,0.0028228108,0.0,0.0,0.13762301154807027,0.0017597975639422705,true,0.13490162315304277,0.0026197268161922693
55146,DEAD_RECKONING,4.957,296,0.0028228108,0.0,0.0,0.12690763293051635,0.0010901376217922175,true,0.11853750176918777,0.0010561575181782246
55245,DEAD_RECKONING,4.957,296,0.0028228108,0.0,0.0,0.12932631222479693,3.6204711389794587E-4,true,0.13211076239148845,9.325703140348196E-4
55346,DEAD_RECKONING,4.957,511,0.0028228108,0.0,0.0,0.12380913518394207,6.08794180936044E-4,true,0.12018561935457574,9.325703140348196E-4
55456,DEAD_RECKONING,4.957,511,0.0028228108,0.0,0.0,0.1204397915693457,5.238889260758299E-4,true,0.11838268180173543,0.0014223110629245639
55557,DEAD_RECKONING,4.957,722,0.0028228108,0.0,0.0,0.1284087451908624,5.748578313481663E-4,true,0.1347920633464976,7.144709234125912E-4
55656,DEAD_RECKONING,4.957,722,0.0028228108,0.0,0.0,0.128328512268986,8.229723268622679E-4,true,0.12849951034139642,0.0013116664486005902
55757,DEAD_RECKONING,4.957,923,0.0028228108,0.0,0.0,0.12690191731146985,9.135401331582311E-4,true,0.12842803731402627,0.0013611805625259876
55855,DEAD_RECKONING,4.957,923,0.0028228108,0.0,0.0,0.13289069446099724,6.564902055795329E-4,true,0.13781095679616998,5.833630566485226E-4
55956,DEAD_RECKONING,4.957,1127,0.0028228108,0.0,0.0,0.13776678061999173,7.006672849082521E-4,true,0.14180092410494077,0.001117055187933147
56057,DEAD_RECKONING,4.957,1127,0.0028228108,0.0,0.0,0.12880038195592522,0.0016660852335161798,true,0.12239552409104078,0.00332852266728878
56156,DEAD_RECKONING,4.957,1335,0.0028228108,0.0,0.0,0.12404900228596835,0.004769728134566965,true,0.12181133579436737,0.007416082546114922
56251,DEAD_RECKONING,4.957,1335,0.0028228108,0.0,0.0,0.12843983165303902,8.280943398382892E-4,true,0.13217472554796472,0.004957633092999458
56352,DEAD_RECKONING,4.957,1536,0.0028228108,0.0,0.0,0.12183371637240743,0.0013099478800989808,true,0.11682737704581925,0.002587046939879656
56451,DEAD_RECKONING,4.957,1536,0.0028228108,0.0,0.0,0.12941760328153723,5.884112242291082E-4,true,0.13583059682771254,4.5603589387610555E-4
56554,DEAD_RECKONING,4.957,1737,0.0028228108,0.0,0.0,0.1300984744226798,6.927530475753571E-4,true,0.1312678871057627,0.0010561575181782246
56657,DEAD_RECKONING,4.957,1737,0.0028228108,0.0,0.0,0.13124669867449787,9.004975943426907E-4,true,0.1323197801134455,0.0014680982567369938
56754,DEAD_RECKONING,4.957,1938,0.0028228108,0.0,0.0,0.13180434818396036,5.337345248285913E-4,true,0.13278933220624214,0.0013611805625259876
56854,DEAD_RECKONING,4.957,1938,0.0028228108,0.0,0.0,0.12985296310102745,7.709616704765695E-4,true,0.12844047696091224,0.0017980457050725818
56951,REACQUISITION,4.957,2138,0.0028228108,0.0,0.0,0.1279511276840078,7.115246973357951E-4,true,0.12644331418509883,0.0013611805625259876
57052,REACQUISITION,4.957,2138,0.0028228108,0.0,0.0,0.1273999241167878,4.995042583040573E-4,true,0.12738264009711575,5.833630566485226E-4
57153,REACQUISITION,4.957,2346,0.0028228108,0.0,0.0,0.12777051938881773,5.176610553421773E-4,true,0.12820116347620816,5.833630566485226E-4
57253,REACQUISITION,4.957,2346,0.0028228108,0.0,0.0,0.12424047062779789,0.0012972486663149663,true,0.12149911208990209,0.0025613412726670504
57352,REACQUISITION,4.957,2548,0.0028228108,0.0,0.0,0.13031444213049928,4.441375187409069E-4,true,0.13550754017675215,5.833630566485226E-4
57451,REACQUISITION,4.957,2548,0.0028228108,0.0,0.0,0.12876520200564898,9.465834469271475E-4,true,0.12772098882606148,0.0016614188207313418
57551,REACQUISITION,4.957,2749,0.0028228108,0.0,0.0,0.1306060383173625,5.059422468600223E-4,true,0.13251033432412718,0.0010561575181782246
57651,REACQUISITION,4.957,2749,0.0028228108,0.0,0.0,0.13425824766463335,0.001070398283370146,true,0.13800050879120115,0.0017980457050725818
57753,REACQUISITION,4.957,2950,0.0028228108,0.0,0.0,0.13331197346873438,0.0010005199245831575,true,0.13277850329612176,0.0024052676744759083
57852,REACQUISITION,4.957,2950,0.0028228108,0.0,0.0,0.13337020140561637,0.001040272835746715,true,0.13388856458288878,0.0013116664486005902
57952,REACQUISITION,4.957,3151,0.0028228108,0.0,0.0,0.13181691490408343,0.0014240277640926854,true,0.1316859471425163,0.0018344788113608956
58053,REACQUISITION,4.957,3151,0.0028228108,0.0,0.0,0.1303149896858965,8.487918961420841E-4,true,0.12937940625370065,5.833630566485226E-4
58153,REACQUISITION,4.957,3352,0.0028228108,0.0,0.0,0.14015100853307708,4.277729004959599E-4,true,0.14800216766506585,4.5603589387610555E-4
58254,REACQUISITION,4.957,3352,0.0028228108,0.0,0.0,0.13890452619987642,8.730187104591217E-4,true,0.1380984838535625,0.0013116664486005902
58352,REACQUISITION,4.957,3552,0.0028228108,0.0,0.0,0.13874637508391247,4.2103412049442995E-4,true,0.13883778313925949,0.0010561575181782246
58454,REACQUISITION,4.957,3552,0.0028228108,0.0,0.0,0.13655724049567847,0.0011784820058715329,true,0.13490708928831913,0.0017980457050725818
58553,REACQUISITION,4.957,3762,0.0028228108,0.0,0.0,0.13535405203997988,0.0018330177268702484,true,0.1350705131596788,0.0026733053382486105
58654,REACQUISITION,4.957,3762,0.0028228108,0.0,0.0,0.13524064388599608,7.983713522508164E-4,true,0.13540628301722388,0.0010561575181782246
58763,REACQUISITION,4.957,3963,0.0028228108,0.0,0.0,0.13420027731820086,9.504553226623757E-4,true,0.13371535195979428,0.0014223110629245639
58867,REACQUISITION,4.957,3963,0.0028228108,0.0,0.0,0.13674301587764204,9.294206906214999E-4,true,0.13881663475640654,0.0010561575181782246
58967,REACQUISITION,4.957,4164,0.0028228108,0.0,0.0,0.1261689618083422,0.001092217076076775,true,0.1188398158848342,0.0015249487478286028
59066,REACQUISITION,4.957,4164,0.0028228108,0.0,0.0,0.1332858979081384,9.064316952361647E-4,true,0.13960914286784024,0.0013116664486005902
59161,REACQUISITION,4.957,4365,0.0028228108,0.0,0.0,0.12842031922545946,0.0011961734928081808,true,0.12458623127952535,0.001621101051568985
59262,REACQUISITION,4.957,4365,0.0028228108,0.0,0.0,0.12609629101026595,0.0012901941709581458,true,0.12442880117579164,0.0017980458214879036
59362,REACQUISITION,4.957,4566,0.0028228108,0.0,0.0,0.12243952324331817,7.699320866329667E-4,true,0.1198212073470469,4.5603589387610555E-4
59464,REACQUISITION,4.957,4566,0.0028228108,0.0,0.0,0.12535053514588726,0.001649350774650399,true,0.12775485795678004,0.0030187435913830996
59556,REACQUISITION,4.957,4776,0.0028228108,0.0,0.0,0.1267072550072274,0.0016053089605977636,true,0.1278455761803215,0.003144514048472047
59662,REACQUISITION,4.957,4776,0.0028228108,0.0,0.0,0.12983812214997034,0.001414151845909841,true,0.13233430345890096,0.0015249487478286028
59769,REACQUISITION,4.957,4977,0.0028228108,0.0,0.0,0.12528350351930675,8.789777224507219E-4,true,0.12202549049779107,4.5603589387610555E-4
59861,REACQUISITION,4.957,4977,0.0028228108,0.0,0.0,0.12995747786322062,0.0014502839803553725,true,0.13403680227015452,0.001959073357284069
59961,DEAD_RECKONING,4.957,5177,0.0028228108,0.0,0.0,0.1325422168011416,0.001155607961274219,true,0.13467205056926973,0.0016614188207313418
60063,DEAD_RECKONING,4.957,5177,0.0028228108,0.0,0.0,0.12777601865008104,0.0012041054166942694,true,0.12444463059330604,0.0013116664486005902
60161,DEAD_RECKONING,4.957,5378,0.0028228108,0.0,0.0,0.12934597614949478,9.778882118782841E-4,true,0.13080113251334918,0.0024403829593211412
60260,DEAD_RECKONING,4.957,5378,0.0028228108,0.0,0.0,0.13969235147878306,0.001614480139777049,true,0.1479918398515385,0.003068438032642007
60361,DEAD_RECKONING,4.957,5578,0.0028228108,0.0,0.0,0.13325899708459912,7.482580029813002E-4,true,0.12843625001176154,0.0017980457050725818
60460,DEAD_RECKONING,4.957,5578,0.0028228108,0.0,0.0,0.13739710026476767,3.9910871041646043E-4,true,0.14189997564306953,4.5603589387610555E-4
60564,DEAD_RECKONING,4.957,5779,0.0028228108,0.0,0.0,0.1384626433500907,6.749500870909284E-4,true,0.13967526070338956,0.0010561575181782246
60662,DEAD_RECKONING,4.957,5779,0.0028228108,0.0,0.0,0.13471639659073356,7.990976738344725E-4,true,0.13199385556686624,0.001117055187933147
60762,DEAD_RECKONING,4.957,5980,0.0028228108,0.0,0.0,0.12944700989145727,8.789616664965645E-4,true,0.12588601685525497,0.0018344788113608956
60859,DEAD_RECKONING,4.957,5980,0.0028228108,0.0,0.0,0.12182745670859955,5.558702684243101E-4,true,0.11650960588480579,0.0010561575181782246
60968,DEAD_RECKONING,4.957,6189,0.0028228108,0.0,0.0,0.13088684953414587,0.0016886599737569825,true,0.1380972364922018,0.0032011226285248995
61062,DEAD_RECKONING,4.957,6189,0.0028228108,0.0,0.0,0.123084468461755,0.001758538448308228,true,0.11746273061523656,0.0020348140969872475
61160,DEAD_RECKONING,4.957,6388,0.0028228108,0.0,0.0,0.12659204488410927,0.0012119337801034934,true,0.12980607012647255,0.0010561575181782246
61260,DEAD_RECKONING,4.957,6388,0.0028228108,0.0,0.0,0.13524890242624296,0.0017969686251851063,true,0.14222865642927232,0.0023131081834435463
61366,DEAD_RECKONING,4.5,264,0.016716622,0.0,0.0,0.13196223891079253,6.645184661853493E-4,true,0.12965762567320674,5.833630566485226E-4
61461,DEAD_RECKONING,4.5,264,0.016716622,0.0,0.0,0.1284564259539469,0.0010138185454694475,true,0.12598135794981857,0.001959073357284069
61569,DEAD_RECKONING,4.5,466,0.016716622,0.0,0.0,0.1253144688495541,6.531233617340413E-4,true,0.12305344299555716,0.0016614188207313418
61663,DEAD_RECKONING,4.5,466,0.016716622,0.0,0.0,0.13191362423014397,2.362129576792881E-4,true,0.13722573383387535,4.5603589387610555E-4
61763,DEAD_RECKONING,4.5,667,0.016716622,0.0,0.0,0.13074144180912978,0.0010691505472585191,true,0.13054487631114267,0.0020348140969872475
61863,DEAD_RECKONING,4.5,667,0.016716622,0.0,0.0,0.1332111638588857,9.097348026452175E-4,true,0.13529344349993666,0.0016614188207313418
61965,DEAD_RECKONING,4.5,867,0.016716622,0.0,0.0,0.13829364618719878,5.285290576446662E-4,true,0.14244387923351126,0.0013116664486005902
62074,DEAD_RECKONING,4.5,867,0.016716622,0.0,0.0,0.1383946930258309,4.6464452183025853E-4,true,0.13856889365265923,4.5603589387610555E-4
62164,DEAD_RECKONING,4.5,1068,0.016716622,0.0,0.0,0.13690607647216996,0.0012711174983224705,true,0.13641341351808342,0.0023536209482699633
62273,DEAD_RECKONING,4.5,1068,0.016716622,0.0,0.0,0.12992725382401618,6.717615229586738E-4,true,0.12452156087179388,5.833630566485226E-4
62371,DEAD_RECKONING,4.5,1269,0.016716622,0.0,0.0,0.13548461271419204,7.321890474239276E-4,true,0.14118405467099204,0.0015249487478286028
62469,DEAD_RECKONING,4.5,1269,0.016716622,0.0,0.0,0.1366258141616931,9.66624433338226E-4,true,0.13770539789912623,0.0013116664486005902
62582,DEAD_RECKONING,4.5,1478,0.016716622,0.0,0.0,0.13443560643767855,4.500255860302146E-4,true,0.13283486238534367,5.833630566485226E-4
62672,DEAD_RECKONING,4.5,1478,0.016716622,0.0,0.0,0.13187801707478283,4.147013946352503E-4,true,0.13032369044545392,0.0010561575181782246
62779,DEAD_RECKONING,4.5,1679,0.016716622,0.0,0.0,0.1284121115380433,5.367728955809661E-4,true,0.12591739330042334,0.001117055187933147
62871,DEAD_RECKONING,4.5,1679,0.016716622,0.0,0.0,0.13243591816436398,4.2852481837317696E-4,true,0.13584180912655702,5.833630566485226E-4
62976,DEAD_RECKONING,4.5,1878,0.016716622,0.0,0.0,0.1340198916329414,8.00171306660651E-4,true,0.1355833431633994,0.0013611805625259876
63070,DEAD_RECKONING,4.5,1878,0.016716622,0.0,0.0,0.13059751667995106,7.316120295441339E-4,true,0.12833174409974993,0.0015249487478286028
63180,DEAD_RECKONING,4.5,2078,0.016716622,0.0,0.0,0.1277680545432186,0.0012672970886463773,true,0.12560898554828018,0.0023131081834435463
63267,DEAD_RECKONING,4.5,2078,0.016716622,0.0,0.0,0.1328889908092627,2.383494147420241E-4,true,0.13835393720324649,0.0013611805625259876
63386,REACQUISITION,4.5,2279,0.016716622,0.0,0.0,0.12088484475995696,4.877645111025752E-4,true,0.11184305292566367,0.0010561575181782246
63471,REACQUISITION,4.5,2279,0.016716622,0.0,0.0,0.1270449108300325,5.30281279194416E-4,true,0.13220725260216382,0.0011828197166323662
63578,REACQUISITION,4.5,2480,0.016716622,0.0,0.0,0.12887951059215577,3.756714451079591E-4,true,0.13124679227766503,7.144709234125912E-4
63669,REACQUISITION,4.5,2480,0.016716622,0.0,0.0,0.1269522963118846,2.614668088157413E-4,true,0.12589471429521124,4.5603589387610555E-4
63782,REACQUISITION,4.5,2681,0.016716622,0.0,0.0,0.13263549042731024,3.5306128378469567E-4,true,0.13754648366859223,4.5603589387610555E-4
63870,REACQUISITION,4.5,2681,0.016716622,0.0,0.0,0.13037584732905766,4.0851439265479546E-4,true,0.12893008630476407,4.5603589387610555E-4
63970,REACQUISITION,4.5,2891,0.016716622,0.0,0.0,0.12926962848741624,0.001481764441589891,true,0.1284149921620313,0.0025613412726670504
64070,REACQUISITION,4.5,2891,0.016716622,0.0,0.0,0.13290574319624734,2.0041156890566588E-4,true,0.13611958621326908,0.001304439501836896
64169,REACQUISITION,4.5,2891,0.016716622,0.0,0.0,0.13431969806693356,0.0010005124668007904,true,0.13557245792117248,0.0017980457050725818
64269,REACQUISITION,4.5,3093,0.016716622,0.0,0.0,0.13126558590259865,1.913861555095524E-4,true,0.12922458349567414,7.144709234125912E-4
64370,REACQUISITION,4.5,3093,0.016716622,0.0,0.0,0.1385872343653057,0.001062396381110394,true,0.14467477114590804,0.001959073357284069
64469,REACQUISITION,4.5,3296,0.016716622,0.0,0.0,0.13116682494552237,0.002049685726723596,true,0.12638648323655155,0.0028874999843537807
64570,REACQUISITION,4.5,3296,0.016716622,0.0,0.0,0.13301948758828716,0.0021397769090496727,true,0.13485147054946867,0.002242557005956769
64670,REACQUISITION,4.5,3496,0.016716622,0.0,0.0,0.1319487766953372,0.0016745504231346893,true,0.13133370941998124,0.0015249487478286028
64769,REACQUISITION,4.5,3496,0.016716622,0.0,0.0,0.1348381721129353,5.410900531053932E-4,true,0.13719474207698254,7.144709234125912E-4
64871,REACQUISITION,4.5,3712,0.016716622,0.0,0.0,0.13174783222888575,0.00186718291511929,true,0.12945781931408057,0.0029426284600049257
64970,REACQUISITION,4.5,3712,0.016716622,0.0,0.0,0.13717295280619526,0.0010714565638760734,true,0.14152423997491112,0.0017118612304329872
65072,REACQUISITION,4.5,3921,0.016716622,0.0,0.0,0.13863032631463473,8.800482281809425E-4,true,0.14055056891243883,0.0011828197166323662
65180,REACQUISITION,4.5,3921,0.016716622,0.0,0.0,0.14103996561711699,5.895202460729624E-4,true,0.14300348289626647,4.5603589387610555E-4
65282,REACQUISITION,4.5,4130,0.016716622,0.0,0.0,0.13755332058773836,0.0010442709821630205,true,0.13485805968083417,0.0015249487478286028
65379,REACQUISITION,4.5,4130,0.016716622,0.0,0.0,0.13354785684934936,7.258745578208213E-4,true,0.13042548635730541,0.0020348140969872475
65478,REACQUISITION,4.5,4338,0.016716622,0.0,0.0,0.14263700305237018,0.0010780900101471334,true,0.15035572231614042,0.001792780589312315
65581,REACQUISITION,4.5,4338,0.016716622,0.0,0.0,0.13335514465884227,4.046431320571715E-4,true,0.12610620164118663,0.0014223110629245639
65680,REACQUISITION,4.5,4538,0.016716622,0.0,0.0,0.1326936049835406,4.124370321645497E-4,true,0.13226896297961546,7.144709234125912E-4
65781,REACQUISITION,4.5,4538,0.016716622,0.0,0.0,0.13028563842783794,8.04822539066433E-4,true,0.12839188651756395,0.0011907849693670869
65880,REACQUISITION,4.5,4739,0.016716622,0.0,0.0,0.13159215122925733,7.969904177511171E-4,true,0.13297241195590756,0.0010561575181782246
65979,REACQUISITION,4.5,4739,0.016716622,0.0,0.0,0.13034730918011095,8.78770762475973E-4,true,0.12936993653115395,0.0014223110629245639
66082,REACQUISITION,4.5,4939,0.016716622,0.0,0.0,0.12686154649766218,7.831356560015816E-4,true,0.12458259493785691,0.0015249487478286028
66177,REACQUISITION,4.5,4939,0.016716622,0.0,0.0,0.13522571098752342,8.745269787528516E-4,true,0.14192068295472718,0.0014223110629245639
66280,DEAD_RECKONING,4.5,5140,0.016716622,0.0,0.0,0.1375541261451961,6.329731116924488E-4,true,0.13951558182812443,7.144709234125912E-4
66381,DEAD_RECKONING,4.5,5140,0.016716622,0.0,0.0,0.1291566475333046,0.001140646805373324,true,0.12274155326868182,0.002107835141941905
66480,DEAD_RECKONING,4.5,5340,0.016716622,0.0,0.0,0.12709657380940134,0.001106538229797026,true,0.1259994591263162,0.0011907849693670869
66581,DEAD_RECKONING,4.5,5340,0.016716622,0.0,0.0,0.12832286696457806,0.0011802610459846418,true,0.12959300510523233,0.0021033454686403275
66679,DEAD_RECKONING,4.5,5540,0.016716622,0.0,0.0,0.13161679413355645,0.0012202888871393292,true,0.13473026400744206,0.0027327584102749825
66777,DEAD_RECKONING,4.5,5540,0.016716622,0.0,0.0,0.12496665899555381,4.830127153340924E-4,true,0.12022148227561179,7.144709234125912E-4
66878,DEAD_RECKONING,4.5,5747,0.016716622,0.0,0.0,0.12010139972180228,6.531856001855569E-4,true,0.11624734766465664,0.0013116664486005902
66975,DEAD_RECKONING,4.5,5747,0.016716622,0.0,0.0,0.12546708917444838,7.392647501546528E-4,true,0.12984442523962117,0.0010561575181782246
67077,DEAD_RECKONING,4.5,5949,0.016716622,0.0,0.0,0.1289756602039697,0.001308984347210771,true,0.13203272909651434,0.0020348140969872475
67178,DEAD_RECKONING,4.5,5949,0.016716622,0.0,0.0,0.12604658762590312,0.0012228389140058805,true,0.12385130213502271,0.001621101051568985
67279,DEAD_RECKONING,4.5,6150,0.016716622,0.0,0.0,0.12360243186455067,0.0012064851131493633,true,0.12214021980470363,0.0020348140969872475
67379,DEAD_RECKONING,4.5,6150,0.016716622,0.0,0.0,0.1354056195817998,5.282216221217008E-4,true,0.14479286753162113,0.0010561575181782246
67479,DEAD_RECKONING,4.5,6350,0.016716622,0.0,0.0,0.1350602020199695,2.2961890477024766E-4,true,0.1348974478660817,4.5603589387610555E-4
67581,DEAD_RECKONING,4.5,6350,0.016716622,0.0,0.0,0.12704215302138847,9.125190074216267E-4,true,0.12120543523312485,0.0017980458214879036
67680,DEAD_RECKONING,4.494,253,0.0020002904,0.0,0.0,0.12800190179661441,7.548237960252538E-4,true,0.13090819325335024,0.0014223110629245639
67780,DEAD_RECKONING,4.494,253,0.0020002904,0.0,0.0,0.13174805992950284,8.715375308698079E-4,true,0.13544596496413625,0.0018752499017864466
67879,DEAD_RECKONING,4.494,453,0.0020002904,0.0,0.0,0.13570365026896825,0.0012379658459392667,true,0.13899143538562403,0.0017980457050725818
67980,DEAD_RECKONING,4.494,453,0.0020002904,0.0,0.0,0.14679553939494464,4.876350290960623E-4,true,0.15567182436353924,0.0017980458214879036
68080,DEAD_RECKONING,4.494,653,0.0020002904,0.0,0.0,0.1438791879981089,5.866374809215805E-4,true,0.14157906908252021,0.0011828197166323662
68193,DEAD_RECKONING,4.494,653,0.0020002904,0.0,0.0,0.1420735895219604,4.2761207146793255E-4,true,0.14091650488617039,4.5603589387610555E-4
68280,DEAD_RECKONING,4.494,854,0.0020002904,0.0,0.0,0.14055248552313993,9.838896835016161E-4,true,0.14048617459986026,0.0015249487478286028
68390,DEAD_RECKONING,4.494,854,0.0020002904,0.0,0.0,0.1440033050696845,9.261811245707765E-4,true,0.14676761092412816,0.0021033454686403275
68488,DEAD_RECKONING,4.494,1054,0.0020002904,0.0,0.0,0.13251313393218206,0.0013955197521272242,true,0.1236531400750707,0.0020348140969872475
68590,DEAD_RECKONING,4.494,1054,0.0020002904,0.0,0.0,0.13110444910562882,4.3062376820298873E-4,true,0.13038402004533006,4.5603589387610555E-4
68689,DEAD_RECKONING,4.494,1254,0.0020002904,0.0,0.0,0.13595188224371188,0.0010949176544327267,true,0.13995163241272854,0.001792780589312315
68790,DEAD_RECKONING,4.494,1254,0.0020002904,0.0,0.0,0.13768646405466767,9.684685708568558E-4,true,0.13907587122130527,0.001518737175501883
68888,DEAD_RECKONING,4.494,1454,0.0020002904,0.0,0.0,0.13454082170886605,8.458153951471381E-4,true,0.13301340946630258,0.0010561575181782246
68987,DEAD_RECKONING,4.494,1454,0.0020002904,0.0,0.0,0.13448917077515884,9.35678317236931E-4,true,0.13500581506400203,0.0010561575181782246
69088,DEAD_RECKONING,4.494,1655,0.0020002904,0.0,0.0,0.1338661988660775,0.0012273898691716482,true,0.13338473197342682,0.001518737175501883
69187,DEAD_RECKONING,4.494,1655,0.0020002904,0.0,0.0,0.13236798698128335,0.001080168376010758,true,0.13122301467914146,0.0017980457050725818
69289,DEAD_RECKONING,4.494,1854,0.0020002904,0.0,0.0,0.1312372252446637,6.351881906321138E-4,true,0.13041716874812057,0.0011907849693670869
69388,DEAD_RECKONING,4.494,1854,0.0020002904,0.0,0.0,0.1309463613993886,7.767399163824397E-4,true,0.13098321537188087,0.0014223110629245639
69489,DEAD_RECKONING,4.494,2063,0.0020002904,0.0,0.0,0.13493722038908038,5.931995383666078E-4,true,0.138184797572409,0.0011907849693670869
69588,DEAD_RECKONING,4.494,2063,0.0020002904,0.0,0.0,0.13725441271358935,5.431180746760752E-4,true,0.13920053462404744,0.0010561575181782246
69688,REACQUISITION,4.494,2264,0.0020002904,0.0,0.0,0.14170606642983985,0.001386851259501072,true,0.14532424772680977,0.002482627285644412
69787,REACQUISITION,4.494,2264,0.0020002904,0.0,0.0,0.1308591472169098,0.0015971733102344485,true,0.12295453750009182,0.002557647880166769
69888,REACQUISITION,4.494,2465,0.0020002904,0.0,0.0,0.1397940516141413,7.07549980393989E-4,true,0.1469060189880362,7.144709234125912E-4
69988,REACQUISITION,4.494,2465,0.0020002904,0.0,0.0,0.14508972934621545,9.728588728045037E-4,true,0.14955208177820137,0.0017980457050725818
70085,REACQUISITION,4.494,2666,0.0020002904,0.0,0.0,0.13764221391177303,9.282504721876763E-4,true,0.1318072611971945,0.001792780589312315
70188,REACQUISITION,4.494,2666,0.0020002904,0.0,0.0,0.13320265023486863,5.643013033435563E-4,true,0.12969357133944398,4.5603589387610555E-4
70285,REACQUISITION,4.494,2867,0.0020002904,0.0,0.0,0.14302796516436783,8.880441827803249E-4,true,0.15107967413984102,0.0011828197166323662
70385,REACQUISITION,4.494,2867,0.0020002904,0.0,0.0,0.1375099641319371,0.0010502619590366893,true,0.13317371884834892,0.0011828197166323662
70486,REACQUISITION,4.494,3068,0.0020002904,0.0,0.0,0.1345137975180345,0.0010738455280081965,true,0.1324968577706706,0.001304439501836896
70586,REACQUISITION,4.494,3068,0.0020002904,0.0,0.0,0.12964774779899224,8.59240488051171E-4,true,0.12587312040087972,0.0011907849693670869
70685,REACQUISITION,4.494,3278,0.0020002904,0.0,0.0,0.1326549006674709,6.789662473248758E-4,true,0.13565276240896734,0.0011907849693670869
70785,REACQUISITION,4.494,3278,0.0020002904,0.0,0.0,0.13405599810610813,8.955426738098804E-4,true,0.13563342666442582,0.0014223110629245639
70887,REACQUISITION,4.494,3479,0.0020002904,0.0,0.0,0.13501879926967753,9.415007545203235E-4,true,0.1357843548031703,0.0011907849693670869
70986,REACQUISITION,4.494,3479,0.0020002904,0.0,0.0,0.1380612215126337,0.0013525272276552875,true,0.1407793335354084,0.0021784096024930477
71086,REACQUISITION,4.494,3682,0.0020002904,0.0,0.0,0.14004549378106282,0.0011732209309992928,true,0.14235408795012217,0.0011907849693670869
71188,REACQUISITION,4.494,3682,0.0020002904,0.0,0.0,0.1381451521712896,9.372687645412197E-4,true,0.13666102073715494,0.0016840242315083742
71287,REACQUISITION,4.494,3882,0.0020002904,0.0,0.0,0.1385603817201516,9.478400084159987E-4,true,0.13938238199337416,0.0011907849693670869
71388,REACQUISITION,4.494,3882,0.0020002904,0.0,0.0,0.1322374741900769,0.0012387621812086807,true,0.12732011728813722,0.0019347964553162456
71488,REACQUISITION,4.494,4083,0.0020002904,0.0,0.0,0.13656868208925899,3.7097211020301497E-4,true,0.14088868232500687,7.144709234125912E-4
71599,REACQUISITION,4.494,4083,0.0020002904,0.0,0.0,0.1314221171356509,4.2867421832451145E-4,true,0.12838462935384579,7.144709234125912E-4
71696,REACQUISITION,4.494,4293,0.0020002904,0.0,0.0,0.12725589910856874,0.001066452897336166,true,0.12443959349607249,0.0017118612304329872
71798,REACQUISITION,4.494,4293,0.0020002904,0.0,0.0,0.1317590489833629,0.0010836593469494113,true,0.1354908635128342,0.0011907849693670869
71890,REACQUISITION,4.494,4493,0.0020002904,0.0,0.0,0.132065369610841,6.090194184218081E-4,true,0.1328309913653358,0.0013886819360777736
71997,REACQUISITION,4.494,4493,0.0020002904,0.0,0.0,0.1276869374473264,0.00126650844910911,true,0.12425248653744736,0.0018549764063209295
72094,REACQUISITION,4.494,4693,0.0020002904,0.0,0.0,0.12501846657523877,0.0011990490558264491,true,0.12313664152918877,0.0012751225149258971
72194,REACQUISITION,4.494,4693,0.0020002904,0.0,0.0,0.13211920867691027,6.864165340562009E-4,true,0.13791185904682324,3.3680483466014266E-4
72297,REACQUISITION,4.494,4894,0.0020002904,0.0,0.0,0.13499220016108496,6.171533196394451E-4,true,0.137906933401965,0.0011907849693670869
72396,REACQUISITION,4.494,4894,0.0020002904,0.0,0.0,0.13193825126664938,7.870593321074168E-4,true,0.12959893163403532,0.001010414562188089
72495,DEAD_RECKONING,4.494,5094,0.0020002904,0.0,0.0,0.13277281294438392,0.0010161924051555026,true,0.13478367963094764,0.0017980458214879036
72597,DEAD_RECKONING,4.494,5094,0.0020002904,0.0,0.0,0.1278753226461332,0.0011373537412061473,true,0.12452190638602015,0.0015249487478286028
72703,DEAD_RECKONING,4.494,5295,0.0020002904,0.0,0.0,0.11572380897613796,0.00106949318711908,true,0.10650485340125594,0.0011907849693670869
72793,DEAD_RECKONING,4.494,5295,0.0020002904,0.0,0.0,0.12681135569052815,6.032415298112771E-4,true,0.13613674546158816,0.0011421607341617346
72895,DEAD_RECKONING,4.494,5495,0.0020002904,0.0,0.0,0.12970433425166605,3.1777724589616946E-4,true,0.13228102786247214,3.3680483466014266E-4
72997,DEAD_RECKONING,4.494,5495,0.0020002904,0.0,0.0,0.1292367379203184,2.894614609958088E-4,true,0.12887753932454793,3.3680483466014266E-4
73103,DEAD_RECKONING,4.494,5703,0.0020002904,0.0,0.0,0.12777433663137266,5.122540866360177E-4,true,0.12677896162160798,0.001010414562188089
73197,DEAD_RECKONING,4.494,5703,0.0020002904,0.0,0.0,0.13428910756980988,0.0012393102344030187,true,0.13946815300257379,0.0019347964553162456
73302,DEAD_RECKONING,4.494,5905,0.0020002904,0.0,0.0,0.1376770903588756,2.845394254556215E-4,true,0.14108664246856867,7.144709234125912E-4
73394,DEAD_RECKONING,4.494,5905,0.0020002904,0.0,0.0,0.13037129162467798,7.357753020761725E-4,true,0.12541866189369255,0.0014223110629245639
73500,DEAD_RECKONING,4.494,6108,0.0020002904,0.0,0.0,0.13081868625164017,0.0011160343493413006,true,0.13151719137927417,0.0014223110629245639
73596,DEAD_RECKONING,4.494,6108,0.0020002904,0.0,0.0,0.12109021353983035,7.337083006624247E-4,true,0.11468372163720444,0.0013886819360777736
73699,DEAD_RECKONING,4.494,6308,0.0020002904,0.0,0.0,0.12429058256592651,9.984617509478844E-4,true,0.12709035398309557,0.0012751225149258971
73793,DEAD_RECKONING,4.494,6308,0.0020002904,0.0,0.0,0.1332885591993886,5.940439116750648E-4,true,0.14057924487238707,3.3680483466014266E-4
73903,DEAD_RECKONING,4.33,190,0.009571639,0.0,0.0,0.1332762152999457,0.0010495715438016229,true,0.13356957950995255,0.0017118612304329872
73995,DEAD_RECKONING,4.33,190,0.009571639,0.0,0.0,0.13929546139517318,0.0010131311284701863,true,0.14459212839717103,0.0011907849693670869
74101,DEAD_RECKONING,4.33,390,0.009571639,0.0,0.0,0.13541008322140252,7.387309412194074E-4,true,0.1326913423028474,0.0016152592143043876
74196,DEAD_RECKONING,4.33,390,0.009571639,0.0,0.0,0.13223735116784666,0.0016747003117908203,true,0.12990457097370875,0.002837968058884144
74303,DEAD_RECKONING,4.33,590,0.009571639,0.0,0.0,0.12829940139126214,0.0011762407647131698,true,0.1252533449506427,0.0016152592143043876
74395,DEAD_RECKONING,4.33,590,0.009571639,0.0,0.0,0.13742195083915565,7.671659456651969E-4,true,0.14472124654658713,0.0016840242315083742
74497,DEAD_RECKONING,4.33,802,0.009571639,0.0,0.0,0.13606948053197376,8.352155336889404E-4,true,0.1352691010837142,0.001304439501836896
74596,DEAD_RECKONING,4.33,802,0.009571639,0.0,0.0,0.13026701468478463,0.0012379931915300997,true,0.12607882294505862,0.0016152592143043876
74695,DEAD_RECKONING,4.33,1003,0.009571639,0.0,0.0,0.13625346398434462,5.414901821797803E-4,true,0.14113450026507585,3.3680483466014266E-4
74796,DEAD_RECKONING,4.33,1003,0.009571639,0.0,0.0,0.1359680480168113,8.447920671674346E-4,true,0.13601541212721255,0.0011421607341617346
74915,DEAD_RECKONING,4.33,1203,0.009571639,0.0,0.0,0.1323832439831835,2.773436922936973E-4,true,0.13004665787417888,0.001010414562188089
75007,DEAD_RECKONING,4.33,1203,0.009571639,0.0,0.0,0.1418710754572302,0.0010962285999575145,true,0.14986857398410366,0.0020348140969872475
75114,DEAD_RECKONING,4.33,1404,0.009571639,0.0,0.0,0.13641179924743194,8.948669083791547E-4,true,0.13265418327543152,0.0016840242315083742
75206,DEAD_RECKONING,4.33,1404,0.009571639,0.0,0.0,0.133059488134869,9.299212023758618E-4,true,0.13048074818379987,0.0011907849693670869
75314,DEAD_RECKONING,4.33,1604,0.009571639,0.0,0.0,0.1281880152552217,0.0013435139029024416,true,0.12457251795570644,0.0024365060962736607
75408,DEAD_RECKONING,4.33,1604,0.009571639,0.0,0.0,0.12363079232844593,0.0015039233824138526,true,0.12010947124298597,0.0024209374096244574
75518,DEAD_RECKONING,4.33,1804,0.009571639,0.0,0.0,0.13521310194881578,0.00120633765523582,true,0.14440718331093796,0.0012751225149258971
75606,DEAD_RECKONING,4.33,1804,0.009571639,0.0,0.0,0.138252602267401,3.933546869858865E-4,true,0.14075074866484755,0.0011907849693670869
75702,DEAD_RECKONING,4.33,2010,0.009571639,0.0,0.0,0.13728239396142364,8.137691213838923E-4,true,0.13708946848574816,0.0016840242315083742
75805,DEAD_RECKONING,4.33,2010,0.009571639,0.0,0.0,0.13979992459398144,6.184041966727752E-4,true,0.14208033745659623,0.0012751225149258971
75906,DEAD_RECKONING,4.33,2010,0.009571639,0.0,0.0,0.14069533753085756,6.599931815973707E-4,true,0.14145160830321774,0.001010414562188089
76004,REACQUISITION,4.33,2218,0.009571639,0.0,0.0,0.14252270910283152,8.157125382898543E-4,true,0.1443781563440382,0.0011907849693670869
76103,REACQUISITION,4.33,2218,0.009571639,0.0,0.0,0.13908360376229886,0.0010112949934510203,true,0.13695573167183142,0.0011907849693670869
76205,REACQUISITION,4.33,2419,0.009571639,0.0,0.0,0.14090013996546558,6.899454693558087E-4,true,0.14235148650673474,7.144709234125912E-4
76306,REACQUISITION,4.33,2419,0.009571639,0.0,0.0,0.14347513274928456,9.976295699489276E-4,true,0.14605833382114924,0.0014223110629245639
76405,REACQUISITION,4.33,2619,0.009571639,0.0,0.0,0.13359820120928165,4.352021697032368E-4,true,0.12597487080914319,3.3680483466014266E-4
76504,REACQUISITION,4.33,2619,0.009571639,0.0,0.0,0.13333388913166946,5.834330573393207E-4,true,0.133251503428518,0.001010414562188089
76601,REACQUISITION,4.33,2832,0.009571639,0.0,0.0,0.14192185355306466,0.0011018395156621005,true,0.1488106646343455,0.002417029347270727
76705,REACQUISITION,4.33,2832,0.009571639,0.0,0.0,0.13598754370981242,0.001206193283008979,true,0.13129168400086855,0.001792780589312315
76803,REACQUISITION,4.33,3036,0.009571639,0.0,0.0,0.13342144599502664,0.0014142310803694907,true,0.13143660047093908,0.0016784013714641333
76902,REACQUISITION,4.33,3036,0.009571639,0.0,0.0,0.13786110399694212,0.0011113124634586518,true,0.1423131931763334,0.0014872899046167731
77003,REACQUISITION,4.33,3247,0.009571639,0.0,0.0,0.13946149730164023,0.0015427690907544379,true,0.1409821194805655,0.002597985789179802
77102,REACQUISITION,4.33,3247,0.009571639,0.0,0.0,0.14043129113865638,0.0011831635353225568,true,0.14132645956818174,0.0016840242315083742
77203,REACQUISITION,4.33,3448,0.009571639,0.0,0.0,0.13397464738845416,2.597949834818548E-4,true,0.1296069212741027,7.144709234125912E-4
77302,REACQUISITION,4.33,3448,0.009571639,0.0,0.0,0.13514615327218657,3.881585379219948E-4,true,0.13607633549584472,7.144709234125912E-4
77404,REACQUISITION,4.33,3649,0.009571639,0.0,0.0,0.12901681867166287,6.511337032401545E-4,true,0.12433027893746047,0.0013886819360777736
77504,REACQUISITION,4.33,3649,0.009571639,0.0,0.0,0.13946012437115804,0.001288222706109155,true,0.1477819475824177,0.0018549764063209295
77605,REACQUISITION,4.33,3855,0.009571639,0.0,0.0,0.14038280376618578,6.630777838959962E-4,true,0.14114469765756493,0.001010414562188089
77704,REACQUISITION,4.33,3855,0.009571639,0.0,0.0,0.12954434362053752,0.0011415973061073492,true,0.12102494547129232,0.0016840242315083742
77804,REACQUISITION,4.33,4060,0.009571639,0.0,0.0,0.12570465617082272,5.57819964528023E-4,true,0.12288980130633621,0.0017980458214879036
77914,REACQUISITION,4.33,4060,0.009571639,0.0,0.0,0.13040672218475918,8.942944070244492E-4,true,0.1348259276648829,0.0018549764063209295
78005,REACQUISITION,4.33,4260,0.009571639,0.0,0.0,0.13235086041679903,7.656241539696036E-4,true,0.13481299295375143,0.001010414562188089
78112,REACQUISITION,4.33,4260,0.009571639,0.0,0.0,0.1300115047260742,3.6471126199686077E-4,true,0.12834846205025147,7.144709234125912E-4
78213,REACQUISITION,4.33,4460,0.009571639,0.0,0.0,0.13479932820297866,0.0016068287337391532,true,0.13871096897711568,0.0027705482207238674
78314,REACQUISITION,4.33,4460,0.009571639,0.0,0.0,0.14053772943339649,0.0012381414554657826,true,0.14516901507357813,0.0013886819360777736
78411,REACQUISITION,4.33,4660,0.009571639,0.0,0.0,0.1372976520901479,0.001874392349760294,true,0.1362744218088422,0.002482627285644412
78514,REACQUISITION,4.33,4660,0.009571639,0.0,0.0,0.13548193992156865,0.00113065894954031,true,0.13460119492359723,0.0010471688583493233
78611,REACQUISITION,4.33,4861,0.009571639,0.0,0.0,0.1275283164298824,1.375502735363814E-4,true,0.12125298198867732,7.011151756159961E-4
78714,REACQUISITION,4.33,4861,0.009571639,0.0,0.0,0.1319815230729637,8.029406944329797E-4,true,0.13608045008211106,0.0013818579027429223
78813,DEAD_RECKONING,4.33,5061,0.009571639,0.0,0.0,0.13875770419903408,8.033471295780942E-4,true,0.1443099275077148,0.0016152592143043876
78915,DEAD_RECKONING,4.33,5061,0.009571639,0.0,0.0,0.13358553895793251,9.220008332913219E-4,true,0.12949014046025223,0.0011828197166323662
79011,DEAD_RECKONING,4.33,5262,0.009571639,0.0,0.0,0.14062586815877784,7.452975755164901E-4,true,0.14632285056588049,0.0011748004471883178
79116,DEAD_RECKONING,4.33,5262,0.009571639,0.0,0.0,0.128538519182103,9.726352204427514E-4,true,0.11954390942246997,0.00224676844663918
79211,DEAD_RECKONING,4.33,5471,0.009571639,0.0,0.0,0.11823002292861119,0.0010333183877708123,true,0.11009287604230887,0.0011907849693670869
79313,DEAD_RECKONING,4.33,5471,0.009571639,0.0,0.0,0.1189953739092553,0.0010198395901459753,true,0.12013992186614268,0.0014223110629245639
79413,DEAD_RECKONING,4.33,5672,0.009571639,0.0,0.0,0.12183404527271222,9.699591307299852E-4,true,0.1243023568638413,0.0011828197166323662
79512,DEAD_RECKONING,4.33,5672,0.009571639,0.0,0.0,0.12740201200020648,6.555615057856983E-4,true,0.13201423060007447,7.011151756159961E-4
79610,DEAD_RECKONING,4.33,5872,0.009571639,0.0,0.0,0.13313248582929565,4.995260929892974E-4,true,0.13776295172105354,0.0011748004471883178
79711,DEAD_RECKONING,4.33,5872,0.009571639,0.0,0.0,0.1452672509021071,0.0012381239037624508,true,0.15494228906873028,0.002107835141941905
79812,DEAD_RECKONING,4.33,6072,0.009571639,0.0,0.0,0.1349515887229828,0.0010629787776877558,true,0.12704977669904383,0.0025539491325616837
79912,DEAD_RECKONING,4.33,6072,0.009571639,0.0,0.0,0.1290975009623672,0.001234138545483107,true,0.12458008983891611,0.0017927807057276368
80010,DEAD_RECKONING,4.33,6272,0.009571639,0.0,0.0,0.12140068131360551,0.0016912464456996011,true,0.11541115775482322,0.0021033454686403275
80111,DEAD_RECKONING,4.33,6272,0.009571639,0.0,0.0,0.13177097725905812,0.00201201919691638,true,0.140042041819733,0.0025539491325616837
80211,DEAD_RECKONING,4.33,6473,0.009571639,0.0,0.0,0.1333936342979362,0.0018128089841478459,true,0.1347034218235596,0.0017007810529321432
80310,DEAD_RECKONING,4.33,6473,0.009571639,0.0,0.0,0.1278747904886162,5.12582762281818E-4,true,0.12356760446907067,0.0010561575181782246
80412,DEAD_RECKONING,4.273,256,0.0036436967,0.0,0.0,0.1317611541838269,9.93052618970396E-4,true,0.13485033451689954,0.001518737175501883
80511,DEAD_RECKONING,4.273,256,0.0036436967,0.0,0.0,0.12851453114804157,5.84809117597378E-4,true,0.12598595793375736,4.3481317698024213E-4
80611,DEAD_RECKONING,4.273,456,0.0036436967,0.0,0.0,0.12729888879301487,3.8329549832310573E-4,true,0.12655277664582884,7.011151756159961E-4
80712,DEAD_RECKONING,4.273,456,0.0036436967,0.0,0.0,0.13224129591302639,2.3534197223138123E-4,true,0.1366055145298381,4.3481317698024213E-4
80812,DEAD_RECKONING,4.273,656,0.0036436967,0.0,0.0,0.13448809943700266,9.75752267836861E-4,true,0.13628787374908136,0.0017007810529321432
80913,DEAD_RECKONING,4.273,656,0.0036436967,0.0,0.0,0.13607391392609614,4.748637822250633E-4,true,0.13738660042685186,4.3481317698024213E-4
81014,DEAD_RECKONING,4.273,857,0.0036436967,0.0,0.0,0.1370742145559214,0.0010764292080549897,true,0.13816053617755836,0.0020348140969872475
81113,DEAD_RECKONING,4.273,857,0.0036436967,0.0,0.0,0.13682394516567117,8.496554442716412E-4,true,0.13664243578191076,7.011151756159961E-4
81213,DEAD_RECKONING,4.273,1066,0.0036436967,0.0,0.0,0.1346469968505493,6.516334403932334E-4,true,0.13295812430630485,0.0010561575181782246
81326,DEAD_RECKONING,4.273,1066,0.0036436967,0.0,0.0,0.129894218176884,3.5602112690780576E-4,true,0.12615798094989178,4.3481317698024213E-4
81413,DEAD_RECKONING,4.273,1265,0.0036436967,0.0,0.0,0.14180193526787074,7.395131175500201E-4,true,0.15140978459310495,0.0010561575181782246
81524,DEAD_RECKONING,4.273,1265,0.0036436967,0.0,0.0,0.13619470603996026,5.069357330880134E-4,true,0.13225969495377207,0.0011828197166323662
81624,DEAD_RECKONING,4.273,1467,0.0036436967,0.0,0.0,0.13260950568131571,4.392798226328622E-4,true,0.12996846061537162,4.3481317698024213E-4
81726,DEAD_RECKONING,4.273,1467,0.0036436967,0.0,0.0,0.13093167224701563,7.091939657615323E-4,true,0.13012814497371378,0.0012971723917871714
81825,DEAD_RECKONING,4.273,1667,0.0036436967,0.0,0.0,0.12729703139594717,0.00142086790682083,true,0.12441267615528462,0.0020988464821130037
81924,DEAD_RECKONING,4.273,1667,0.0036436967,0.0,0.0,0.12673540991294846,2.8537813141223437E-4,true,0.12660281806632853,0.0010471688583493233
82021,DEAD_RECKONING,4.273,1867,0.0036436967,0.0,0.0,0.13115454532164858,1.1986855637469408E-4,true,0.13467046889601253,4.3481317698024213E-4
82121,DEAD_RECKONING,4.273,1867,0.0036436967,0.0,0.0,0.13260230409566856,2.9475717286809965E-4,true,0.13387982831638728,4.3481317698024213E-4
82222,DEAD_RECKONING,4.273,2067,0.0036436967,0.0,0.0,0.13183477791884413,2.823967488021666E-4,true,0.13126751305066378,7.011151756159961E-4
82322,DEAD_RECKONING,4.273,2067,0.0036436967,0.0,0.0,0.13333448893765512,1.718655940496986E-4,true,0.13467831318135937,4.3481317698024213E-4
82424,REACQUISITION,4.273,2268,0.0036436967,0.0,0.0,0.13215539331440387,5.565837986886431E-4,true,0.13139857204961,0.0010471688583493233
82522,REACQUISITION,4.273,2268,0.0036436967,0.0,0.0,0.13012062148563464,9.769440910249363E-4,true,0.12862279740572713,0.001760859158821404
82619,REACQUISITION,4.273,2470,0.0036436967,0.0,0.0,0.13381249978837115,8.981355320291472E-4,true,0.13723909609805005,0.0014223110629245639
82720,REACQUISITION,4.273,2470,0.0036436967,0.0,0.0,0.13384711252198103,0.0016323708304280713,true,0.13433176775258454,0.0023131081834435463
82819,REACQUISITION,4.273,2678,0.0036436967,0.0,0.0,0.1319199553994267,0.0015356422456608242,true,0.13079675749418118,0.0016840242315083742
82921,REACQUISITION,4.273,2678,0.0036436967,0.0,0.0,0.13185494751548404,5.126738777504364E-4,true,0.13187434407435078,7.011151756159961E-4
83021,REACQUISITION,4.273,2882,0.0036436967,0.0,0.0,0.13885321837322326,4.685011036860618E-4,true,0.14475849192332665,0.0011828197166323662
83119,REACQUISITION,4.273,2882,0.0036436967,0.0,0.0,0.1384051564448118,0.0010337878261553932,true,0.13922386144167287,0.0020301633048802614
83219,REACQUISITION,4.273,3083,0.0036436967,0.0,0.0,0.13989080071950122,9.813169456963644E-4,true,0.14124198835887095,0.0016152592143043876
83321,REACQUISITION,4.273,3083,0.0036436967,0.0,0.0,0.12421749802752721,8.375891073007869E-4,true,0.11178091040866901,0.0011828197166323662
83430,REACQUISITION,4.273,3284,0.0036436967,0.0,0.0,0.11959841895056779,8.815516573526566E-4,true,0.11718878754576309,0.001304439501836896
83522,REACQUISITION,4.273,3284,0.0036436967,0.0,0.0,0.12002900478609117,5.491111738948665E-4,true,0.12048801816803235,0.0016840242315083742
83624,REACQUISITION,4.273,3494,0.0036436967,0.0,0.0,0.12714785973283005,2.453608235780924E-4,true,0.1333026877238857,7.011151756159961E-4
83725,REACQUISITION,4.273,3494,0.0036436967,0.0,0.0,0.12149838482537148,5.205139501233558E-4,true,0.11724858594607816,0.0010471688583493233
83819,REACQUISITION,4.273,3695,0.0036436967,0.0,0.0,0.12688943417481627,6.725367414429324E-4,true,0.1316126665695884,0.0011828197166323662
83920,REACQUISITION,4.273,3695,0.0036436967,0.0,0.0,0.12756250443300501,0.001269401277817177,true,0.12834212162770836,0.0023775973822921515
84025,REACQUISITION,4.273,3896,0.0036436967,0.0,0.0,0.135813572880856,4.905544268206383E-4,true,0.14241452445633337,4.3481317698024213E-4
84120,REACQUISITION,4.273,3896,0.0036436967,0.0,0.0,0.12986404482154743,3.1425964583351997E-4,true,0.12520185317181365,4.3481317698024213E-4
84224,REACQUISITION,4.273,4097,0.0036436967,0.0,0.0,0.1286175370228356,0.0013868654839392534,true,0.12799110215804166,0.0024365060962736607
84321,REACQUISITION,4.273,4097,0.0036436967,0.0,0.0,0.1377611273956729,0.0010540839148337879,true,0.145121431400717,0.0020988464821130037
84427,REACQUISITION,4.273,4297,0.0036436967,0.0,0.0,0.1372619234466131,8.16179828904981E-4,true,0.13688336142423843,0.0011748004471883178
84521,REACQUISITION,4.273,4297,0.0036436967,0.0,0.0,0.14443110841892834,7.624698236568604E-4,true,0.15019285703250712,0.001518737175501883
84621,REACQUISITION,4.273,4497,0.0036436967,0.0,0.0,0.14050769799692353,0.0014512316343594175,true,0.1374931995375279,0.0023090175818651915
84730,REACQUISITION,4.273,4497,0.0036436967,0.0,0.0,0.13495919504280074,5.61400558477691E-4,true,0.13065555629512524,0.0011748004471883178
84829,REACQUISITION,4.273,4704,0.0036436967,0.0,0.0,0.13895997682113426,0.0013308542157843227,true,0.14238094503681964,0.0020988464821130037
84930,REACQUISITION,4.273,4704,0.0036436967,0.0,0.0,0.13026341074473508,6.631893221129192E-4,true,0.12360097361362159,0.0010561575181782246
85033,REACQUISITION,4.273,4908,0.0036436967,0.0,0.0,0.12925404235469215,5.557818525846973E-4,true,0.12871961947154661,0.001518737175501883
85129,REACQUISITION,4.273,4908,0.0036436967,0.0,0.0,0.12323049081203065,0.0016412575774037814,true,0.11851203781394766,0.0027119237929582596
85250,DEAD_RECKONING,4.273,5109,0.0036436967,0.0,0.0,0.13198156000168568,0.0015534874704822889,true,0.13928239026770214,0.0016784013714641333
85331,DEAD_RECKONING,4.273,5109,0.0036436967,0.0,0.0,0.12999787741984184,0.0017711929047449708,true,0.128869749942457,0.0020067463628947735
85437,DEAD_RECKONING,4.273,5309,0.0036436967,0.0,0.0,0.1406608779199446,0.0015510230282985214,true,0.14922033083482236,0.001518737175501883
85529,DEAD_RECKONING,4.273,5309,0.0036436967,0.0,0.0,0.13801089823587773,0.0011953926329613268,true,0.1361465994450211,0.0020301633048802614
85632,DEAD_RECKONING,4.273,5510,0.0036436967,0.0,0.0,0.13839268724227058,6.224423137588762E-4,true,0.13887456191373268,0.0013818579027429223
85730,DEAD_RECKONING,4.273,5510,0.0036436967,0.0,0.0,0.13199878402058857,7.092118593016233E-4,true,0.12703950995962945,0.0011828197166323662
85835,DEAD_RECKONING,4.273,5711,0.0036436967,0.0,0.0,0.1406456203191061,3.4949553146053917E-4,true,0.14775315539068576,0.0011748004471883178
85929,DEAD_RECKONING,4.273,5711,0.0036436967,0.0,0.0,0.14465383034795543,0.0010624682276601045,true,0.14816370091938408,0.0019347964553162456
86026,DEAD_RECKONING,4.273,5917,0.0036436967,0.0,0.0,0.1415384164698407,0.0014725546043298184,true,0.13967442734162677,0.002501593204215169
86130,DEAD_RECKONING,4.273,5917,0.0036436967,0.0,0.0,0.13691840163129101,0.0019330890632494801,true,0.13404981057609466,0.003144514048472047
86229,DEAD_RECKONING,4.273,5917,0.0036436967,0.0,0.0,0.1272827686740356,9.038256818162768E-4,true,0.11983702531054322,0.0027119237929582596
86327,DEAD_RECKONING,4.273,6123,0.0036436967,0.0,0.0,0.1379895840930846,9.556046249982565E-4,true,0.14690201773262354,0.0014872899046167731
86428,DEAD_RECKONING,4.273,6123,0.0036436967,0.0,0.0,0.13518370839544924,4.6546707337343407E-4,true,0.1330142312767341,7.144709234125912E-4
86526,DEAD_RECKONING,4.273,6323,0.0036436967,0.0,0.0,0.13106313587357704,9.264500462140628E-4,true,0.1283354872669432,0.0016840242315083742
86628,DEAD_RECKONING,4.273,6323,0.0036436967,0.0,0.0,0.14164679313694167,0.0011621163907424772,true,0.150236348459282,0.0016840242315083742
86729,DEAD_RECKONING,4.001,207,0.020871729,0.0,0.0,0.13610931188624484,0.001164805108409221,true,0.13176538650611724,0.002837968058884144
86828,DEAD_RECKONING,4.001,207,0.020871729,0.0,0.0,0.12542464248142723,0.0014166096807551696,true,0.11697970776118194,0.001792780589312315
86929,DEAD_RECKONING,4.001,408,0.020871729,0.0,0.0,0.13540816321247331,0.001159529196865235,true,0.1434043775768063,0.0011421607341617346
87028,DEAD_RECKONING,4.001,408,0.020871729,0.0,0.0,0.13428600792442988,0.0012037448614132028,true,0.13346246787209315,0.001304439501836896
87129,DEAD_RECKONING,4.001,621,0.020871729,0.0,0.0,0.13473757642791656,8.23633854009209E-4,true,0.1354148568966112,0.0013886819360777736
87230,DEAD_RECKONING,4.001,621,0.020871729,0.0,0.0,0.13349422476423206,0.0016665243491574002,true,0.1325979573397945,0.0026591233909130096
87329,DEAD_RECKONING,4.001,823,0.020871729,0.0,0.0,0.13656609138238437,0.0015735303390426363,true,0.13943290927062985,0.0017662195023149252
87430,DEAD_RECKONING,4.001,823,0.020871729,0.0,0.0,0.12484042999758348,0.0016548180932168212,true,0.11732122289732977,0.0017662195023149252
87529,DEAD_RECKONING,4.001,1024,0.020871729,0.0,0.0,0.13126559330544607,3.311249369815423E-4,true,0.1373996133392292,0.0011907849693670869
87630,DEAD_RECKONING,4.001,1024,0.020871729,0.0,0.0,0.14586357235837158,9.609224745480397E-4,true,0.15789352365424159,0.0016784013714641333
87731,DEAD_RECKONING,4.001,1231,0.020871729,0.0,0.0,0.1462908904449397,9.81564269060305E-4,true,0.14674951118341928,0.001304439501836896
87831,DEAD_RECKONING,4.001,1231,0.020871729,0.0,0.0,0.13484113760116534,0.001824879289760698,true,0.12629167380163275,0.002539100358262658
87931,DEAD_RECKONING,4.001,1435,0.020871729,0.0,0.0,0.14088109872277108,9.831677572862251E-4,true,0.14579260637761415,7.144709234125912E-4
88031,DEAD_RECKONING,4.001,1435,0.020871729,0.0,0.0,0.13319712508083592,0.0010014000589314538,true,0.12760523431216664,0.0011421607341617346
88142,DEAD_RECKONING,4.001,1636,0.020871729,0.0,0.0,0.12812820646627954,0.0013526837345196124,true,0.1243348705845375,0.0020067463628947735
88243,DEAD_RECKONING,4.001,1636,0.020871729,0.0,0.0,0.13591038844384126,8.981000960119496E-4,true,0.14240399476819945,0.0011907849693670869
88331,DEAD_RECKONING,4.001,1837,0.020871729,0.0,0.0,0.13502254841287634,9.960195582560006E-4,true,0.13563764731761804,0.0011907849693670869
88440,DEAD_RECKONING,4.001,1837,0.020871729,0.0,0.0,0.1375633074303139,8.107620021678808E-4,true,0.13996538832184083,0.0011421607341617346
88541,DEAD_RECKONING,4.001,2038,0.020871729,0.0,0.0,0.1326082274577649,8.611151665575802E-4,true,0.1286950034174967,0.0013886819360777736
88642,DEAD_RECKONING,4.001,2038,0.020871729,0.0,0.0,0.13446892535362148,0.001262479255390072,true,0.13596725190668438,0.0016840242315083742
88740,REACQUISITION,4.001,2240,0.020871729,0.0,0.0,0.13599470324364932,9.842450183505137E-4,true,0.13775944811340296,0.0011421607341617346
88845,REACQUISITION,4.001,2240,0.020871729,0.0,0.0,0.13824905200734006,0.001608775809826606,true,0.14007311454458837,0.0022213803604245186
88939,REACQUISITION,4.001,2450,0.020871729,0.0,0.0,0.13610517171864245,9.508501110529479E-4,true,0.1344307601537241,0.0011907849693670869
89042,REACQUISITION,4.001,2450,0.020871729,0.0,0.0,0.13119562822927378,8.803080424757942E-4,true,0.12774387429748435,0.001010414562188089
89142,REACQUISITION,4.001,2650,0.020871729,0.0,0.0,0.12923627900992454,9.105902927903314E-4,true,0.12781487568186517,0.001304439501836896
89240,REACQUISITION,4.001,2650,0.020871729,0.0,0.0,0.13500309884282166,4.309880549431335E-4,true,0.13961163585259762,3.3680483466014266E-4
89338,REACQUISITION,4.001,2851,0.020871729,0.0,0.0,0.12521486432570667,6.339393843694457E-4,true,0.11748917750417175,0.001010414562188089
89435,REACQUISITION,4.001,2851,0.020871729,0.0,0.0,0.1382471255067538,4.0767808260216103E-4,true,0.14871691098358597,7.144709234125912E-4
89540,REACQUISITION,4.001,3050,0.020871729,0.0,0.0,0.12873783550422935,5.478468122226633E-4,true,0.12119154701749982,7.144709234125912E-4
89636,REACQUISITION,4.001,3050,0.020871729,0.0,0.0,0.1307467189457359,8.288815971411313E-4,true,0.13269709012022018,0.0011907849693670869
89742,REACQUISITION,4.001,3251,0.020871729,0.0,0.0,0.13293385659354506,9.572208338396118E-4,true,0.13492164349608693,0.001304439501836896
89839,REACQUISITION,4.001,3251,0.020871729,0.0,0.0,0.1304140120015771,0.001340668434643324,true,0.1284161230610059,0.0017980458214879036
89939,REACQUISITION,4.001,3452,0.020871729,0.0,0.0,0.13433804360013996,3.232761511819619E-4,true,0.13769476795954788,0.0013886819360777736
90036,REACQUISITION,4.001,3452,0.020871729,0.0,0.0,0.13465727940772593,7.873728437660547E-4,true,0.1349151096364733,0.001304439501836896
90139,REACQUISITION,4.001,3652,0.020871729,0.0,0.0,0.13418559366397528,0.001468466705506074,true,0.13503251570220498,0.0021033454686403275
90238,REACQUISITION,4.001,3652,0.020871729,0.0,0.0,0.1362798280984847,9.006769543375892E-4,true,0.13849038555956245,0.0011907849693670869
90338,REACQUISITION,4.001,3862,0.020871729,0.0,0.0,0.14001201722144235,0.0013201248521291572,true,0.14369664717395028,0.0027671342249959707
90440,REACQUISITION,4.001,3862,0.020871729,0.0,0.0,0.13734264073278984,0.001542785640012151,true,0.13526321102119845,0.0021522154565900564
90539,REACQUISITION,4.001,4063,0.020871729,0.0,0.0,0.1333047285204556,0.001647809882110561,true,0.1304206600445196,0.0017662195023149252
90640,REACQUISITION,4.001,4063,0.020871729,0.0,0.0,0.12931256681320344,9.639338464762568E-4,true,0.1265651364250056,0.002085290616378188
90740,REACQUISITION,4.001,4264,0.020871729,0.0,0.0,0.13407310066579933,7.124320871457062E-4,true,0.13793578761967976,0.0014872899046167731
90840,REACQUISITION,4.001,4264,0.020871729,0.0,0.0,0.13420303661695115,7.877506836609849E-4,true,0.13434836456742014,0.0011907849693670869
90942,REACQUISITION,4.001,4465,0.020871729,0.0,0.0,0.13394369946838333,0.0015009785006640363,true,0.13398241624244409,0.0027119237929582596
91039,REACQUISITION,4.001,4465,0.020871729,0.0,0.0,0.12432295659211971,4.3657072474121453E-4,true,0.11700650466677945,7.144709234125912E-4
91140,REACQUISITION,4.001,4666,0.020871729,0.0,0.0,0.12982854834837892,8.892876819995342E-4,true,0.13421098832483364,0.0013886819360777736
91251,REACQUISITION,4.001,4666,0.020871729,0.0,0.0,0.13106428136601125,0.001031475858027497,true,0.13216506057124316,0.0014872899046167731
91340,REACQUISITION,4.001,4876,0.020871729,0.0,0.0,0.1342362407085017,3.0172949504331313E-4,true,0.13679421014453572,0.0011907849693670869
91439,REACQUISITION,4.001,4876,0.020871729,0.0,0.0,0.13208795684382604,9.386008566762648E-4,true,0.130409980663865,0.0018549764063209295
91547,DEAD_RECKONING,4.001,5076,0.020871729,0.0,0.0,0.12032814527308376,7.040322931078682E-4,true,0.11114681283682451,0.001304439501836896
91651,DEAD_RECKONING,4.001,5076,0.020871729,0.0,0.0,0.13267766339011539,6.603720430725352E-4,true,0.14259535963923256,0.0011907849693670869
91756,DEAD_RECKONING,4.001,5277,0.020871729,0.0,0.0,0.13118017463615794,9.333581554181487E-4,true,0.13013866071781488,0.0011907849693670869
91851,DEAD_RECKONING,4.001,5277,0.020871729,0.0,0.0,0.1278107105745214,0.0010742509193029564,true,0.12541231504281206,0.0011907849693670869
91949,DEAD_RECKONING,4.001,5477,0.020871729,0.0,0.0,0.1317440927773868,3.731622690759607E-4,true,0.13496836220280617,0.0012751225149258971
92051,DEAD_RECKONING,4.001,5477,0.020871729,0.0,0.0,0.13702736050088166,0.0010618704857882492,true,0.14129131161880956,0.0020067463628947735
92151,DEAD_RECKONING,4.001,5678,0.020871729,0.0,0.0,0.13738212574058045,0.0011617712990128507,true,0.13825565570571655,0.0016152592143043876
92248,DEAD_RECKONING,4.001,5678,0.020871729,0.0,0.0,0.1299495064286355,0.0015967977757211738,true,0.12453481251847506,0.0021784096024930477
92351,DEAD_RECKONING,4.001,5878,0.020871729,0.0,0.0,0.13822619190687452,0.0015495942908681519,true,0.14514200329794993,0.0021033454686403275
92448,DEAD_RECKONING,4.001,5878,0.020871729,0.0,0.0,0.13250479570328835,5.29147835901036E-4,true,0.12825606529921077,0.002085290616378188
92548,DEAD_RECKONING,4.001,6078,0.020871729,0.0,0.0,0.1269724704641253,9.523321880318678E-4,true,0.12273390753378619,0.0020348140969872475
92651,DEAD_RECKONING,4.001,6078,0.020871729,0.0,0.0,0.1271999830426322,0.0016408945710134385,true,0.12790245534581482,0.00224676844663918
92746,DEAD_RECKONING,4.001,6278,0.020871729,0.0,0.0,0.12626993367472478,0.0012834278479825075,true,0.1260541002510896,0.0011907849693670869
92846,DEAD_RECKONING,4.001,6278,0.020871729,0.0,0.0,0.13150208993733137,0.0011931407398628965,true,0.13579216430138952,0.002474999986588955
92948,DEAD_RECKONING,4.009,151,0.0022098136,0.0,0.0,0.1307563324528511,8.816096178250176E-4,true,0.1306328823449755,0.0013886819360777736
93045,DEAD_RECKONING,4.009,151,0.0022098136,0.0,0.0,0.1355355846690867,7.809948121618852E-4,true,0.13940101678624997,0.001304439501836896
93149,DEAD_RECKONING,4.009,363,0.0022098136,0.0,0.0,0.14126598623240566,9.558935999402885E-4,true,0.145864083836957,0.0011421607341617346
93247,DEAD_RECKONING,4.009,363,0.0022098136,0.0,0.0,0.13585440184362652,0.0017646093740103074,true,0.13210753192868965,0.0027119237929582596
93347,DEAD_RECKONING,4.009,564,0.0022098136,0.0,0.0,0.1387278844220332,0.0011863700202344612,true,0.1413356977352614,0.0016152592143043876
93446,DEAD_RECKONING,4.009,564,0.0022098136,0.0,0.0,0.13037153240222882,7.823436165173101E-4,true,0.12418070498472596,0.0014223110629245639
93544,DEAD_RECKONING,4.009,764,0.0022098136,0.0,0.0,0.1311850249760317,5.352811033912314E-4,true,0.13216892583287002,0.0012751225149258971
93645,DEAD_RECKONING,4.009,764,0.0022098136,0.0,0.0,0.13393189571928202,0.0012196223139917003,true,0.13637233145585315,0.0017715635476633906
93746,DEAD_RECKONING,4.009,964,0.0022098136,0.0,0.0,0.13629851475352495,0.001058383958676915,true,0.13854461019107236,0.0013886819360777736
93846,DEAD_RECKONING,4.009,964,0.0022098136,0.0,0.0,0.14206781838989352,6.559758910661252E-4,true,0.14699600145770841,3.3680483466014266E-4
93947,DEAD_RECKONING,4.009,1165,0.0022098136,0.0,0.0,0.14241449610821436,6.588495430116108E-4,true,0.1428616552509435,0.0012971723917871714
94047,DEAD_RECKONING,4.009,1165,0.0022098136,0.0,0.0,0.14114247622027776,0.001226153298406506,true,0.1408020471230509,0.00202550133690238
94146,DEAD_RECKONING,4.009,1365,0.0022098136,0.0,0.0,0.13311241076872277,9.347215557438434E-4,true,0.12896719305613671,0.0014936323277652264
94247,DEAD_RECKONING,4.009,1365,0.0022098136,0.0,0.0,0.13337897772641893,0.0013163710265597468,true,0.1338971205894416,0.0023576337844133377
94351,DEAD_RECKONING,4.009,1574,0.0022098136,0.0,0.0,0.1365610814669326,7.126649426353261E-4,true,0.13925641183930537,3.3680483466014266E-4
94449,DEAD_RECKONING,4.009,1574,0.0022098136,0.0,0.0,0.13919878250285436,4.742473628868585E-4,true,0.14145381089822656,3.3680483466014266E-4
94548,DEAD_RECKONING,4.009,1776,0.0022098136,0.0,0.0,0.13626456621732894,4.5195978125381776E-4,true,0.13399114863162986,8.476069197058678E-4
94658,DEAD_RECKONING,4.009,1776,0.0022098136,0.0,0.0,0.1380330573084299,8.460651799350832E-4,true,0.13987760311630912,0.0018702021334320307
94750,DEAD_RECKONING,4.009,1977,0.0022098136,0.0,0.0,0.131876181188923,8.083935190158362E-4,true,0.12727532197545335,0.0017007810529321432
94861,DEAD_RECKONING,4.009,1977,0.0022098136,0.0,0.0,0.13466915721282038,0.001386442257301635,true,0.1372955408236299,0.0021697133779525757
94954,REACQUISITION,4.009,2178,0.0022098136,0.0,0.0,0.13679020461734367,5.851984030835686E-4,true,0.1386949702589109,0.0017715635476633906
95057,REACQUISITION,4.009,2178,0.0022098136,0.0,0.0,0.13521855869474123,8.227186608273116E-4,true,0.13434236918006587,0.0015916775446385145
95166,REACQUISITION,4.009,2388,0.0022098136,0.0,0.0,0.1275778537003082,0.001167333211766974,true,0.1216151788782903,0.0016840242315083742
95256,REACQUISITION,4.009,2388,0.0022098136,0.0,0.0,0.13236530829612733,0.0016469629393882476,true,0.1361763336897971,0.003031243570148945
95368,REACQUISITION,4.009,2589,0.0022098136,0.0,0.0,0.13921339794301807,0.0014777367928712262,true,0.14508112052879252,0.0017715635476633906
95460,REACQUISITION,4.009,2589,0.0022098136,0.0,0.0,0.13580931615483283,0.0014296583251159206,true,0.13360151810901186,0.0014936323277652264
95561,REACQUISITION,4.009,2790,0.0022098136,0.0,0.0,0.13338376646690586,0.0013666336447150076,true,0.1318797428730626,0.002304919995367527
95656,REACQUISITION,4.009,2790,0.0022098136,0.0,0.0,0.13600533365018744,4.52605400496979E-4,true,0.13891022368631425,3.3680483466014266E-4
95764,REACQUISITION,4.009,2991,0.0022098136,0.0,0.0,0.13324239591866063,5.94213565940786E-4,true,0.13188618040640174,0.001010414562188089
95856,REACQUISITION,4.009,2991,0.0022098136,0.0,0.0,0.13149796239936298,4.609368932524329E-4,true,0.13029298735557404,8.80429579410702E-4
95965,REACQUISITION,4.009,3192,0.0022098136,0.0,0.0,0.12732611932435522,0.001526780202136515,true,0.12422526004950415,0.0028776617255061865
96055,REACQUISITION,4.009,3192,0.0022098136,0.0,0.0,0.12449920889982728,5.565406789443776E-4,true,0.1224971352954546,8.80429579410702E-4
96158,REACQUISITION,4.009,3392,0.0022098136,0.0,0.0,0.1324447149572819,5.859073453274853E-4,true,0.14104634734610907,8.80429579410702E-4
96258,REACQUISITION,4.009,3392,0.0022098136,0.0,0.0,0.13043974914439452,0.001584986156135484,true,0.12915815035099493,0.0032712286338210106
96364,REACQUISITION,4.009,3593,0.0022098136,0.0,0.0,0.13057494190594454,7.140590011856137E-4,true,0.13097220203684473,0.0016840242315083742
96457,REACQUISITION,4.009,3593,0.0022098136,0.0,0.0,0.13023914867499192,0.0016874079749808841,true,0.1299913842549073,0.0027705482207238674
96553,REACQUISITION,4.009,3800,0.0022098136,0.0,0.0,0.13319547804109438,0.0014659369257443656,true,0.13618192360847478,0.0019347964553162456
96654,REACQUISITION,4.009,3800,0.0022098136,0.0,0.0,0.13689306933774859,9.287404169707626E-4,true,0.1399126623511877,0.0015124999918043613
96755,REACQUISITION,4.009,3800,0.0022098136,0.0,0.0,0.13219483544418645,9.81449889476507E-4,true,0.12873498373090997,0.0018549764063209295
96853,REACQUISITION,4.009,4006,0.0022098136,0.0,0.0,0.1309099247586232,6.152957340535996E-4,true,0.13075944732036415,3.3680483466014266E-4
96954,REACQUISITION,4.009,4006,0.0022098136,0.0,0.0,0.13143096723447067,4.5722464689290805E-4,true,0.13193807859811565,3.3680483466014266E-4
97056,REACQUISITION,4.009,4205,0.0022098136,0.0,0.0,0.12245062973304012,5.709366182846955E-4,true,0.1153238311968589,0.001010414562188089
97155,REACQUISITION,4.009,4205,0.0022098136,0.0,0.0,0.14022855053093802,3.4928902328854836E-4,true,0.154696205998278,3.3680483466014266E-4
97256,REACQUISITION,4.009,4407,0.0022098136,0.0,0.0,0.14077812922186234,6.934120087325786E-4,true,0.14144373781842295,0.0012751225149258971
97355,REACQUISITION,4.009,4407,0.0022098136,0.0,0.0,0.1384626973825556,0.001025409585897764,true,0.13764980874572555,0.0019493988947942853
97457,REACQUISITION,4.009,4623,0.0022098136,0.0,0.0,0.13958612626845562,0.0017019114652733686,true,0.14075645797201064,0.0027705482207238674
97557,REACQUISITION,4.009,4623,0.0022098136,0.0,0.0,0.13362612368084248,0.001160759149481286,true,0.12917461465716992,0.0012971723917871714
97655,REACQUISITION,4.009,4833,0.0022098136,0.0,0.0,0.13092187080552492,0.0010423333492805206,true,0.12982782264609014,0.0024826270528137684
97765,REACQUISITION,4.009,4833,0.0022098136,0.0,0.0,0.12779150485949362,8.721152414563967E-4,true,0.1268627557800825,0.0012751225149258971
97868,REACQUISITION,4.009,5035,0.0022098136,0.0,0.0,0.12666809236478138,5.473439631652846E-4,true,0.12659068025423048,0.0011748004471883178
97970,REACQUISITION,4.009,5035,0.0022098136,0.0,0.0,0.1264680909041146,5.337398146507727E-4,true,0.1263391043374551,0.0013886819360777736
98067,DEAD_RECKONING,4.009,5235,0.0022098136,0.0,0.0,0.13779084055713747,0.001464523732053745,true,0.14733656318722818,0.0025428207591176033
98167,DEAD_RECKONING,4.009,5235,0.0022098136,0.0,0.0,0.12993714300984846,0.0010476696226420995,true,0.1239042427542079,0.0012751225149258971
98269,DEAD_RECKONING,4.009,5436,0.0022098136,0.0,0.0,0.12790994481871648,5.113893966971091E-4,true,0.12675907273861092,0.0012751225149258971
98364,DEAD_RECKONING,4.009,5436,0.0022098136,0.0,0.0,0.13197462227339435,5.595460764671571E-4,true,0.13535824968574178,8.476069197058678E-4
98466,DEAD_RECKONING,4.009,5636,0.0022098136,0.0,0.0,0.14096514205726227,8.150768425272508E-4,true,0.14814982513757005,0.0012751225149258971
98567,DEAD_RECKONING,4.009,5636,0.0022098136,0.0,0.0,0.1362366286215659,8.251843778620976E-4,true,0.13265829949710142,0.002085290616378188
98664,DEAD_RECKONING,4.009,5840,0.0022098136,0.0,0.0,0.14325321294623353,9.26735432895015E-4,true,0.14888249694982147,0.001010414562188089
98769,DEAD_RECKONING,4.009,5840,0.0022098136,0.0,0.0,0.13795389337108924,0.0011877181814164276,true,0.1337961163086457,0.0018549764063209295
98865,DEAD_RECKONING,4.009,6047,0.0022098136,0.0,0.0,0.13935596369323677,7.462225753862883E-4,true,0.14077912996077083,0.0020988464821130037
98967,DEAD_RECKONING,4.009,6047,0.0022098136,0.0,0.0,0.14011470264206435,5.568542320811249E-4,true,0.14111702997379805,8.476069197058678E-4
99063,DEAD_RECKONING,4.009,6248,0.0022098136,0.0,0.0,0.14946209118052164,0.0012330364189210995,true,0.1570122979380725,0.0026484369300305843
99160,DEAD_RECKONING,4.009,6248,0.0022098136,0.0,0.0,0.14055366119258564,2.3728294978841053E-4,true,0.1347667609659696,0.0011748004471883178
99262,DEAD_RECKONING,3.94,143,0.0044703744,0.0,0.0,0.13222155973233404,8.694141284881588E-4,true,0.1261663068343941,0.0014936323277652264
99364,DEAD_RECKONING,3.94,143,0.0044703744,0.0,0.0,0.12908869142259702,8.338618075131147E-4,true,0.12680864705240102,0.0015124999918043613
99465,DEAD_RECKONING,3.94,344,0.0044703744,0.0,0.0,0.1235678500458777,0.0010132204649736564,true,0.11919330152677281,0.00202550133690238
99566,DEAD_RECKONING,3.94,344,0.0044703744,0.0,0.0,0.12876646314269513,4.758775867597801E-4,true,0.1337951054566499,8.476069197058678E-4
99665,DEAD_RECKONING,3.94,545,0.0044703744,0.0,0.0,0.1350532628669084,6.370255453394526E-4,true,0.14019489045175804,0.0012751225149258971
99762,DEAD_RECKONING,3.94,545,0.0044703744,0.0,0.0,0.1321041675540478,4.1977884516333845E-4,true,0.13016007420641795,3.3680483466014266E-4
99862,DEAD_RECKONING,3.94,745,0.0044703744,0.0,0.0,0.13305930453599077,9.112425394953238E-4,true,0.1342007753432106,0.0016093961894512177
99961,DEAD_RECKONING,3.94,745,0.0044703744,0.0,0.0,0.13589052434802554,0.002178192294353989,true,0.13824052907141224,0.003529761917889118
100065,DEAD_RECKONING,3.94,945,0.0044703744,0.0,0.0,0.12940518361027653,0.0019177621499947412,true,0.1243941113738882,0.0018549764063209295
100163,DEAD_RECKONING,3.94,945,0.0044703744,0.0,0.0,0.13284764100953975,0.0015416589254120825,true,0.1363248710160906,0.0016093961894512177
100262,DEAD_RECKONING,3.94,1155,0.0044703744,0.0,0.0,0.13891142172968837,7.675287681284117E-4,true,0.14385604059379611,0.0020988464821130037
100364,DEAD_RECKONING,3.94,1155,0.0044703744,0.0,0.0,0.13021092498929707,7.079576936607487E-4,true,0.12520746552855874,8.476069197058678E-4
100463,DEAD_RECKONING,3.94,1355,0.0044703744,0.0,0.0,0.131503614813818,8.698692429095998E-4,true,0.13375209518381118,0.0012751225149258971
100564,DEAD_RECKONING,3.94,1355,0.0044703744,0.0,0.0,0.1281432789066302,0.001707184699893814,true,0.1255852397666558,0.0025428207591176033
100665,DEAD_RECKONING,3.94,1556,0.0044703744,0.0,0.0,0.13571753655326976,4.4059228530525583E-4,true,0.14283692857353508,0.0012751225149258971
100766,DEAD_RECKONING,3.94,1556,0.0044703744,0.0,0.0,0.13605825841264824,9.462130110354837E-4,true,0.13675410080291167,0.0014936323277652264
100865,DEAD_RECKONING,3.94,1756,0.0044703744,0.0,0.0,0.12968462029505504,0.001034377007904889,true,0.12603445930112547,0.0012751225149258971
100966,DEAD_RECKONING,3.94,1756,0.0044703744,0.0,0.0,0.12991257905803022,9.110558606965732E-4,true,0.1300977349166955,0.0013886819360777736
101065,DEAD_RECKONING,3.94,1958,0.0044703744,0.0,0.0,0.12417393662186106,0.0011409272307930148,true,0.12010570300508702,0.0013886819360777736
101165,DEAD_RECKONING,3.94,1958,0.0044703744,0.0,0.0,0.1316844339931415,0.0010643816302949236,true,0.1382566783234915,0.0015916775446385145
101265,REACQUISITION,3.94,2159,0.0044703744,0.0,0.0,0.1355526769359206,4.631285609692474E-4,true,0.1394112012579709,8.80429579410702E-4
101372,REACQUISITION,3.94,2159,0.0044703744,0.0,0.0,0.13332056943053527,9.008134464840914E-4,true,0.13213289626706415,0.0017715635476633906
101478,REACQUISITION,3.94,2370,0.0044703744,0.0,0.0,0.12726333820621683,9.87791308521359E-4,true,0.12297651058113389,0.0012751225149258971
101572,REACQUISITION,3.94,2370,0.0044703744,0.0,0.0,0.13326777700658568,0.001288980066690901,true,0.13907024475817858,0.0015916775446385145
101676,REACQUISITION,3.94,2571,0.0044703744,0.0,0.0,0.13463550149144649,7.437332579726129E-4,true,0.13594819358296745,0.0012751225149258971
101774,REACQUISITION,3.94,2571,0.0044703744,0.0,0.0,0.14051424782467134,5.530950874947533E-4,true,0.1454734863028019,8.476069197058678E-4
101873,REACQUISITION,3.94,2772,0.0044703744,0.0,0.0,0.13642747246316855,2.941586078645008E-4,true,0.1332924641458865,3.3680483466014266E-4
101978,REACQUISITION,3.94,2772,0.0044703744,0.0,0.0,0.132788850659316,9.2098910746561E-4,true,0.13023663395398097,0.0015916775446385145
102073,REACQUISITION,3.94,2972,0.0044703744,0.0,0.0,0.13568876815854863,0.001099631943748546,true,0.1380125445321506,0.0019347964553162456
102174,REACQUISITION,3.94,2972,0.0044703744,0.0,0.0,0.13454257890314322,3.949299196686557E-4,true,0.13403174384498173,3.3680483466014266E-4
102274,REACQUISITION,3.94,3172,0.0044703744,0.0,0.0,0.12513930098899348,7.264965868950548E-4,true,0.11781919011757264,0.0012751225149258971
102372,REACQUISITION,3.94,3172,0.0044703744,0.0,0.0,0.13491052703191586,0.0010258490119903077,true,0.14380009964957183,0.0012751225149258971
102474,REACQUISITION,3.94,3372,0.0044703744,0.0,0.0,0.12718053962347933,0.004862422149369396,true,0.12128067319121312,0.007920286618173122
102572,REACQUISITION,3.94,3372,0.0044703744,0.0,0.0,0.13559298226898087,0.005484209615553892,true,0.15876964232403615,0.006032788194715977
102671,REACQUISITION,3.94,3582,0.0044703744,0.0,0.0,0.13572710706713384,0.0049164238315557406,true,0.1452586421570949,0.013105848804116249
102775,REACQUISITION,3.94,3582,0.0044703744,0.0,0.0,0.13875106017538408,9.002994060109755E-4,true,0.14751318395375196,0.002655565971508622
102870,REACQUISITION,3.94,3783,0.0044703744,0.0,0.0,0.12722124510354163,0.0010492525104353837,true,0.12583106954771384,0.0012971723917871714
102972,REACQUISITION,3.94,3783,0.0044703744,0.0,0.0,0.13158890867350426,0.0056841057079928415,true,0.1390840524620077,0.009383304975926876
103074,REACQUISITION,3.94,3984,0.0044703744,0.0,0.0,0.12719760644126984,0.0032453565318644327,true,0.13034811857504183,0.0018702021334320307
103171,REACQUISITION,3.94,3984,0.0044703744,0.0,0.0,0.13210541477245244,0.0012487093191973092,true,0.1366972367377865,0.00464456994086504
103271,REACQUISITION,3.94,4184,0.0044703744,0.0,0.0,0.13372286300872785,0.0010187788178619833,true,0.1352682272972759,0.002612499985843897
103371,REACQUISITION,3.94,4184,0.0044703744,0.0,0.0,0.14051717664479305,7.831751052294743E-4,true,0.14721048788319543,0.0017715635476633906
103474,REACQUISITION,3.94,4385,0.0044703744,0.0,0.0,0.13135450438433305,5.270626060612958E-4,true,0.12438961717072923,3.3680483466014266E-4
103572,REACQUISITION,3.94,4385,0.0044703744,0.0,0.0,0.12951320315376894,4.18368280920885E-4,true,0.1281745817085242,3.3680483466014266E-4
103672,REACQUISITION,3.94,4586,0.0044703744,0.0,0.0,0.12991266091183015,8.484576922622265E-4,true,0.13034952921394027,0.0012751225149258971
103772,REACQUISITION,3.94,4586,0.0044703744,0.0,0.0,0.13048071567818528,0.001499874871684602,true,0.1309408838595008,0.0023455743212252855
103872,REACQUISITION,3.94,4794,0.0044703744,0.0,0.0,0.13082680893240892,9.540405941599031E-4,true,0.13116295054494462,0.001010414562188089
103973,REACQUISITION,3.94,4794,0.0044703744,0.0,0.0,0.13008764053980612,0.0017353618444527165,true,0.13228518036992182,0.0028346350882202387
104076,REACQUISITION,3.94,4995,0.0044703744,0.0,0.0,0.127741815907051,0.0010935534451788627,true,0.1272181056506031,8.80429579410702E-4
104172,REACQUISITION,3.94,4995,0.0044703744,0.0,0.0,0.1374338623634041,4.5741882281352604E-4,true,0.14541524934918917,8.476069197058678E-4
104284,DEAD_RECKONING,3.94,5196,0.0044703744,0.0,0.0,0.13738849493750568,6.089985543882613E-4,true,0.1374524908306909,0.001010414562188089
104383,DEAD_RECKONING,3.94,5196,0.0044703744,0.0,0.0,0.13745463230217106,0.0010600170201919793,true,0.1433826079611416,0.0023536207154393196
104476,DEAD_RECKONING,3.94,5398,0.0044703744,0.0,0.0,0.13695198072055523,0.00379119889121588,true,0.16572518025092633,0.006032788194715977
104584,DEAD_RECKONING,3.94,5398,0.0044703744,0.0,0.0,0.13099697411932879,0.0016319472470772713,true,0.1317490544486299,8.80429579410702E-4
104686,DEAD_RECKONING,3.94,5599,0.0044703744,0.0,0.0,0.1374543634090609,0.002566790161072454,true,0.1450342968550963,0.0036327072884887457
104784,DEAD_RECKONING,3.94,5599,0.0044703744,0.0,0.0,0.13258848368115356,0.0015561941329888481,true,0.12878013573642322,0.0018549764063209295
104882,DEAD_RECKONING,3.94,5799,0.0044703744,0.0,0.0,0.1374065029233056,0.0016709036524120311,true,0.14190563295592246,0.00421567028388381
104983,DEAD_RECKONING,3.94,5799,0.0044703744,0.0,0.0,0.13596675914341444,0.0032707282565883023,true,0.13771877552821607,0.004560359288007021
105077,DEAD_RECKONING,3.94,5999,0.0044703744,0.0,0.0,0.1385832210573182,0.002989323331901294,true,0.14445822514899812,0.007920286618173122
105183,DEAD_RECKONING,3.94,5999,0.0044703744,0.0,0.0,0.1264089263869254,0.015369298404191212,true,0.11693134040731336,0.029856819659471512
105283,DEAD_RECKONING,3.94,6208,0.0044703744,0.0,0.0,0.1395544391399533,0.006441347948167808,true,0.15227667362470307,0.0017007810529321432
105385,DEAD_RECKONING,3.94,6208,0.0044703744,0.0,0.0,0.10106180566134025,0.01204833591491587,true,0.09476479725021814,0.016544055193662643
105481,DEAD_RECKONING,3.798,93,0.009644782,0.0,0.0,0.12027688099385915,0.007996726117532932,true,0.13899562491986153,0.00523403799161315
105578,DEAD_RECKONING,3.798,93,0.009644782,0.0,0.0,0.12991310654066832,0.00566859724521141,true,0.1632991389681849,0.004280204884707928
105687,DEAD_RECKONING,3.798,295,0.009644782,0.0,0.0,0.1282130797310852,0.005804538761238378,true,0.1417269423635686,0.006336945109069347
105782,DEAD_RECKONING,3.798,295,0.009644782,0.0,0.0,0.1276719525933652,0.0011566187177100315,true,0.12764515904417986,0.002539100358262658
105884,DEAD_RECKONING,3.798,495,0.009644782,0.0,0.0,0.13340158222315135,0.00111994246778708,true,0.14039185096850856,0.0012751225149258971
105981,DEAD_RECKONING,3.798,495,0.009644782,0.0,0.0,0.13481888373708675,0.001006984760984781,true,0.14097218491493335,0.002539100358262658
106087,DEAD_RECKONING,3.798,695,0.009644782,0.0,0.0,0.10691214790127515,0.0011030356612298177,true,0.08482320841004631,0.0012751225149258971
106181,DEAD_RECKONING,3.798,695,0.009644782,0.0,0.0,0.10905519467257054,0.0067364952383463066,true,0.1380385939713439,0.011235524900257587
106284,DEAD_RECKONING,3.798,895,0.009644782,0.0,0.0,0.12796741384306076,0.0034712307454305763,true,0.14520879458038433,0.0018549764063209295
106381,DEAD_RECKONING,3.798,895,0.009644782,0.0,0.0,0.13145026870026402,0.0025854707365718823,true,0.1440026039823276,0.0072706169448792934
106486,DEAD_RECKONING,3.798,1095,0.009644782,0.0,0.0,0.12869632385905883,0.003127605596218068,true,0.12695360071485295,0.0073662023060023785
106581,DEAD_RECKONING,3.798,1095,0.009644782,0.0,0.0,0.14250447549705644,0.0010570974956719925,true,0.18593533955203423,0.0036792492028325796
106688,DEAD_RECKONING,3.798,1296,0.009644782,0.0,0.0,0.14841040529482422,0.0039079512506899755,true,0.2073997530158025,0.007301754783838987
106780,DEAD_RECKONING,3.798,1296,0.009644782,0.0,0.0,0.13358603347761616,0.005377976944336815,true,0.13699095286913654,0.007008454762399197
106880,DEAD_RECKONING,3.798,1505,0.009644782,0.0,0.0,0.15165042943375476,0.00757549637244676,true,0.2067250116436401,0.009387332946062088
106980,DEAD_RECKONING,3.798,1505,0.009644782,0.0,0.0,0.14834821806013063,0.0032880421555793646,true,0.2615260230050437,0.011256540194153786
107080,DEAD_RECKONING,3.798,1706,0.009644782,0.0,0.0,0.11864120767506052,0.004909132361509208,true,0.12465312663709449,0.006431708578020334
107180,DEAD_RECKONING,3.798,1706,0.009644782,0.0,0.0,0.1402037294568196,0.0073228735820794165,true,0.19249680830011676,0.016486817970871925
107282,DEAD_RECKONING,3.798,1906,0.009644782,0.0,0.0,0.1448518413515106,0.00466497139960281,true,0.22604864600364455,0.013444097712635994
107382,DEAD_RECKONING,3.798,1906,0.009644782,0.0,0.0,0.1298582205454604,0.010834302303930845,true,0.12402651450368028,0.016127407550811768
107483,REACQUISITION,3.798,2106,0.009644782,0.0,0.0,0.14070353910041616,0.007386154087399389,true,0.15037326653357808,0.005432554986327887
107582,REACQUISITION,3.798,2106,0.009644782,0.0,0.0,0.1476674845943378,0.0025051949644906983,true,0.19244112989015727,0.0017715635476633906
107702,REACQUISITION,3.798,2308,0.009644782,0.0,0.0,0.17224138858529323,0.005874145753894237,true,0.21107425243985134,0.008609959855675697
107793,REACQUISITION,3.798,2308,0.009644782,0.0,0.0,0.1376877751881932,0.013289914332225514,true,0.2165327252105687,0.028417294844985008
107896,REACQUISITION,3.798,2509,0.009644782,0.0,0.0,0.13951398930769576,0.002361885406698454,true,0.15763658444876927,0.008954407647252083
107990,REACQUISITION,3.798,2509,0.009644782,0.0,0.0,0.20254500831334604,0.005744135454771763,true,0.3316240308558744,0.008976548910140991
108098,REACQUISITION,3.798,2708,0.009644782,0.0,0.0,0.1955825019251703,0.004480427445367119,true,0.192166446388541,0.003619672730565071
108192,REACQUISITION,3.798,2708,0.009644782,0.0,0.0,0.14557119243135958,9.399948207202987E-4,true,0.1260078848891539,0.002085290616378188
108291,REACQUISITION,3.798,2918,0.009644782,0.0,0.0,0.14211725770009903,0.005311466760586518,true,0.14647855225255338,0.008788175880908966
108390,REACQUISITION,3.798,2918,0.009644782,0.0,0.0,0.12375265320501119,0.0018754367947622582,true,0.1339996923162254,0.007297870237380266
108489,REACQUISITION,3.798,2918,0.009644782,0.0,0.0,0.14674195090314485,0.002401821487220469,true,0.17163792629768196,0.0031475187279284
108589,REACQUISITION,3.798,3119,0.009644782,0.0,0.0,0.13908453868176293,0.003518367576056562,true,0.14490022228638874,0.00449353689327836
108693,REACQUISITION,3.798,3119,0.009644782,0.0,0.0,0.14020870412325132,0.002323882963609561,true,0.14188378542214136,0.0025428207591176033
108791,REACQUISITION,3.798,3322,0.009644782,0.0,0.0,0.13165954622931464,0.003954463489234684,true,0.12919195585047627,0.008753687143325806
108889,REACQUISITION,3.798,3322,0.009644782,0.0,0.0,0.14003899790557128,0.0035471219016227473,true,0.14736898210116514,0.003314291825518012
108990,REACQUISITION,3.798,3522,0.009644782,0.0,0.0,0.1099274568559175,0.007729530230344596,true,0.09463554815042025,0.016544055193662643
109088,REACQUISITION,3.798,3522,0.009644782,0.0,0.0,0.12905833454131724,0.005737846762384464,true,0.14580149628582206,0.00421567028388381
109191,REACQUISITION,3.798,3723,0.009644782,0.0,0.0,0.14254097523506096,0.005201542380185835,true,0.15433704858917682,0.005296873860061169
109290,REACQUISITION,3.798,3723,0.009644782,0.0,0.0,0.15830482983434443,0.006623656050820231,true,0.18708502778053493,0.007933404296636581
109391,REACQUISITION,3.798,3938,0.009644782,0.0,0.0,0.1441405124039997,0.0036029156380020647,true,0.16366308767182428,0.01142574567347765
109489,REACQUISITION,3.798,3938,0.009644782,0.0,0.0,0.13318403264860126,0.009280244043822538,true,0.13729917357223767,0.014177843928337097
109588,REACQUISITION,3.798,4139,0.009644782,0.0,0.0,0.13150976333325975,0.002316291502628816,true,0.15007529119052254,0.004069628193974495
109688,REACQUISITION,3.798,4139,0.009644782,0.0,0.0,0.12183684362271528,0.0021494174027578885,true,0.12009649516090452,0.002597985789179802
109790,REACQUISITION,3.798,4347,0.009644782,0.0,0.0,0.12584804250891157,0.0021814470280620744,true,0.14235473685078023,0.0022213803604245186
109890,REACQUISITION,3.798,4347,0.009644782,0.0,0.0,0.12223585653723283,4.350594031130661E-4,true,0.12177001275747987,0.0022256318479776382
109989,REACQUISITION,3.798,4548,0.009644782,0.0,0.0,0.11812667862734785,9.87432311407039E-4,true,0.11544846842882282,0.0014936323277652264
110088,REACQUISITION,3.798,4548,0.009644782,0.0,0.0,0.13529438392010262,9.46536184619242E-4,true,0.1507071566329593,0.0018549764063209295
110189,REACQUISITION,3.798,4749,0.009644782,0.0,0.0,0.12319406895606644,0.002588898188629016,true,0.11972212643963626,0.005390631500631571
110289,REACQUISITION,3.798,4749,0.009644782,0.0,0.0,0.18290738103966472,0.001027801422193746,true,0.28184620048004133,0.0023656394332647324
110389,REACQUISITION,3.798,4950,0.009644782,0.0,0.0,0.11061934625535286,0.00552013213194417,true,0.1397706448266883,0.00975668802857399
110490,REACQUISITION,3.798,4950,0.009644782,0.0,0.0,0.11391020296102931,0.008289669036124154,true,0.12070452161612331,0.010711770504713058
110591,DEAD_RECKONING,3.798,5150,0.009644782,0.0,0.0,0.14238221354042332,0.0030008226719217034,true,0.17403045973703216,0.011775332503020763
110690,DEAD_RECKONING,3.798,5150,0.009644782,0.0,0.0,0.12532469689530154,0.005250924986853213,true,0.12647155746601596,0.011621800251305103
110790,DEAD_RECKONING,3.798,5351,0.009644782,0.0,0.0,0.11907576342201094,0.005127623978853407,true,0.11721553319340264,0.013308408670127392
110901,DEAD_RECKONING,3.798,5351,0.009644782,0.0,0.0,0.13685211802761577,0.0027468096410758432,true,0.15981000165697287,0.008857817389070988
111000,DEAD_RECKONING,3.798,5552,0.009644782,0.0,0.0,0.1401848903610861,0.0013368330767866963,true,0.14503856008174892,3.3680483466014266E-4
111102,DEAD_RECKONING,3.798,5552,0.009644782,0.0,0.0,0.14503261226691105,0.002044603046666287,true,0.1502755920809102,0.004626216366887093
111199,DEAD_RECKONING,3.798,5761,0.009644782,0.0,0.0,0.16003877389193497,0.0013634846228199366,true,0.1736685065406971,0.001010414562188089
111301,DEAD_RECKONING,3.798,5761,0.009644782,0.0,0.0,0.14913899285470744,0.003030056140652609,true,0.14049675328808744,0.006469809915870428
111400,DEAD_RECKONING,3.798,5961,0.009644782,0.0,0.0,0.14977074489100745,0.007387610041107027,true,0.1531139476327671,0.015352046117186546
111500,DEAD_RECKONING,3.798,5961,0.009644782,0.0,0.0,0.13858023077367643,0.003421996824483742,true,0.14432964629807232,8.80429579410702E-4
111601,DEAD_RECKONING,3.798,6165,0.009644782,0.0,0.0,0.13717071612283235,0.00161981879572169,true,0.13640947489811459,0.005590351764112711
111698,DEAD_RECKONING,3.798,6165,0.009644782,0.0,0.0,0.14437231284249083,0.0025475017975721253,true,0.15242772945898767,0.005735579878091812
111796,DEAD_RECKONING,3.798,6366,0.009644782,0.0,0.0,0.1416158542279603,9.478960513655668E-4,true,0.13979107063243967,0.0033142920583486557
111898,DEAD_RECKONING,3.798,6366,0.009644782,0.0,0.0,0.1252831313285283,0.001454549148791504,true,0.11455537775427523,0.0028346350882202387
111999,DEAD_RECKONING,3.695,196,0.0035473784,0.0,0.0,0.13168439793434672,0.001550016321927449,true,0.13741371800793592,0.003144514048472047
112099,DEAD_RECKONING,3.695,196,0.0035473784,0.0,0.0,0.15088811776485794,9.026016077638323E-4,true,0.16652654115292442,0.0012971723917871714
112199,DEAD_RECKONING,3.695,397,0.0035473784,0.0,0.0,0.13732516487446642,8.777704662176739E-4,true,0.127297377329865,0.0014936323277652264
112300,DEAD_RECKONING,3.695,397,0.0035473784,0.0,0.0,0.13702733132497316,3.394031199228938E-4,true,0.1374685092351426,3.3680483466014266E-4
112395,DEAD_RECKONING,3.695,598,0.0035473784,0.0,0.0,0.13556009741498054,5.698669733422619E-4,true,0.13498512806172414,8.476069197058678E-4
112499,DEAD_RECKONING,3.695,598,0.0035473784,0.0,0.0,0.138720985357764,0.0010510149599811697,true,0.14340301188113894,0.0014936323277652264
112597,DEAD_RECKONING,3.695,799,0.0035473784,0.0,0.0,0.13745599826802282,6.377064533802016E-4,true,0.13695132334697915,0.0013886819360777736
112698,DEAD_RECKONING,3.695,799,0.0035473784,0.0,0.0,0.125366751660017,0.00124217092916837,true,0.1158098396155147,0.002292583230882883
112796,DEAD_RECKONING,3.695,1000,0.0035473784,0.0,0.0,0.12105404147798914,9.106889890269487E-4,true,0.12180006857130736,0.0012751225149258971
112896,DEAD_RECKONING,3.695,1000,0.0035473784,0.0,0.0,0.12776357035113384,3.1453173374636586E-4,true,0.13413623565261404,8.80429579410702E-4
112996,DEAD_RECKONING,3.695,1210,0.0035473784,0.0,0.0,0.12905875366685998,0.0013629940411990834,true,0.13093419341608553,0.0022213803604245186
113099,DEAD_RECKONING,3.695,1210,0.0035473784,0.0,0.0,0.13724785350568355,5.945091099060113E-4,true,0.1438095540262696,0.0015124999918043613
113199,DEAD_RECKONING,3.695,1411,0.0035473784,0.0,0.0,0.13036929026618363,7.947638077677623E-4,true,0.125141593447403,0.0016840242315083742
113300,DEAD_RECKONING,3.695,1411,0.0035473784,0.0,0.0,0.13269326510845295,0.0012422675736742444,true,0.1346623020861727,0.00202550133690238
113400,DEAD_RECKONING,3.695,1612,0.0035473784,0.0,0.0,0.13385296892724477,5.416457856214379E-4,true,0.13499334116853368,0.0014936323277652264
113499,DEAD_RECKONING,3.695,1612,0.0035473784,0.0,0.0,0.12840533364986215,3.777548759367155E-4,true,0.12408169887218745,3.3680483466014266E-4
113600,DEAD_RECKONING,3.695,1813,0.0035473784,0.0,0.0,0.1280084453920749,9.672968210155314E-4,true,0.1278791343280698,0.0016840242315083742
113699,DEAD_RECKONING,3.695,1813,0.0035473784,0.0,0.0,0.133276236329992,6.519496676816932E-4,true,0.1376898554103626,8.80429579410702E-4
113799,DEAD_RECKONING,3.695,2013,0.0035473784,0.0,0.0,0.13332767235590873,0.0015369196534576234,true,0.13343162197813507,0.0023455743212252855
113909,DEAD_RECKONING,3.695,2013,0.0035473784,0.0,0.0,0.12886188644161917,0.0011963898884210854,true,0.12547652799416936,0.0015124999918043613
114003,REACQUISITION,3.695,2214,0.0035473784,0.0,0.0,0.1363800755663236,5.866904654283423E-4,true,0.14244171924113982,0.001010414562188089
114100,REACQUISITION,3.695,2214,0.0035473784,0.0,0.0,0.1327644277365459,5.721023818002006E-4,true,0.13001950873536433,0.0011748004471883178
114203,REACQUISITION,3.695,2423,0.0035473784,0.0,0.0,0.13914958878403766,0.0011757892961121452,true,0.1443434036753264,0.00202550133690238
114310,REACQUISITION,3.695,2423,0.0035473784,0.0,0.0,0.13505874425081163,0.0012630887141327817,true,0.13184943092555543,0.0017007810529321432
114404,REACQUISITION,3.695,2625,0.0035473784,0.0,0.0,0.1402693122177371,8.088861858156521E-4,true,0.14514707143564914,0.0012971723917871714
114508,REACQUISITION,3.695,2625,0.0035473784,0.0,0.0,0.14339650867575718,5.079078508644968E-4,true,0.14643972554474471,8.476069197058678E-4
114611,REACQUISITION,3.695,2825,0.0035473784,0.0,0.0,0.14026777365573515,8.759157327073507E-4,true,0.1380356918142195,0.0011748004471883178
114708,REACQUISITION,3.695,2825,0.0035473784,0.0,0.0,0.1344052816189269,5.447639568242073E-4,true,0.12990269109081273,0.001010414562188089
114808,REACQUISITION,3.695,3026,0.0035473784,0.0,0.0,0.13299833104009157,9.44960855504723E-4,true,0.13200935530660896,0.0018549764063209295
114908,REACQUISITION,3.695,3026,0.0035473784,0.0,0.0,0.12973292802385764,8.354672096244335E-4,true,0.12767480591220365,0.0019347964553162456
115005,REACQUISITION,3.695,3226,0.0035473784,0.0,0.0,0.12778012443583772,0.001082213702972686,true,0.12649807742434935,0.0014936323277652264
115107,REACQUISITION,3.695,3226,0.0035473784,0.0,0.0,0.12500321697967762,4.683382050888506E-4,true,0.12347007144040384,3.3680483466014266E-4
115213,REACQUISITION,3.695,3427,0.0035473784,0.0,0.0,0.132193327653844,7.116215754050012E-4,true,0.13806342418894885,0.0011748004471883178
115308,REACQUISITION,3.695,3427,0.0035473784,0.0,0.0,0.12911126514042573,2.2572742726323743E-4,true,0.12786852475053506,3.3680483466014266E-4
115417,REACQUISITION,3.695,3639,0.0035473784,0.0,0.0,0.1312263627730082,0.0010152457895373976,true,0.13311351430096666,0.0017715635476633906
115505,REACQUISITION,3.695,3639,0.0035473784,0.0,0.0,0.12517079842746356,6.893478136456319E-4,true,0.12090367131288766,8.476069197058678E-4
115617,REACQUISITION,3.695,3840,0.0035473784,0.0,0.0,0.12657550006009144,0.001097160157848996,true,0.1280450611952353,0.0014936323277652264
115709,REACQUISITION,3.695,3840,0.0035473784,0.0,0.0,0.13820308665594244,0.0011321486090407524,true,0.1474830618183472,0.0023455743212252855
115815,REACQUISITION,3.695,4041,0.0035473784,0.0,0.0,0.13798106068253477,0.001031804749303425,true,0.13785623867779886,0.002292583230882883
115906,REACQUISITION,3.695,4041,0.0035473784,0.0,0.0,0.14185731057819947,8.317522552032211E-4,true,0.14530845390415878,0.0015124999918043613
116012,REACQUISITION,3.695,4241,0.0035473784,0.0,0.0,0.13238047671688136,7.886737087044412E-4,true,0.12504551808324982,8.476069197058678E-4
116104,REACQUISITION,3.695,4241,0.0035473784,0.0,0.0,0.12990951645771978,0.0015672669184037323,true,0.12797921629533857,0.002292583230882883
116204,REACQUISITION,3.695,4451,0.0035473784,0.0,0.0,0.13197912654144717,0.0013570659061292634,true,0.13407598558468337,0.0014936323277652264
116307,REACQUISITION,3.695,4451,0.0035473784,0.0,0.0,0.13529546440605217,4.932588586702931E-4,true,0.1381176889915173,0.0012971723917871714
116406,REACQUISITION,3.695,4652,0.0035473784,0.0,0.0,0.12842831598251403,0.0011593453391614576,true,0.12299616250842366,0.0023455743212252855
116505,REACQUISITION,3.695,4652,0.0035473784,0.0,0.0,0.12343705966490526,9.539618183604102E-4,true,0.12007283552080616,0.0019347964553162456
116606,REACQUISITION,3.695,4852,0.0035473784,0.0,0.0,0.12541308190539016,5.2287788494598E-4,true,0.12725335284301026,0.0015124999918043613
116706,REACQUISITION,3.695,4852,0.0035473784,0.0,0.0,0.13045499898074026,9.149413460450606E-4,true,0.13450251490990828,0.0012751225149258971
116807,DEAD_RECKONING,3.695,5053,0.0035473784,0.0,0.0,0.13321809794372774,8.134653679298982E-4,true,0.13568846750484612,0.0017715635476633906
116907,DEAD_RECKONING,3.695,5053,0.0035473784,0.0,0.0,0.12875133687717302,5.313862108066021E-4,true,0.12633505753263619,0.001010414562188089
117006,DEAD_RECKONING,3.695,5253,0.0035473784,0.0,0.0,0.12972078130255105,0.0010939133828199883,true,0.13070829871097214,0.0019347964553162456
117108,DEAD_RECKONING,3.695,5253,0.0035473784,0.0,0.0,0.127267824518675,5.541978813212095E-4,true,0.12533273869550712,3.3680483466014266E-4
117208,DEAD_RECKONING,3.695,5454,0.0035473784,0.0,0.0,0.13140298730604638,0.0010327962250735604,true,0.1349183522707401,0.0014936323277652264
117320,DEAD_RECKONING,3.695,5454,0.0035473784,0.0,0.0,0.13190495969084806,0.0012862643201207806,true,0.1325188275696966,0.0014936323277652264
117425,DEAD_RECKONING,3.695,5655,0.0035473784,0.0,0.0,0.13047247305555904,0.0014861973167786357,true,0.12935691003771768,0.0019347964553162456
117515,DEAD_RECKONING,3.695,5655,0.0035473784,0.0,0.0,0.1271138994519497,9.607629332603316E-4,true,0.12449571628633041,0.0018549764063209295
117617,DEAD_RECKONING,3.695,5864,0.0035473784,0.0,0.0,0.1316566946985867,7.175538672511245E-4,true,0.13560780812555462,0.001010414562188089
117716,DEAD_RECKONING,3.695,5864,0.0035473784,0.0,0.0,0.1333511757233529,9.741111988452963E-4,true,0.13503185085439925,0.0013116664486005902
117818,DEAD_RECKONING,3.695,5864,0.0035473784,0.0,0.0,0.13150800163037235,8.508795062452766E-4,true,0.1304853145446662,0.0010561575181782246
117915,DEAD_RECKONING,3.695,6068,0.0035473784,0.0,0.0,0.1366910983735083,9.380988589407191E-4,true,0.143518085139842,0.0010561575181782246
118020,DEAD_RECKONING,3.695,6068,0.0035473784,0.0,0.0,0.14163028365286257,9.370717347720965E-4,true,0.14918072483597652,0.0011907849693670869
118116,DEAD_RECKONING,3.695,6270,0.0035473784,0.0,0.0,0.13805497475320838,0.003830061540720919,true,0.13726670328627855,0.0062965392135083675
118213,DEAD_RECKONING,3.695,6270,0.0035473784,0.0,0.0,0.1354383125884613,0.0012900268708021195,true,0.13934942376983886,0.0024365060962736607
118317,DEAD_RECKONING,3.591,132,0.022238715,0.0,0.0,0.13287838623658021,0.009581807215662938,true,0.13228437039319763,0.01666758581995964
118415,DEAD_RECKONING,3.591,132,0.022238715,0.0,0.0,0.12119632023277038,0.004821522967394029,true,0.1120490094213927,0.0026305299252271652
118514,DEAD_RECKONING,3.591,332,0.022238715,0.0,0.0,0.1353992719087036,0.0010558089455525222,true,0.15196367347171838,0.00551544688642025
118618,DEAD_RECKONING,3.591,332,0.022238715,0.0,0.0,0.13188703287146916,0.0017843200970958958,true,0.13204231044583573,0.0036431013140827417
118717,DEAD_RECKONING,3.591,542,0.022238715,0.0,0.0,0.13548937265991895,0.0019704523276883675,true,0.13853931285774376,0.0023775973822921515
118815,DEAD_RECKONING,3.591,542,0.022238715,0.0,0.0,0.13323402555836936,6.679488883496199E-4,true,0.13195500145745465,0.0010561575181782246
118913,DEAD_RECKONING,3.591,743,0.022238715,0.0,0.0,0.13513075706596908,0.005224620704405905,true,0.13937473340222403,0.009740202687680721
119013,DEAD_RECKONING,3.591,743,0.022238715,0.0,0.0,0.12370575987724523,0.0017107847918069589,true,0.11638368525195149,0.003516345750540495
119112,DEAD_RECKONING,3.591,942,0.022238715,0.0,0.0,0.1269749452820706,7.119136946869517E-4,true,0.1314802379816188,0.0016840242315083742
119214,DEAD_RECKONING,3.591,942,0.022238715,0.0,0.0,0.13260492353561457,6.824174982545839E-4,true,0.137494604218352,0.0014223110629245639
119312,DEAD_RECKONING,3.591,1142,0.022238715,0.0,0.0,0.13017474879239166,3.9343441655551416E-4,true,0.12836351684149286,4.5603589387610555E-4
119414,DEAD_RECKONING,3.591,1142,0.022238715,0.0,0.0,0.13963605099676604,4.362485243461372E-4,true,0.14756158462442953,7.144709234125912E-4
119514,DEAD_RECKONING,3.591,1342,0.022238715,0.0,0.0,0.13328723910388215,6.584809699296662E-4,true,0.12932024090626812,0.0013886819360777736
119615,DEAD_RECKONING,3.591,1342,0.022238715,0.0,0.0,0.13282977303080815,0.0010606087615144858,true,0.1324868372754747,0.0013886819360777736
119715,DEAD_RECKONING,3.591,1542,0.022238715,0.0,0.0,0.12325037412778932,5.731002378753051E-4,true,0.11581053583025581,0.0017980458214879036
119814,DEAD_RECKONING,3.591,1542,0.022238715,0.0,0.0,0.12564305802881942,0.0014385334749858535,true,0.12777360113549652,0.0023090175818651915
119915,DEAD_RECKONING,3.591,1743,0.022238715,0.0,0.0,0.1336308991251117,8.122926132906118E-4,true,0.14004661035191932,0.0015249487478286028
120015,DEAD_RECKONING,3.591,1743,0.022238715,0.0,0.0,0.13486519541230702,8.628811643202609E-4,true,0.13596655056758528,0.0011907849693670869
120116,DEAD_RECKONING,3.591,1944,0.022238715,0.0,0.0,0.12913341794134534,9.18337002923397E-4,true,0.12467709639704962,0.0011907849693670869
120216,DEAD_RECKONING,3.591,1944,0.022238715,0.0,0.0,0.12499734714072143,9.437482982540677E-4,true,0.12215702125662814,0.0014223110629245639
120316,REACQUISITION,3.591,2153,0.022238715,0.0,0.0,0.13212485342642497,0.0013464100513364337,true,0.13778408127648756,0.0017980458214879036
120427,REACQUISITION,3.591,2153,0.022238715,0.0,0.0,0.1322552909646831,6.810962402978567E-4,true,0.13323839496656217,0.0010561575181782246
120529,REACQUISITION,3.591,2354,0.022238715,0.0,0.0,0.12664134442157285,0.001764685746517622,true,0.12231659732906482,0.002837968058884144
120626,REACQUISITION,3.591,2354,0.022238715,0.0,0.0,0.13789586845868868,9.432078890577254E-4,true,0.14706875709607387,0.0010561575181782246
120729,REACQUISITION,3.591,2555,0.022238715,0.0,0.0,0.13514035867219912,5.936393384283909E-4,true,0.13319857817519656,0.0011907849693670869
120826,REACQUISITION,3.591,2555,0.022238715,0.0,0.0,0.1323406587858806,0.001072030994341476,true,0.13021932742326126,0.0017118612304329872
120927,REACQUISITION,3.591,2755,0.022238715,0.0,0.0,0.12799045660295014,0.001177026481731434,true,0.12560701838202376,0.0014223110629245639
121027,REACQUISITION,3.591,2755,0.022238715,0.0,0.0,0.12316024311573762,8.378135266754662E-4,true,0.11938724068026975,7.144709234125912E-4
121127,REACQUISITION,3.591,2955,0.022238715,0.0,0.0,0.13015044669441694,8.807180978223987E-4,true,0.13605694854262096,0.0018549764063209295
121225,REACQUISITION,3.591,2955,0.022238715,0.0,0.0,0.12963609793992248,3.595247634700016E-4,true,0.12942933141369617,0.0011907849693670869
121328,REACQUISITION,3.591,3155,0.022238715,0.0,0.0,0.12804465580999808,4.7046901697945864E-4,true,0.12685602998928797,0.0010561575181782246
121426,REACQUISITION,3.591,3155,0.022238715,0.0,0.0,0.13626387796543477,3.270914100154715E-4,true,0.14336772116114602,4.5603589387610555E-4
121527,REACQUISITION,3.591,3355,0.022238715,0.0,0.0,0.1293616321711575,0.0015152606147896355,true,0.1255615447735432,0.002482627285644412
121627,REACQUISITION,3.591,3355,0.022238715,0.0,0.0,0.13343166189741332,0.0014432733626710754,true,0.13735646032543392,0.0013886819360777736
121727,REACQUISITION,3.591,3556,0.022238715,0.0,0.0,0.12882748655697976,7.942966711057365E-4,true,0.1256195986059689,0.0014223110629245639
121824,REACQUISITION,3.591,3556,0.022238715,0.0,0.0,0.126462552760421,9.82146363144656E-4,true,0.12484053404744394,0.0017980458214879036
121925,REACQUISITION,3.591,3764,0.022238715,0.0,0.0,0.12493698854177862,9.92535638245893E-4,true,0.12387592923571096,0.002107835141941905
122021,REACQUISITION,3.591,3764,0.022238715,0.0,0.0,0.12806531860156817,9.881521764158515E-4,true,0.1308168342139572,0.0010561575181782246
122121,REACQUISITION,3.591,3965,0.022238715,0.0,0.0,0.12933022656930784,0.0012576624017620166,true,0.13096063062572336,0.001621101051568985
122220,REACQUISITION,3.591,3965,0.022238715,0.0,0.0,0.12664195149752988,5.4401995646602E-4,true,0.12464902200002474,0.0010561575181782246
122323,REACQUISITION,3.591,4167,0.022238715,0.0,0.0,0.13102556073980773,7.195570566617184E-4,true,0.1345751800323451,0.0013116664486005902
122420,REACQUISITION,3.591,4167,0.022238715,0.0,0.0,0.13052489099840162,5.299464953159852E-4,true,0.13054778224588565,4.5603589387610555E-4
122522,REACQUISITION,3.591,4367,0.022238715,0.0,0.0,0.1289481081857182,9.76555777452379E-4,true,0.12784150615743994,0.0013886819360777736
122622,REACQUISITION,3.591,4367,0.022238715,0.0,0.0,0.13165961802052462,0.0011745400401931775,true,0.13461203933817514,0.0019734962843358517
122723,REACQUISITION,3.591,4567,0.022238715,0.0,0.0,0.1290931371165768,3.8865590159731315E-4,true,0.12896339681174748,7.144709234125912E-4
122823,REACQUISITION,3.591,4567,0.022238715,0.0,0.0,0.13187396996543851,7.412731531335667E-4,true,0.13452469633437075,0.001621101051568985
122923,REACQUISITION,3.591,4768,0.022238715,0.0,0.0,0.1757395969640222,0.00168668166528555,true,0.24019059804073478,0.00332852266728878
123023,REACQUISITION,3.591,4768,0.022238715,0.0,0.0,0.12868040845375783,0.0028261896258287844,true,0.1326302439718891,0.006093592848628759
123123,REACQUISITION,3.591,4969,0.022238715,0.0,0.0,0.1283524810202745,0.0017573147273546544,true,0.12840602565116604,0.00458928756415844
123225,REACQUISITION,3.591,4969,0.022238715,0.0,0.0,0.13504408476853702,0.0026990300195371183,true,0.14785754804680556,0.0035484591498970985
123325,DEAD_RECKONING,3.591,5177,0.022238715,0.0,0.0,0.1192801548001165,0.0012666288514047088,true,0.11835085670053312,0.0016840242315083742
123423,DEAD_RECKONING,3.591,5177,0.022238715,0.0,0.0,0.14270954160590263,0.0025363773521777924,true,0.17853728238893435,0.0051612891256809235
123539,DEAD_RECKONING,3.591,5380,0.022238715,0.0,0.0,0.13780359632838826,0.007161149208170672,true,0.13859930445575258,0.010852922685444355
123624,DEAD_RECKONING,3.591,5380,0.022238715,0.0,0.0,0.1302713841044018,4.0791903630911074E-4,true,0.12825780917517646,0.004999406170099974
123737,DEAD_RECKONING,3.591,5581,0.022238715,0.0,0.0,0.14187594251643004,2.7241804192128623E-4,true,0.15121592095913175,4.5603589387610555E-4
123835,DEAD_RECKONING,3.591,5581,0.022238715,0.0,0.0,0.13552931244254912,8.621041649429233E-4,true,0.13123178169334376,0.0014223110629245639
123935,DEAD_RECKONING,3.591,5782,0.022238715,0.0,0.0,0.1288995833063223,8.891075672658595E-4,true,0.12389341694529156,0.0010561575181782246
124036,DEAD_RECKONING,3.591,5782,0.022238715,0.0,0.0,0.13121927168553307,9.051803995585775E-4,true,0.13470300719450864,0.0023090175818651915
124132,DEAD_RECKONING,3.591,5983,0.022238715,0.0,0.0,0.12294413986027544,9.777024455561996E-4,true,0.11671813056368391,0.0016840242315083742
124236,DEAD_RECKONING,3.591,5983,0.022238715,0.0,0.0,0.12170048018180092,8.796805090200416E-4,true,0.12077850595659954,0.0021784096024930477
124334,DEAD_RECKONING,3.591,6184,0.022238715,0.0,0.0,0.12321742737824495,0.001132433448775996,true,0.12462313010147574,0.0020487038418650627
124433,DEAD_RECKONING,3.591,6184,0.022238715,0.0,0.0,0.12502631165527187,0.0010444335816454907,true,0.1268576062847346,0.0016840242315083742
124540,DEAD_RECKONING,3.507,75,0.015126546,0.0,0.0,0.12901576315022212,9.735255073302285E-4,true,0.13266227764439623,0.0011907849693670869
124633,DEAD_RECKONING,3.507,75,0.015126546,0.0,0.0,0.12698541568715982,0.0016195132651424047,true,0.12560231835697752,0.0026591233909130096
124737,DEAD_RECKONING,3.507,277,0.015126546,0.0,0.0,0.12820177093735174,5.765793572753907E-4,true,0.12918167187383006,0.0017118612304329872
124833,DEAD_RECKONING,3.507,277,0.015126546,0.0,0.0,0.13493050646552884,5.30608041920923E-4,true,0.1403165368277356,0.0011907849693670869
124931,DEAD_RECKONING,3.507,477,0.015126546,0.0,0.0,0.138204322348728,6.440315580497659E-4,true,0.14117014395594227,0.0013886819360777736
125032,DEAD_RECKONING,3.507,477,0.015126546,0.0,0.0,0.1441125792095977,0.0010438422959694698,true,0.14895007184971976,0.001621101051568985
125136,DEAD_RECKONING,3.507,677,0.015126546,0.0,0.0,0.1368092606112703,0.00131368761893672,true,0.1315052763813088,0.0024826270528137684
125234,DEAD_RECKONING,3.507,677,0.015126546,0.0,0.0,0.12979299910465722,3.0077953599518843E-4,true,0.12447423584392078,7.144709234125912E-4
125329,DEAD_RECKONING,3.507,878,0.015126546,0.0,0.0,0.13223699185820403,9.91908361834346E-4,true,0.13451596127065224,0.001621101051568985
125428,DEAD_RECKONING,3.507,878,0.015126546,0.0,0.0,0.13142098015187717,0.0010521100963129743,true,0.13095565617754973,0.0015249487478286028
125529,DEAD_RECKONING,3.507,1079,0.015126546,0.0,0.0,0.12559874123500098,0.001445448070057662,true,0.12138892361620494,0.0019734962843358517
125632,DEAD_RECKONING,3.507,1079,0.015126546,0.0,0.0,0.12897322901165595,0.0017219160917973815,true,0.13181168616428124,0.002952250186353922
125735,DEAD_RECKONING,3.507,1279,0.015126546,0.0,0.0,0.12929607978249322,0.0021193109808662733,true,0.12966375355498264,0.002743116347119212
125831,DEAD_RECKONING,3.507,1279,0.015126546,0.0,0.0,0.12881135851776654,5.803099613319598E-4,true,0.1285715437619615,0.0017118612304329872
125934,DEAD_RECKONING,3.507,1488,0.015126546,0.0,0.0,0.13364561851893889,4.5904638525721573E-4,true,0.13751493288459388,4.5603589387610555E-4
126031,DEAD_RECKONING,3.507,1488,0.015126546,0.0,0.0,0.14196355740195526,8.778227141266137E-4,true,0.14859956990369877,0.0013116664486005902
126138,DEAD_RECKONING,3.507,1690,0.015126546,0.0,0.0,0.13607650988198422,4.7446378191384677E-4,true,0.131864659016212,7.144709234125912E-4
126233,DEAD_RECKONING,3.507,1690,0.015126546,0.0,0.0,0.13018619400575962,9.387083672648404E-4,true,0.12675229430396806,0.0017980457050725818
126336,DEAD_RECKONING,3.507,1890,0.015126546,0.0,0.0,0.13039132807116682,9.936359117332985E-4,true,0.13076535684273544,0.0013116664486005902
126431,DEAD_RECKONING,3.507,1890,0.015126546,0.0,0.0,0.12220080899591783,0.0013194114707803153,true,0.11657894755764311,0.0017980457050725818
126534,REACQUISITION,3.507,2091,0.015126546,0.0,0.0,0.12832684485646703,4.508158283447658E-4,true,0.1338342584924484,0.001304439501836896
126632,REACQUISITION,3.507,2091,0.015126546,0.0,0.0,0.13250311518175317,4.541784188404399E-4,true,0.13653089926595535,7.144709234125912E-4
126735,REACQUISITION,3.507,2291,0.015126546,0.0,0.0,0.1314822224993743,4.217063023406784E-4,true,0.13091704146170097,9.325703140348196E-4
126833,REACQUISITION,3.507,2291,0.015126546,0.0,0.0,0.1351524761188587,0.0015298381360098815,true,0.13821901700478123,0.0025391005910933018
126935,REACQUISITION,3.507,2491,0.015126546,0.0,0.0,0.1333246548230266,0.0016950333400977235,true,0.13204430840101472,0.0021913894452154636
127045,REACQUISITION,3.507,2491,0.015126546,0.0,0.0,0.1394785781976678,2.0704577532267536E-4,true,0.14486375064389417,0.0013116664486005902
127137,REACQUISITION,3.507,2693,0.015126546,0.0,0.0,0.12698406396070458,8.210142103620626E-4,true,0.11723382090596915,0.0014421121450141072
127243,REACQUISITION,3.507,2693,0.015126546,0.0,0.0,0.12397734037873587,0.001169294111477399,true,0.12177091344970743,0.0021784096024930477
127350,REACQUISITION,3.507,2902,0.015126546,0.0,0.0,0.13042078405799898,9.390067525759747E-4,true,0.1360441837454842,0.0011907849693670869
127440,REACQUISITION,3.507,2902,0.015126546,0.0,0.0,0.13515491766149657,0.001358933360833956,true,0.13932739966357838,0.0027637158054858446
127548,REACQUISITION,3.507,3103,0.015126546,0.0,0.0,0.1334048659147897,8.90930272241123E-4,true,0.1320326514734481,7.144709234125912E-4
127644,REACQUISITION,3.507,3103,0.015126546,0.0,0.0,0.13283428507630504,7.965361396441922E-4,true,0.13292983249736112,0.0017283482011407614
127754,REACQUISITION,3.507,3305,0.015126546,0.0,0.0,0.14131064113005773,0.0018839058831257092,true,0.14817233482001535,0.002903822809457779
127840,REACQUISITION,3.507,3305,0.015126546,0.0,0.0,0.1346715017591002,0.0014504531046401418,true,0.12953020093644513,0.002501593204215169
127951,REACQUISITION,3.507,3506,0.015126546,0.0,0.0,0.13330996534516132,9.551797484761505E-4,true,0.13313247078517676,0.0016614188207313418
128042,REACQUISITION,3.507,3506,0.015126546,0.0,0.0,0.13027360518824707,0.001111324734166978,true,0.12833285515682663,0.001621101051568985
128149,REACQUISITION,3.507,3707,0.015126546,0.0,0.0,0.12756830326491092,5.16274436932651E-4,true,0.12601179112289018,0.0010826761135831475
128238,REACQUISITION,3.507,3707,0.015126546,0.0,0.0,0.12835073045131123,0.0011115858585611868,true,0.12942704076333944,0.0016614188207313418
128343,REACQUISITION,3.507,3917,0.015126546,0.0,0.0,0.12848177729018376,8.812105407296395E-4,true,0.12870876956235205,7.144709234125912E-4
128440,REACQUISITION,3.507,3917,0.015126546,0.0,0.0,0.13324079193017757,0.0015144505935190265,true,0.13721012644260092,0.002147818449884653
128540,REACQUISITION,3.507,3917,0.015126546,0.0,0.0,0.14099725240645475,9.676902586256872E-4,true,0.14718998243005071,0.0011828197166323662
128641,REACQUISITION,3.507,4119,0.015126546,0.0,0.0,0.13307598849661842,0.0017677549736635535,true,0.12691700412316817,0.0030281234066933393
128739,REACQUISITION,3.507,4119,0.015126546,0.0,0.0,0.12875398922906328,8.044807216528392E-4,true,0.12559440759639756,0.0010561575181782246
128842,REACQUISITION,3.507,4320,0.015126546,0.0,0.0,0.1260420877819204,1.8853518227114315E-4,true,0.12463982659939332,4.5603589387610555E-4
128939,REACQUISITION,3.507,4320,0.015126546,0.0,0.0,0.12472303813884658,7.330432601367239E-4,true,0.12412506247592821,0.0011907849693670869
129039,REACQUISITION,3.507,4519,0.015126546,0.0,0.0,0.12290182195077848,8.209390650732549E-4,true,0.12222492697314918,0.0010561575181782246
129142,REACQUISITION,3.507,4519,0.015126546,0.0,0.0,0.12262626086522267,9.153028895376927E-4,true,0.12264277230263809,0.0018752499017864466
129239,REACQUISITION,3.507,4722,0.015126546,0.0,0.0,0.12622293046253966,8.492068417299744E-4,true,0.12921110108365874,0.001333111897110939
129340,REACQUISITION,3.507,4722,0.015126546,0.0,0.0,0.12616092976056079,0.001541437038465236,true,0.12649291127150036,0.003165487665683031
129441,REACQUISITION,3.507,4931,0.015126546,0.0,0.0,0.13628274218435843,5.08679802632924E-4,true,0.14475186110171995,4.5603589387610555E-4
129541,REACQUISITION,3.507,4931,0.015126546,0.0,0.0,0.135660646093142,6.216558222646345E-4,true,0.13521039304132393,0.0010826761135831475
129642,DEAD_RECKONING,3.507,5136,0.015126546,0.0,0.0,0.13550861485275026,0.0014100314034995174,true,0.13575203976010056,0.002337499987334013
129740,DEAD_RECKONING,3.507,5136,0.015126546,0.0,0.0,0.12611199536207585,5.447928607581581E-4,true,0.11928780640517177,4.5603589387610555E-4
129841,DEAD_RECKONING,3.507,5346,0.015126546,0.0,0.0,0.1249538229281551,0.0019152082554827075,true,0.12420035032048664,0.003359617665410042
129941,DEAD_RECKONING,3.507,5346,0.015126546,0.0,0.0,0.1275263239832717,0.0015787660130415432,true,0.12966645765856083,0.0019734962843358517
130042,DEAD_RECKONING,3.507,5547,0.015126546,0.0,0.0,0.13090940194171788,0.0014565440535595007,true,0.13420012188620586,0.00198781443759799
130151,DEAD_RECKONING,3.507,5547,0.015126546,0.0,0.0,0.12816416683703008,9.844597869040992E-4,true,0.12611880514176854,7.144709234125912E-4
130250,DEAD_RECKONING,3.507,5759,0.015126546,0.0,0.0,0.1313224895491577,0.001326510152517332,true,0.13383376962301152,0.0027875560335814953
130352,DEAD_RECKONING,3.507,5759,0.015126546,0.0,0.0,0.13485876145040912,4.74480441385993E-4,true,0.13767559814202276,9.325703140348196E-4
130450,DEAD_RECKONING,3.507,5963,0.015126546,0.0,0.0,0.1316969497703217,0.0010512704449263251,true,0.12963251127090425,0.0015249487478286028
130555,DEAD_RECKONING,3.507,5963,0.015126546,0.0,0.0,0.13209835109519816,4.888242034396535E-4,true,0.13266432298810524,0.0011907849693670869
130651,DEAD_RECKONING,3.507,6163,0.015126546,0.0,0.0,0.14087967255900158,0.0016705774469096743,true,0.14864132509921038,0.002894040197134018
130753,DEAD_RECKONING,3.507,6163,0.015126546,0.0,0.0,0.13579920527449454,7.708624783165859E-4,true,0.13212022586009323,0.0011907849693670869
130847,DEAD_RECKONING,3.507,6363,0.015126546,0.0,0.0,0.13043443944126723,4.7369153618961066E-4,true,0.12628988769576868,4.5603589387610555E-4
130952,DEAD_RECKONING,3.507,6363,0.015126546,0.0,0.0,0.12458443935793208,0.001016932308677989,true,0.12055897436139922,0.0015249487478286028
131052,DEAD_RECKONING,3.462,234,0.0058619203,0.0,0.0,0.126753605194197,0.0014717730489094804,true,0.12876750634153206,0.00204408448189497
131149,DEAD_RECKONING,3.462,234,0.0058619203,0.0,0.0,0.1291523579271695,7.395134131490885E-4,true,0.1310656955406845,0.0010826761135831475
131251,DEAD_RECKONING,3.462,435,0.0058619203,0.0,0.0,0.12992194567917692,8.917017566499228E-4,true,0.13098747430102095,0.0016614188207313418
131348,DEAD_RECKONING,3.462,435,0.0058619203,0.0,0.0,0.13010975139759062,7.289260983101457E-4,true,0.13051745269776333,0.0011828197166323662
131446,DEAD_RECKONING,3.462,634,0.0058619203,0.0,0.0,0.12245890043566805,4.332688045083396E-4,true,0.11649103555788459,4.5603589387610555E-4
131548,DEAD_RECKONING,3.462,634,0.0058619203,0.0,0.0,0.1281442520188695,4.086930863102249E-4,true,0.13299527966542427,4.5603589387610555E-4
131650,DEAD_RECKONING,3.462,835,0.0058619203,0.0,0.0,0.13563497465825597,5.085257021734787E-4,true,0.14160777123098683,0.0011907849693670869
131750,DEAD_RECKONING,3.462,835,0.0058619203,0.0,0.0,0.1382804246028075,7.465543991584347E-4,true,0.14056115392108456,0.0010561575181782246
131848,DEAD_RECKONING,3.462,1035,0.0058619203,0.0,0.0,0.134325847665373,3.9740449851499075E-4,true,0.13129948003703973,4.5603589387610555E-4
131949,DEAD_RECKONING,3.462,1035,0.0058619203,0.0,0.0,0.13456416850589045,0.0010505662441567497,true,0.134791105560133,0.001621101051568985
132048,DEAD_RECKONING,3.462,1247,0.0058619203,0.0,0.0,0.12603144063890548,0.0013671295409782601,true,0.11968813551648735,0.001621101051568985
132148,DEAD_RECKONING,3.462,1247,0.0058619203,0.0,0.0,0.13003306092292974,0.0015542816141555856,true,0.1336781959611876,0.001959073357284069
132250,DEAD_RECKONING,3.462,1448,0.0058619203,0.0,0.0,0.13097095579238924,0.0012920321452717814,true,0.13226022576907132,0.001792780589312315
132347,DEAD_RECKONING,3.462,1448,0.0058619203,0.0,0.0,0.13338247240738746,7.203640345890316E-4,true,0.1356980480996156,4.5603589387610555E-4
132447,DEAD_RECKONING,3.462,1649,0.0058619203,0.0,0.0,0.13313842737597498,5.289959617832083E-4,true,0.13335613567174687,4.5603589387610555E-4
132548,DEAD_RECKONING,3.462,1649,0.0058619203,0.0,0.0,0.13726857232894196,0.0016851753788565437,true,0.14091821277555597,0.0027875560335814953
132647,DEAD_RECKONING,3.462,1850,0.0058619203,0.0,0.0,0.1396713282700814,0.0015699783306669468,true,0.14206149819416403,0.0015249487478286028
132748,DEAD_RECKONING,3.462,1850,0.0058619203,0.0,0.0,0.13013034082774516,3.430011648534186E-4,true,0.12511001807263417,7.144709234125912E-4
132850,DEAD_RECKONING,3.462,2058,0.0058619203,0.0,0.0,0.1357502996359613,5.996317526517491E-4,true,0.14021934625215815,0.0010561575181782246
132949,DEAD_RECKONING,3.462,2058,0.0058619203,0.0,0.0,0.13070704534673871,6.467788279103456E-4,true,0.12703277857842243,0.0010561575181782246
133048,REACQUISITION,3.462,2258,0.0058619203,0.0,0.0,0.12767442948776608,8.579991950762084E-4,true,0.12569903504895472,0.001621101051568985
133151,REACQUISITION,3.462,2258,0.0058619203,0.0,0.0,0.13297089107796226,5.524143903626587E-4,true,0.13723856966938655,0.0014223110629245639
133250,REACQUISITION,3.462,2459,0.0058619203,0.0,0.0,0.13499019046583918,4.257926123473849E-4,true,0.13661280206758944,0.0010561575181782246
133349,REACQUISITION,3.462,2459,0.0058619203,0.0,0.0,0.13433064771310052,9.443083660349535E-4,true,0.13389587692923127,0.0016840242315083742
133451,REACQUISITION,3.462,2659,0.0058619203,0.0,0.0,0.13713643596245703,9.847083384837904E-4,true,0.14005071426400706,0.0017118612304329872
133559,REACQUISITION,3.462,2659,0.0058619203,0.0,0.0,0.14312941935422127,5.244557065389742E-4,true,0.14788603308011394,0.0011907849693670869
133659,REACQUISITION,3.462,2859,0.0058619203,0.0,0.0,0.13534277839664272,8.534161881886316E-4,true,0.1293699037099426,0.0011907849693670869
133756,REACQUISITION,3.462,2859,0.0058619203,0.0,0.0,0.12304009948937918,0.0012586285898661918,true,0.11477518569751287,0.002497811568900943
134017,REACQUISITION,3.462,3060,0.0058619203,0.0,0.0,0.1355749744621697,8.865491719610632E-4,true,0.1408780913431157,0.0013886819360777736
134051,REACQUISITION,3.462,3283,0.0058619203,0.0,0.0,0.13757227285330012,0.0011491905854560957,true,0.1391774987724361,0.0013886819360777736
134160,REACQUISITION,3.462,3283,0.0058619203,0.0,0.0,0.13772617842311843,4.567273150678858E-4,true,0.13829536547493654,0.0011907849693670869
134266,REACQUISITION,3.462,3490,0.0058619203,0.0,0.0,0.1342271037447887,7.887525348248043E-4,true,0.13186587629345442,0.0010561575181782246
134364,REACQUISITION,3.462,3490,0.0058619203,0.0,0.0,0.1358305001130582,0.0015705792821373065,true,0.13825309623201806,0.0023775973822921515
134465,REACQUISITION,3.462,3693,0.0058619203,0.0,0.0,0.12669486060963608,7.726308838328495E-4,true,0.1195119146851239,7.144709234125912E-4
134565,REACQUISITION,3.462,3693,0.0058619203,0.0,0.0,0.12915552897668714,0.0011771782151486928,true,0.1315874864006059,0.0017118612304329872
134663,REACQUISITION,3.462,3894,0.0058619203,0.0,0.0,0.129280647814908,9.55729882470664E-4,true,0.12941017518597717,0.0010561575181782246
134758,REACQUISITION,3.462,3894,0.0058619203,0.0,0.0,0.13779485981672254,5.504693716809384E-4,true,0.14471659531227038,0.0014223110629245639
134865,REACQUISITION,3.462,4094,0.0058619203,0.0,0.0,0.13684658229836613,2.804806912994789E-4,true,0.1367299740268623,4.5603589387610555E-4
134958,REACQUISITION,3.462,4094,0.0058619203,0.0,0.0,0.1336838889427679,6.055836208371021E-4,true,0.13210324642381946,0.0011907849693670869
135061,REACQUISITION,3.462,4309,0.0058619203,0.0,0.0,0.1287697923648476,6.384144992600862E-4,true,0.12635498577815837,0.0013886819360777736
