elapsedMs,gnssMode,gnssFixAccuracyM,gnssFixAgeMs,gnssSpeedMps,drVelocityEastMps,drVelocityNorthMps,linearAccelMagnitudeMps2,gyroMagnitudeRadPerSec,isStationary
0,DEAD_RECKONING,8.2,446,12.851861,-11.982711179966282,6.393081535171181,0.7579267157184477,0.5654955393586332,false
137,DEAD_RECKONING,8.2,647,12.851861,-11.988703972379787,6.491619935732041,1.0059508268953736,0.18471779857194873,false
201,DEAD_RECKONING,8.2,647,12.851861,-12.316969454493282,5.835477022950447,1.3392288785119104,0.1847813821632144,false
328,DEAD_RECKONING,8.2,848,12.851861,-12.209321932517648,6.188814532696634,1.027932217206656,0.2228790525531793,false
400,DEAD_RECKONING,8.2,848,12.851861,-12.262255909840988,6.215646372330546,1.2965516916924575,0.1266796248311323,false
533,DEAD_RECKONING,8.2,1049,12.851861,-12.191512081702037,6.469583932089641,1.4766876441799188,0.15277651707918924,false
601,DEAD_RECKONING,8.2,1049,12.851861,-12.229557484183236,6.486003228527117,1.5487165587066638,0.11359910391690987,false
702,REACQUISITION,6.75,251,9.724848,-12.138758984967415,6.7566758062504055,1.550503861030147,0.16067333491486613,false
803,REACQUISITION,6.75,251,9.724848,-12.218566406641104,6.801098211856252,1.451845090789058,0.3051524280577451,false
904,REACQUISITION,6.75,454,9.724848,-12.233637885458908,6.8652854889054105,1.6328043681489826,0.8400900066366898,false
1003,REACQUISITION,6.75,454,9.724848,-12.177173976243475,6.833599014267778,2.5877164441072145,1.546576877402687,false
1103,REACQUISITION,6.75,454,9.724848,-11.9030478247111,6.9490695886875695,2.969153090872984,0.8096718327101792,false
1204,REACQUISITION,6.75,659,9.724848,-11.649406989403914,7.328415646890473,2.378602565863698,1.1618995689377771,false
1303,REACQUISITION,6.75,659,9.724848,-11.643010790374323,7.606769005008884,2.920817858889349,0.6818221197571934,false
1404,REACQUISITION,6.75,860,9.724848,-11.746433705481795,7.877512832895133,3.0755741159399537,0.8204320466098032,false
1504,REACQUISITION,6.75,860,9.724848,-11.891059868370299,8.14769771439515,3.1967521605954765,0.639339243615369,false
1604,REACQUISITION,6.75,1060,9.724848,-11.761033706620212,8.673711651155136,2.431537288243857,0.22044325749576554,false
1705,REACQUISITION,6.75,1060,9.724848,-11.872321796658486,8.874256935461203,2.343010762218966,0.24341486667595816,false
1806,GNSS_AIDED,6.116,261,7.679142,-0.1368113254090184,0.08973521945819837,2.0162415631159916,0.06852568810556475,false
1906,GNSS_AIDED,6.116,261,7.679142,0.002743263859699874,0.19174287609672985,1.9451600421266577,0.16380420767444917,false
2006,GNSS_AIDED,6.116,462,7.679142,-0.10718699072087985,0.059274595418749,1.8201564152963428,0.3173089719731691,false
2106,GNSS_AIDED,6.116,462,7.679142,0.001663428209929797,0.15112980594369138,1.5080263836453198,0.5211736970674616,false
2207,GNSS_AIDED,6.116,663,7.679142,-0.015025382633422806,0.012168626720992946,1.020362557516767,0.5034912994105263,false
2306,GNSS_AIDED,6.116,663,7.679142,-0.0070312669929328865,0.072437247264131,0.9250578379789124,0.1710221438330519,false
2407,GNSS_AIDED,6.116,898,7.679142,-0.09702410193916661,0.06970506057839261,1.2592225678915376,0.3500380125549756,false
2505,GNSS_AIDED,6.116,898,7.679142,0.014743658213124889,0.048837704634313236,0.60897488506967,0.3362815179979634,false
2747,GNSS_AIDED,5.885,119,6.958502,-0.0636710408609494,0.04899118449948214,1.5670690846427677,0.44048405584073214,false
2806,GNSS_AIDED,5.885,345,6.958502,-0.10912450555914083,0.08396499747723642,2.360545871958201,0.5172718886535064,false
2906,GNSS_AIDED,5.885,345,6.958502,-0.07245302139454547,0.08387662747066849,1.264594834941879,0.19489391376911666,false
3007,GNSS_AIDED,5.885,546,6.958502,-0.04808903428482698,0.09876620809540912,1.7233260425241328,0.2985818190953087,false
3108,GNSS_AIDED,5.885,546,6.958502,-0.12713426235499484,0.12519693212941715,1.8442896695988171,0.23324483348606442,false
3209,GNSS_AIDED,5.885,748,6.958502,-0.03606251039747042,0.1398376345647938,1.7940038791727333,0.04490532685354538,false
3309,GNSS_AIDED,5.885,748,6.958502,-0.028638454637094888,0.16339061511535988,2.098589342238446,0.12288455909201396,false
3432,GNSS_AIDED,5.885,950,6.958502,-0.06254473768295532,0.06048267681872869,1.638139901914189,0.27669744430654464,false
3510,GNSS_AIDED,5.885,950,6.958502,-0.04336766593894775,0.03744450732860878,2.1080600674056456,0.38163753721368654,false
3630,GNSS_AIDED,114.9,150,3.0338209,-0.010305628975313685,0.11404233470498341,1.5015199987565213,0.31624514426677897,false
3715,GNSS_AIDED,114.9,150,3.0338209,-0.06800283550298002,0.06497238735455456,1.3131221937660278,0.14778285779200465,false
3831,GNSS_AIDED,114.9,351,3.0338209,-0.06190134655173094,0.058019574680158364,1.7835547202397806,0.2607020305976197,false
3915,GNSS_AIDED,114.9,351,3.0338209,-0.059877503124965016,0.05451907498554145,1.562599427956712,0.2877776259771739,false
4030,GNSS_AIDED,114.9,552,3.0338209,-0.08940694465821425,0.0814934732006843,1.4751643400015562,0.3348326033395903,false
4111,GNSS_AIDED,114.9,552,3.0338209,0.04317581823345303,0.19010366199593376,1.9704991424723086,0.05741452122936817,false
4226,GNSS_AIDED,114.9,753,3.0338209,-0.06392370612624672,0.059658861947982506,2.017187383999852,0.05525166413545956,false
4311,GNSS_AIDED,114.9,753,3.0338209,-0.1027313037355936,0.09587730497342947,2.6934811557915666,0.2431109282902264,false
4427,GNSS_AIDED,114.9,954,3.0338209,-0.12040230796701325,0.10972448668807998,2.2690854392026805,0.05530335452003968,false
4512,GNSS_AIDED,114.9,954,3.0338209,-0.019086585592357735,0.22645862639692624,2.2943248960423426,0.18002194198181776,false
4612,GNSS_AIDED,114.9,1156,3.0338209,-0.07279120346660048,0.06257503534296056,2.2263227229176676,0.26799688385363785,false
4713,GNSS_AIDED,114.9,1156,3.0338209,-0.055378098227994714,0.04745114153334724,1.4008063049394681,0.5102357875774692,false
4812,GNSS_AIDED,114.9,1357,3.0338209,-0.10496528881603606,0.09049668481885184,1.5777689783654363,0.791808422864649,false
4913,GNSS_AIDED,114.9,1357,3.0338209,-0.24420047262565608,0.039045143258054096,2.6076522391196586,1.2634454004224696,false
5119,GNSS_AIDED,93.95,340,2.1048684,0.057782364258417394,0.1748687814583113,1.065956219288709,0.14356731766922876,false
5222,GNSS_AIDED,93.95,340,2.1048684,0.08119616339299655,0.14287744793478335,1.6470417324299202,0.4503231684763096,false
5316,GNSS_AIDED,93.95,340,2.1048684,-0.019639076493559178,0.011497497336275501,1.8429150644115193,0.27721788317715584,false
5413,GNSS_AIDED,93.95,541,2.1048684,-0.017128843230657706,0.010027906835769776,2.361211577404177,0.2415347286260249,false
5513,GNSS_AIDED,93.95,541,2.1048684,0.1312679994353809,0.22558964942219403,2.609097124031611,0.28034689960676074,false
5614,GNSS_AIDED,93.95,763,2.1048684,0.06925489948488246,-0.041563441759668036,3.3331165560915808,0.6161104955725429,false
5717,GNSS_AIDED,93.95,763,2.1048684,0.16897169246281862,-0.10214960299328568,4.6820904556351035,1.3352642717929086,false
5834,TRANSITION,93.95,991,2.1048684,0.12281444582292482,-0.07398231548874915,1.3524874768419832,0.9780460536389376,false
5916,TRANSITION,93.95,991,2.1048684,-0.0688307319163262,0.04146301267602697,3.023441633382348,1.1959409164538926,false
6068,TRANSITION,80.166,195,1.4470679,-0.09576106061414602,-0.005006281621178679,0.8230411120584706,0.6332621770215864,false
6116,TRANSITION,80.166,195,1.4470679,-0.12250833990410032,0.09940720770872001,1.4738393411249757,0.5915124976196712,false
6217,TRANSITION,80.166,395,1.4470679,-0.1884085380758393,0.14732941796249355,1.271365802967475,0.2449742343464815,false
6317,TRANSITION,80.166,395,1.4470679,-0.06669642162334166,0.19432518398454068,2.4213866151774717,0.2281340927935002,false
6418,TRANSITION,80.166,596,1.4470679,-0.11597597392887662,0.07783080174797181,0.6725308015111514,0.11314210541251286,false
6519,TRANSITION,80.166,596,1.4470679,-0.14365280252057713,0.09640456048574511,1.4512969713917883,0.24937414559190926,false
6618,TRANSITION,80.166,803,1.4470679,-0.17712136340596268,0.12069667453596086,1.3564486311395463,0.12719372827628092,false
6720,TRANSITION,80.166,803,1.4470679,-0.24936074678038914,0.18100570563132382,2.0034525208097165,0.2731147015883786,false
6890,DEAD_RECKONING,80.166,1003,1.4470679,-0.2589244729192183,0.22613176665879892,0.5582201334705263,0.2588303076398629,false
6953,DEAD_RECKONING,80.166,1003,1.4470679,-0.2268400077692576,0.2799383465221217,1.305086995806762,0.47035134817810204,false
7025,DEAD_RECKONING,82.278,163,1.4673554,-0.15925084259738156,0.34824958456499355,1.23879539888562,0.25641433980053746,false
7126,DEAD_RECKONING,82.278,163,1.4673554,-0.24658408508875926,0.16368154100141796,0.7493385659562302,0.11641202968591163,false
7218,DEAD_RECKONING,82.278,364,1.4673554,-0.238133626904881,0.15807216026134566,1.0179554618693705,0.15222992083001363,false
7319,DEAD_RECKONING,82.278,364,1.4673554,-0.2658683169702949,0.18517293474526705,0.7773579551893045,0.2225770292103975,false
7434,DEAD_RECKONING,82.278,564,1.4673554,-0.2688649464086202,0.18881504828644655,1.622011585618307,0.2873222997245541,false
7522,DEAD_RECKONING,82.278,564,1.4673554,-0.31769921827243086,0.5476468761137295,5.415899321742919,1.801712687300886,false
7630,DEAD_RECKONING,82.278,765,1.4673554,-0.7149358992850695,0.4891528557985028,3.0091137796892484,1.0111906867851221,false
7722,DEAD_RECKONING,82.278,765,1.4673554,-0.8691526904004516,0.659418734259944,2.4209288705889573,0.6943303128304086,false
7820,DEAD_RECKONING,82.278,966,1.4673554,-0.983077741016074,0.709287487745327,1.601879140415064,1.6190845671161556,false
7921,DEAD_RECKONING,82.278,966,1.4673554,-0.9099350739502428,1.0226694729601282,2.7328326514626777,1.2896906183558556,false
8020,DEAD_RECKONING,25.499,201,1.0853868,-0.9960405846815296,1.145705210549014,1.7366916937983703,1.172539629080909,false
8227,DEAD_RECKONING,25.499,201,1.0853868,-0.6876856294243133,1.3225515445481086,1.8868742548632735,1.0279715321080984,false
8321,DEAD_RECKONING,25.499,439,1.0853868,-0.4571429308238605,1.4383199885798397,2.5827839419508147,0.941664766736331,false
8421,DEAD_RECKONING,25.499,439,1.0853868,-0.9412601926556172,0.7079937605874953,1.592777717560272,0.4524751358284709,false
8522,DEAD_RECKONING,25.499,639,1.0853868,-0.8997676683627708,0.7719034675539641,0.8333024208218833,0.3383752127700563,false
8622,DEAD_RECKONING,25.499,639,1.0853868,-0.7833279611952445,0.8507250963788431,1.4196567124972144,0.49405559806310784,false
8722,DEAD_RECKONING,25.499,850,1.0853868,-0.8624175262911922,0.7374858717071407,0.8616680942626663,0.381088187478139,false
8876,DEAD_RECKONING,25.499,1051,1.0853868,-0.84421248898457,0.7351437964281827,0.2483111491935721,0.1899499842115687,false
8943,DEAD_RECKONING,25.499,1051,1.0853868,-0.8607650380108437,0.761977651963009,0.7400047099532234,0.33785485127347237,false
9092,DEAD_RECKONING,20.349,253,2.878546,-0.8182013051140101,0.7344019589805854,1.28750929111581,0.2054400759372109,false
9139,DEAD_RECKONING,20.349,253,2.878546,-0.7592358949012573,0.7913370344855277,1.2626740501138645,0.16913764450486352,false
9273,DEAD_RECKONING,20.349,454,2.878546,-0.8243383392859168,0.7299267273368999,0.5570967514377826,0.06987770138892717,false
9334,DEAD_RECKONING,20.349,454,2.878546,-0.7724932474872188,0.6949159671585163,1.4492417052262294,0.02834783989799238,false
9483,DEAD_RECKONING,20.349,662,2.878546,-0.7104426954478436,0.6437390056421508,2.566337730801242,0.2203539647949594,false
9534,DEAD_RECKONING,20.349,662,2.878546,-0.601815294823586,0.7917237049765301,2.189897729778815,0.3303371866255154,false
9674,DEAD_RECKONING,20.349,862,2.878546,-0.5739208448366666,0.8578542119139038,1.8084954751743552,0.4242517375877364,false
9731,DEAD_RECKONING,20.349,862,2.878546,-0.43778004360950395,0.9620230832675135,2.0699553933311083,0.4683812903730071,false
9857,DEAD_RECKONING,20.349,1062,2.878546,-0.6741185067443601,0.6218530766165404,2.152169528687165,0.5346797093692884,false
9986,DEAD_RECKONING,20.349,1062,2.878546,-0.5987500920525373,0.7509912589237735,1.9799633047577507,0.7603871809054104,false
10050,DEAD_RECKONING,20.349,1062,2.878546,-0.6912858220708276,0.5883674279414955,0.9781641868303053,0.8924572847454917,false
10180,DEAD_RECKONING,17.219,265,4.8926506,-0.6367462677395982,0.5575699333123384,1.4027823629547287,0.5449104437129598,false
10248,DEAD_RECKONING,17.219,265,4.8926506,-0.4487590405309264,0.5982312924946503,1.9199716781527159,0.8813714341852187,false
10381,DEAD_RECKONING,17.219,466,4.8926506,-0.5484282094022873,0.512698256145217,0.7794214546191868,0.7627363592119192,false
10447,DEAD_RECKONING,17.219,466,4.8926506,-0.6360805264280229,0.5788128859156108,1.2097109231957788,1.0657963997424547,false
10572,DEAD_RECKONING,17.219,667,4.8926506,-0.7303417061540048,0.6532932540781493,1.2539905330585643,0.3524407327616641,false
10637,DEAD_RECKONING,17.219,667,4.8926506,-0.768610178233306,0.6747449852809833,0.9567340378598492,0.1693244522837611,false
10768,DEAD_RECKONING,17.219,873,4.8926506,-0.7153141886681363,0.7556736934257645,0.9728204648428037,0.16825402661026012,false
10832,DEAD_RECKONING,17.219,873,4.8926506,-0.7824946741980614,0.6373620998675064,1.0309519038595696,0.2504811427623145,false
10964,DEAD_RECKONING,17.219,1082,4.8926506,-0.7855047331987092,0.657234746269973,0.25425923568172254,0.476215609964824,false
11029,DEAD_RECKONING,17.219,1082,4.8926506,-0.8460264313917768,0.7194931970432732,1.2518541323643537,0.9546208551966073,false
11201,REACQUISITION,15.033,297,5.9205523,-0.8702907114084671,0.7221610669540665,0.5514283265291828,0.3122312787006545,false
11288,REACQUISITION,15.033,499,5.9205523,-0.760820483741453,0.7595156373353592,1.1556693657733537,0.2720683224579106,false
11363,REACQUISITION,15.033,499,5.9205523,-0.6344688983793765,0.8545611050410516,1.6373493935956474,0.3123946588905323,false
11484,REACQUISITION,15.033,499,5.9205523,-0.8187738523879394,0.5801882565274591,0.8680778214008088,0.09456077984208427,false
11549,REACQUISITION,15.033,717,5.9205523,-0.8037333409276378,0.594467851532375,0.6051487872518625,0.15785391758467263,false
11702,REACQUISITION,15.033,717,5.9205523,-0.8418024922985301,0.6302965619077334,0.8787548753593601,0.1951302940237363,false
11752,REACQUISITION,15.033,944,5.9205523,-0.9875467327110373,0.7491772404455319,2.119977662064503,0.22441412170398461,false
11882,REACQUISITION,15.033,944,5.9205523,-1.0285779300690325,0.7863585238026453,0.7046962500605253,0.7764432469539042,false
11957,REACQUISITION,13.428,144,6.595362,-0.9686308933877508,0.748561834705178,1.260609179794987,1.043213704486941,false
12079,REACQUISITION,13.428,144,6.595362,-0.9198987260015327,0.7301562532347872,1.318538922136542,1.42300548514604,false
12196,GNSS_AIDED,13.428,344,6.595362,0.04527163644014042,0.09167039974825458,1.2112365888692005,0.8145968386593054,false
12268,GNSS_AIDED,13.428,344,6.595362,0.006741049483854468,0.08961746624903145,0.9524415565381199,0.6540822531456285,false
12332,GNSS_AIDED,13.428,344,6.595362,-0.057650401179704526,0.05287477629837481,1.469160097443643,0.34460763715591824,false
12461,GNSS_AIDED,13.428,547,6.595362,0.012412389827228313,0.015895225176585658,1.122754341185978,0.744032614402287,false
12596,GNSS_AIDED,13.428,749,6.595362,0.021495668337047365,-0.020583344415119574,0.8774160996056054,0.5184329472216184,false
12657,GNSS_AIDED,13.428,749,6.595362,0.018283122991413846,0.046210407066113214,0.7005284141530465,0.541932493901617,false
12787,GNSS_AIDED,13.428,949,6.595362,0.005123478631107253,-0.005040317693205375,0.9496848318931903,0.2908830096447022,false
12854,GNSS_AIDED,13.428,949,6.595362,-0.018997650435560003,0.018394542589109285,0.7024184158087127,0.19675980441311042,false
12983,GNSS_AIDED,4.45,150,6.761716,-0.08072884792936846,0.07129410176371771,1.3658105019000946,0.3347350519153105,false
13048,GNSS_AIDED,4.45,150,6.761716,-0.04047845062270322,0.0369365542598676,0.81050037330377,0.510865318111167,false
13180,GNSS_AIDED,4.45,353,6.761716,-0.1871452956423225,-0.09493155658302724,2.0986678963880285,0.5745473049314707,false
13245,GNSS_AIDED,4.45,353,6.761716,-0.09136198533543585,-0.13612865511140387,1.6525204925519204,0.7653237124872875,false
13376,GNSS_AIDED,4.45,556,6.761716,-0.33790851033541597,-0.1487891952916717,3.766693550498166,1.3046981066714685,false
13460,GNSS_AIDED,4.45,556,6.761716,-0.21465438323552594,-0.0664904720421045,2.384424000739094,0.6840451889157172,false
13571,GNSS_AIDED,4.45,756,6.761716,0.06769425344233507,0.07035763060257187,2.196333339638883,1.218391394110533,false
13638,GNSS_AIDED,4.45,756,6.761716,0.12633826073966548,-0.16876947481371832,6.311742186210773,3.1659445400618047,false
13770,GNSS_AIDED,4.45,957,6.761716,0.24958254126090426,0.13657297250337552,2.884123261280428,1.560771079813152,false
13879,GNSS_AIDED,4.45,957,6.761716,-0.02472899990769484,0.12166898136268658,2.0624614849069975,0.5389255715565858,false
13938,GNSS_AIDED,4.45,957,6.761716,-0.1222261230203413,0.10945935839253398,1.8222181039297445,0.8528576288146696,false
14041,GNSS_AIDED,3.98,159,6.607751,-0.08141719391344451,0.0743230665082912,1.261809433001616,0.6389765290016364,false
14137,GNSS_AIDED,3.98,159,6.607751,-0.04024260578556211,0.036736145309146755,0.5973674110601445,0.2779825085748684,false
14237,GNSS_AIDED,3.98,380,6.607751,0.03688275424136698,0.10151721432540395,1.0890134597687093,0.40295896961848876,false
14337,GNSS_AIDED,3.98,380,6.607751,0.06289995590527236,0.07550674254415823,1.3835188494990562,0.6332788324930781,false
14438,GNSS_AIDED,3.98,580,6.607751,0.02966018781811661,-0.019268789575986055,1.6280542879629838,1.3727435040143854,false
14541,GNSS_AIDED,3.98,580,6.607751,0.07023908339161229,-0.0456674570630046,1.724800667548488,0.4476929445552753,false
14638,GNSS_AIDED,3.98,793,6.607751,0.02016133207793782,0.07765971711870814,0.9909793747870437,0.5131907473985139,false
14738,GNSS_AIDED,3.98,793,6.607751,-0.06782239690886016,0.12121174397286932,1.5355655056667787,0.8468527224775266,false
14839,GNSS_AIDED,3.98,994,6.607751,-0.13274239812169725,0.10754455658551498,1.7787502914595714,0.4964332849938369,false
14939,GNSS_AIDED,3.98,994,6.607751,-0.09485703906006873,0.07855489348758397,1.374328968640229,0.2774211072933821,false
15040,GNSS_AIDED,3.74,197,6.3033767,-0.0363417519718474,0.14369185580818425,1.5282219655460194,0.30922296801576926,false
15140,GNSS_AIDED,3.74,197,6.3033767,0.0015639957007986228,0.10524452327462418,1.1420459538511767,0.08183300793871276,false
15239,GNSS_AIDED,3.74,397,6.3033767,-0.012398652785260209,0.00910924891308826,0.6452903132244114,0.07775140925296088,false
15339,GNSS_AIDED,3.74,397,6.3033767,-0.028774156539719056,0.02065835566387432,0.4911656803625448,0.15030625525151906,false
15440,GNSS_AIDED,3.74,598,6.3033767,-0.02826461925786695,0.020806354470856495,0.7957541807549251,0.1610794078636199,false
15542,GNSS_AIDED,3.74,598,6.3033767,-0.04827725687799048,0.035538200968494825,0.8787925209815441,0.1536754251366161,false
15641,GNSS_AIDED,3.74,811,6.3033767,-0.04990656321690633,0.03611142921792101,0.8568333031220395,0.14144205429662107,false
15784,GNSS_AIDED,3.74,811,6.3033767,0.043620495494856665,0.10030015265755818,1.117144039244603,0.1455172202733538,false
15847,GNSS_AIDED,3.74,1023,6.3033767,-0.04336539101965069,0.029171175578271622,1.1544123246428606,0.1846720992145619,false
15942,GNSS_AIDED,3.74,1023,6.3033767,-0.06228100900512494,0.042923258331283104,1.6175059342528595,0.14689423919335381,false
16055,GNSS_AIDED,3.6,237,5.827342,-0.032973063151741464,0.022462624003371377,1.563418472983636,0.1364247930320196,false
16140,GNSS_AIDED,3.6,237,5.827342,-0.032457951607801065,0.02149327122475716,1.3498146877927504,0.04717629182024311,false
16244,GNSS_AIDED,3.6,454,5.827342,-0.033896348674406065,0.022919131789188252,1.2157823610574987,0.09107651833214994,false
16352,GNSS_AIDED,3.6,454,5.827342,-0.01422786456172491,0.009661331144748705,1.1239327811044832,0.10786934039076919,false
16442,GNSS_AIDED,3.6,454,5.827342,-0.02505893349218765,0.017229029417916212,1.1001103822538822,0.0750140260033195,false
16561,GNSS_AIDED,3.6,672,5.827342,-0.02353663370939508,0.01590217789272194,1.247748755441932,0.06510417131611926,false
16659,GNSS_AIDED,3.6,672,5.827342,-0.005930501893413988,0.003986256006882078,1.2868740839942805,0.04278622477715615,false
16770,GNSS_AIDED,3.6,901,5.827342,-0.007768158696512789,0.00515622290255975,0.9719352148808963,0.05718814988879969,false
16845,GNSS_AIDED,3.6,901,5.827342,-0.004136851293291329,0.0027077776737860493,0.9153739439316203,0.08410358315348605,false
16949,GNSS_AIDED,3.533,111,5.255181,0.08841519066934153,0.094691610158994,1.3557632863517672,0.2197474431918035,false
17047,GNSS_AIDED,3.533,111,5.255181,0.007458620052067367,-0.0046886609281127575,1.331510724117118,0.23191117308041537,false
17200,GNSS_AIDED,3.533,316,5.255181,-0.01710834571264243,0.010988769117713182,1.0315598887946902,0.1459446942377906,false
17267,GNSS_AIDED,3.533,316,5.255181,-0.026089526359991292,0.016975477368346786,0.9595201028950944,0.1658133625934628,false
17398,GNSS_AIDED,3.533,516,5.255181,-0.04051665337783044,0.026784062458123845,0.9893819437317023,0.07312477509631873,false
17462,GNSS_AIDED,3.533,516,5.255181,-0.04765755613340053,0.031551405003583784,1.03601491757906,0.12443188519994607,false
17594,GNSS_AIDED,3.533,717,5.255181,-0.044672765117459164,0.029557375676186333,1.3608215533863721,0.1386621059987689,false
17662,GNSS_AIDED,3.533,717,5.255181,-0.052234604740056916,0.03352626440288688,1.7673578720851462,0.15859511094569814,false
17786,GNSS_AIDED,3.533,930,5.255181,-0.058524293828642736,0.038477581255693886,1.6560627208893193,0.09433199494058515,false
17852,GNSS_AIDED,3.533,930,5.255181,-0.07008030285062032,0.04542153612670783,1.602451739823745,0.0528312379376408,false
17981,GNSS_AIDED,3.38,131,5.0728583,-0.059197082934185755,0.03874799352017567,2.0771890482380755,0.11873138066406526,false
18058,GNSS_AIDED,3.38,131,5.0728583,-0.02494015836367296,0.016314026472200007,1.4752172940747144,0.1289099754358325,false
18177,GNSS_AIDED,3.38,331,5.0728583,0.021433943742257745,0.10032925208377086,1.046270200805993,0.03132713560834688,false
18312,GNSS_AIDED,3.38,331,5.0728583,-0.010155821765383603,0.00648869581629969,1.0397693012105986,0.05514634349921225,false
18373,GNSS_AIDED,3.38,532,5.0728583,-0.007979801306551348,0.005241841796603598,1.5477977247534598,0.07084511735388287,false
18505,GNSS_AIDED,3.38,532,5.0728583,-0.027977190259673986,0.01807292140344387,1.2586376425192127,0.29121002150267156,false
18581,GNSS_AIDED,3.38,732,5.0728583,-0.032692739551717226,0.02081480103351048,1.2401892220509638,0.4468245199314437,false
18699,GNSS_AIDED,3.38,732,5.0728583,-0.02726652959063833,0.017855077386284827,1.149740859527396,0.2592544962587164,false
18776,GNSS_AIDED,3.38,949,5.0728583,-0.030434371073422277,0.020540570220782286,0.9396312877054532,0.21481681860652485,false
18901,GNSS_AIDED,3.38,949,5.0728583,-0.03678036597603232,0.02524391316503048,1.1850654141426809,0.094890842475181,false
18959,GNSS_AIDED,3.3,165,4.8485303,0.03445262726678302,0.12473957299744713,1.2907171405745845,0.12807756804092219,false
19095,GNSS_AIDED,3.3,165,4.8485303,-0.029975677195929053,0.019808919636676414,1.1516610124101572,0.1240416955423746,false
19159,GNSS_AIDED,3.3,370,4.8485303,-0.00819840886534404,0.005535710741382364,0.5239996622084233,0.18365497371575618,false
19284,GNSS_AIDED,3.3,370,4.8485303,-0.003832276522219385,0.002527468618008821,0.8893955352613897,0.1338624722925497,false
19351,GNSS_AIDED,3.3,370,4.8485303,0.012264912976783851,-0.008088973348269187,1.406667597141941,0.11497292393113594,false
19482,GNSS_AIDED,3.3,587,4.8485303,-0.05457841013778133,0.03410213310955694,1.0270431423617414,0.8186240805541519,false
19611,GNSS_AIDED,3.3,788,4.8485303,-0.1244391633703583,0.0754929621039201,2.155660939915422,1.4921400827615632,false
19677,GNSS_AIDED,3.3,788,4.8485303,-0.07970361908970372,0.049565361802298036,1.2056322703197877,1.8687536736819061,false
19813,GNSS_AIDED,3.3,988,4.8485303,0.031741857126667876,0.1766571182860459,1.7961650782238354,0.3837274771490754,false
19871,GNSS_AIDED,3.3,988,4.8485303,0.07675172628489252,0.18328271301166857,1.993322996949929,0.5098006232221083,false
20021,GNSS_AIDED,3.266,189,4.843116,0.09542391027278188,0.1879867207519076,2.1092388717602164,0.15542014694273087,false
20070,GNSS_AIDED,3.266,189,4.843116,-0.010745418482295748,0.004245885361901181,1.8125514193513963,0.11055070143799196,false
20196,GNSS_AIDED,3.266,389,4.843116,-0.002624378102625898,0.11635456020185862,1.2027735914985733,0.24835612119022393,false
20262,GNSS_AIDED,3.266,389,4.843116,0.0660455976268299,0.12837491359163425,1.4409325133610869,0.3244000148291133,false
20392,GNSS_AIDED,3.266,590,4.843116,0.028888737846826246,0.06713876769678136,0.7400091983185437,0.3761626319473749,false
20504,GNSS_AIDED,3.266,590,4.843116,-0.04872594114023959,0.019660187289418263,1.2089667331575222,0.3657366383488233,false
20617,GNSS_AIDED,3.266,590,4.843116,0.041689691404207856,0.08698622182111952,1.0680000619796366,0.8424395440068676,false
20693,GNSS_AIDED,3.266,868,4.843116,0.1473663246718428,0.12039248134982397,1.9808072573385551,1.0557904244976821,false
20813,GNSS_AIDED,3.266,868,4.843116,0.07459865749890003,-0.026164660201416525,1.8035529769612928,0.5246449991269981,false
20928,GNSS_AIDED,3.266,1091,4.843116,0.09644010794651195,0.09526216296072651,1.3529879957089557,0.24668987777561896,false
20981,GNSS_AIDED,3.266,1091,4.843116,0.05894244085832005,0.047273463704281336,0.8961488730466233,0.21255613708262946,false
21151,GNSS_AIDED,3.2,292,5.0422964,0.02700094613139046,0.0726931547819867,0.8365930959078715,0.31173432179458516,false
21224,GNSS_AIDED,3.2,292,5.0422964,0.022538872181236232,0.14960540599155653,1.5130669822045573,0.157731696828244,false
21326,GNSS_AIDED,3.2,511,5.0422964,0.04893910289599215,0.1823404653104327,1.9576611032750586,0.09331374168422622,false
21381,GNSS_AIDED,3.2,511,5.0422964,0.02703841642755926,0.14409569533473682,1.463892961080738,0.1086518636266718,false
21509,GNSS_AIDED,3.2,511,5.0422964,-0.046897580717816856,0.021875895018723467,1.3317228132466146,0.11955061713982482,false
21566,GNSS_AIDED,3.2,723,5.0422964,-0.017607257170732,0.008303317720136967,0.7870026140504983,0.14774086107650847,false
21698,GNSS_AIDED,3.2,723,5.0422964,0.005525284963548507,-0.0026676782759125373,0.7686108269481634,0.10611231995618273,false
21793,GNSS_AIDED,3.2,925,5.0422964,0.0024697640298521418,-0.0011986668740514763,1.1119335367886982,0.14942107365538995,false
21894,GNSS_AIDED,3.2,925,5.0422964,-0.020149951111570013,0.009456961984505319,1.051985062996202,0.06834755108884065,false
21979,GNSS_AIDED,3.14,151,5.0825653,-0.019715117155497713,0.009270795164146478,1.233253632166502,0.031594902467168416,false
22107,GNSS_AIDED,3.14,151,5.0825653,0.006944100385894207,-0.0032626239887100297,0.8360234123199387,0.05659747422034491,false
22187,GNSS_AIDED,3.14,370,5.0825653,0.019230058473648087,-0.008868508864816724,1.6591800471699027,0.09527197380794573,false
22267,GNSS_AIDED,3.14,370,5.0825653,-0.012569291252216185,0.005704661448707472,2.199019668524356,0.07261104501577964,false
22359,GNSS_AIDED,3.14,370,5.0825653,-0.0025059084651881734,0.0011373242236572538,1.8307497516063165,0.12266990739257957,false
22461,GNSS_AIDED,3.14,599,5.0825653,-0.02252632012411637,0.00969358338300472,1.1711802913422118,0.21576014459173215,false
22568,GNSS_AIDED,3.14,599,5.0825653,-0.04125531643986641,0.01846838370596785,1.0936672919008381,0.18445865321671204,false
22660,GNSS_AIDED,3.14,820,5.0825653,-0.04155621961793406,0.01860308623234403,1.0473126119183676,0.07202852051382257,false
22760,GNSS_AIDED,3.14,820,5.0825653,-0.04032907940948346,0.019047603233093263,1.765463326647872,0.09459654075234768,false
22880,GNSS_AIDED,3.14,1044,5.0825653,0.0386838901606828,0.15601794224301163,1.6055801593241261,0.058451584051926575,false
22960,GNSS_AIDED,3.14,1044,5.0825653,-0.012062110862406866,0.005381543454021714,1.629627871310617,0.05644527932562355,false
23097,GNSS_AIDED,3.12,256,4.8158054,-0.018605865414481698,0.008470127408546503,1.5089129475780463,0.061095213465371605,false
23182,GNSS_AIDED,3.12,256,4.8158054,-0.03209523030869886,0.015138364091618702,1.6711015373659086,0.0870810291980215,false
23298,GNSS_AIDED,3.12,481,4.8158054,-0.03290917979192218,0.015906179037692408,2.18139293636652,0.08228545243316966,false
23373,GNSS_AIDED,3.12,481,4.8158054,0.09566671938945938,0.2073316127940455,2.386491496735895,0.16985729440771627,false
23461,GNSS_AIDED,3.12,481,4.8158054,0.09066729184050074,0.1525493279959047,1.7705376924058733,0.042466044318297876,false
23563,GNSS_AIDED,3.12,682,4.8158054,0.08120345837023375,0.1459277807125496,1.7158475332372822,0.10048067715910879,false
23663,GNSS_AIDED,3.12,682,4.8158054,0.025950528159196486,-0.011055333026575803,1.4622729440347995,0.17999373961916254,false
23762,GNSS_AIDED,3.12,883,4.8158054,-0.023196035120132755,0.010403460403990199,1.2196151237856432,0.12604742546269773,false
23862,GNSS_AIDED,3.12,883,4.8158054,-0.04896597891448078,0.021961323137387297,1.2750266471797724,0.053088530588829376,false
23963,GNSS_AIDED,3.12,1084,4.8158054,0.036852147338606527,0.13113275882589806,1.424788295002075,0.05042376389338069,false
24084,GNSS_AIDED,3.12,1084,4.8158054,-0.020434640267092543,0.00931070260758357,1.4204999341625484,0.09336393682607981,false
24177,GNSS_AIDED,3.116,299,4.2516866,-0.03470210028544876,0.0153820790135356,1.4236412938295886,0.0963095091955194,false
24269,GNSS_AIDED,3.116,299,4.2516866,-0.032291157500934003,0.014351010967612573,1.6498915449840694,0.04400582133026836,false
24367,GNSS_AIDED,3.116,512,4.2516866,-0.03764521344925675,0.01664126222323737,1.8275947233099334,0.06374056670611566,false
24465,GNSS_AIDED,3.116,512,4.2516866,-0.04028803166609693,0.018004994418620565,1.8608192404061465,0.06040983419389812,false
24563,GNSS_AIDED,3.116,712,4.2516866,-0.03531328568486321,0.015291240483766734,1.91952431408639,0.036204362642265835,false
24665,GNSS_AIDED,3.116,712,4.2516866,-0.029106839270051355,0.012603745881156593,1.6976511487795514,0.07575856971389912,false
24767,GNSS_AIDED,3.116,915,4.2516866,-0.04376503338148758,0.02021893962963692,1.8970370733967135,0.036333511914864475,false
24866,GNSS_AIDED,3.116,915,4.2516866,-0.07370271070545527,0.035065892015511045,2.1559393406742227,0.06851686186911142,false
24965,GNSS_AIDED,3.116,1121,4.2516866,-0.09066189198004179,0.04414084219951391,2.466329496151938,0.03887750068794116,false
25067,GNSS_AIDED,3.116,1121,4.2516866,-0.11047547420038355,0.053787543664642515,2.579108284687556,0.061258592129691196,false
25170,GNSS_AIDED,3.1,319,3.5059612,-0.08926764023443397,0.0411457087904657,2.5344166983840397,0.0636289233432051,false
25267,GNSS_AIDED,3.1,319,3.5059612,-0.07596439594549088,0.035095508131143996,2.3505720830072327,0.04725682229436374,false
25366,GNSS_AIDED,3.1,528,3.5059612,-0.07700940943317784,0.03557830377373147,2.280946040864334,0.07971548818390703,false
25492,GNSS_AIDED,3.1,528,3.5059612,-0.0929162889309475,0.04217224898368301,2.5980434115082622,0.05399767205458868,false
25618,GNSS_AIDED,3.1,733,3.5059612,0.01921304476130911,0.307264296127799,3.125063813673444,0.047025342416538024,false
25682,GNSS_AIDED,3.1,733,3.5059612,-0.10618276924270255,0.051825358988592626,3.237046229409173,0.0589529981817312,false
25812,GNSS_AIDED,3.1,933,3.5059612,-0.1054533142890564,0.05018302138794853,3.4551731248180784,0.037919921478907076,false
25877,GNSS_AIDED,3.1,933,3.5059612,-0.10342709661796787,0.04823135250467197,3.1629416498480105,0.07615674087218398,false
26009,GNSS_AIDED,3.1,136,2.6726506,-0.09800089284008723,0.04549103642359038,2.811837317685722,0.03834006051581186,false
26073,GNSS_AIDED,3.1,136,2.6726506,0.0050727300686110545,0.2800385947623569,2.868897056722763,0.056525811520204305,false
26208,GNSS_AIDED,3.1,338,2.6726506,-0.10920008678633808,0.053709972434691465,3.160613592435974,0.0305272240929853,false
26273,GNSS_AIDED,3.1,338,2.6726506,-0.12244265084177934,0.05817572314846588,3.1177748711255253,0.04323041868284263,false
26403,GNSS_AIDED,3.1,539,2.6726506,-0.12592521668192808,0.05850164264334483,3.126139961789759,0.057204790793876394,false
26532,GNSS_AIDED,3.1,741,2.6726506,-0.1022865732448406,0.04829082258905811,3.2354427783648925,0.05148942979458851,false
26597,GNSS_AIDED,3.1,741,2.6726506,-0.08432580170561434,0.039723350618478474,3.3339984645904406,0.05197098165719822,false
26727,GNSS_AIDED,3.1,741,2.6726506,-0.05639883611516025,0.025700971455744744,3.1680474668637286,0.03179547703781365,false
26790,GNSS_AIDED,3.1,942,2.6726506,0.07811269195283634,0.29603569062473417,3.097555775217422,0.025071815021177977,false
26921,GNSS_AIDED,3.1,942,2.6726506,-0.04294050312249901,0.018162269717339738,2.9405550132831966,0.03080647974975492,false
26985,GNSS_AIDED,3.1,144,2.0528975,-0.06670501938552348,0.02880708876577771,2.796449550423763,0.046530095056323675,false
27121,GNSS_AIDED,3.1,144,2.0528975,-0.06376419954328527,0.02864139175851577,2.8748010280857934,0.4511117416495299,false
27181,GNSS_AIDED,3.1,365,2.0528975,-0.05061284234590653,0.02271513593591327,2.9728680991462646,0.643910077557526,false
27311,GNSS_AIDED,3.1,365,2.0528975,-0.03593095693345743,0.016614054936753355,3.0982126200259046,0.3908648870922581,false
27391,GNSS_AIDED,3.1,565,2.0528975,-0.06701240477416757,0.03193699654745046,3.090205545880293,0.19092190959730426,false
27513,GNSS_AIDED,3.1,565,2.0528975,0.07299016514553149,0.3272901819831819,3.387929077888449,0.14504995893301328,false
27572,GNSS_AIDED,3.1,777,2.0528975,-0.0760596521669608,0.03725857667726934,3.4973881413914003,0.4035577372446761,false
27705,GNSS_AIDED,3.1,777,2.0528975,-0.09942598370060027,0.04900142616527663,3.2286553909777522,0.8040519101289985,false
27834,GNSS_AIDED,3.1,978,2.0528975,-0.06308603621632537,0.24563894374373024,2.592236405606765,0.8410961771182193,false
27898,GNSS_AIDED,3.1,978,2.0528975,0.01202898503497263,0.19761223488794047,2.080181815387506,1.2439746176653033,false
28028,GNSS_AIDED,3.116,179,1.6341337,0.024662709440232924,0.17909627957688493,1.8057888968031852,1.3575390555440054,false
28093,GNSS_AIDED,3.116,179,1.6341337,-0.06253193249938274,0.17203753837560334,1.8644857383573359,1.4310152244837302,false
28223,GNSS_AIDED,3.116,380,1.6341337,0.023375043959394017,0.19608153408392257,1.9890289436845887,0.7504964475689448,false
28364,GNSS_AIDED,3.116,380,1.6341337,0.030283085893986456,0.19991943961396264,2.029483563198935,0.179055889880673,false
28419,GNSS_AIDED,3.116,590,1.6341337,0.09994884666808555,0.23023468736002886,2.5105941200339315,0.5609100666994365,false
28491,GNSS_AIDED,3.116,590,1.6341337,0.13151109310605946,0.2426494458101827,2.76358736305655,0.7340388647770225,false
28618,GNSS_AIDED,3.116,791,1.6341337,0.12439240340916974,0.268607735814768,3.020246168052454,0.9904887242603776,false
28682,GNSS_AIDED,3.116,791,1.6341337,-0.018400708122973442,0.01350547903772207,3.84821244289777,1.9334760799985822,false
28832,GNSS_AIDED,3.116,991,1.6341337,0.26775755320644123,0.32159215173968386,4.212999763750434,1.4109356203995327,false
28900,GNSS_AIDED,3.116,991,1.6341337,0.06571397135166097,0.28113616020846316,2.9253743840655724,1.6704720990149327,false
29019,GNSS_AIDED,3.14,192,1.0447007,-0.0593229935882477,0.23143580970550562,2.387706678444441,1.0646310663623584,false
29145,GNSS_AIDED,3.14,192,1.0447007,-0.13099183146156107,0.20614144018870312,2.6416007744162577,0.41668466335750987,false
29209,GNSS_AIDED,3.14,393,1.0447007,-0.0697355519238109,0.272524013220518,2.903359778819589,0.27396591997062486,false
29344,GNSS_AIDED,3.14,393,1.0447007,-0.03328975590755551,0.2888263643901829,3.0532113427269456,0.3240798691949354,false
29399,GNSS_AIDED,3.14,393,1.0447007,0.010697184798211218,0.2528959876215167,2.625649971188453,0.42656812886321177,false
29657,GNSS_AIDED,3.14,612,1.0447007,-0.3924856051565123,0.25076082382306636,3.3699406136479886,0.297638344089744,false
29722,GNSS_AIDED,3.14,874,1.0447007,-0.20543868309108557,0.12970793881248888,3.5552531636977323,0.2708583916136986,false
29788,GNSS_AIDED,3.14,874,1.0447007,-0.19964799928506113,0.13001786826898848,3.825205733145357,0.26387251514585086,false
29918,GNSS_AIDED,3.14,1074,1.0447007,-0.19446062297652827,0.1304539416793345,3.765539832155163,0.204719022923119,false
29983,GNSS_AIDED,3.14,1074,1.0447007,-0.016634558649459667,0.3453835561033396,3.4714180002418353,0.10847380726028043,false
30116,GNSS_AIDED,3.166,275,0.68719035,-0.1548144375988836,0.09710226656286315,3.258752097847889,0.08395567381906995,false
30179,GNSS_AIDED,3.166,275,0.68719035,-0.13733009078567956,0.08613578481048213,3.12169830941613,0.05541334442967806,false
30312,GNSS_AIDED,3.166,477,0.68719035,-0.1383843403333003,0.09001097207709093,2.9837162555625327,0.07842999175931215,false
30439,GNSS_AIDED,3.166,477,0.68719035,-0.13210704946548377,0.08506340411914362,2.945604096755868,0.2888118763152617,false
30505,GNSS_AIDED,3.166,677,0.68719035,-0.12980729585604472,0.08350976738852195,3.197795450721562,0.4105504420118278,false
30639,GNSS_AIDED,3.166,677,0.68719035,0.0882057263228921,0.32024633114154283,3.46785646514728,0.6450721394573903,false
30703,GNSS_AIDED,3.166,899,0.68719035,-0.012222210071928856,0.2496839937345748,2.493207988773062,1.0007992552914575,false
30832,GNSS_AIDED,3.166,899,0.68719035,-0.11135902498740645,0.062492694347074544,2.225591776805006,0.49945376357554777,false
30904,GNSS_AIDED,3.166,1099,0.68719035,0.01827597109982856,0.2738042735684944,2.7489904356399992,0.3395917936166304,false
31028,GNSS_AIDED,3.166,1099,0.68719035,-0.14260814642172964,0.09233551550566982,2.9687949195111476,0.26214104041075137,false
31110,GNSS_AIDED,3.22,296,0.44755483,-0.11993321257477839,0.08013285341838491,2.9635780123622317,0.27828962930929524,false
31227,GNSS_AIDED,3.22,296,0.44755483,-0.09876281301097047,0.06606444076373816,2.507941963174418,0.334827122672201,false
31293,GNSS_AIDED,3.22,296,0.44755483,-0.09423475545112861,0.06133367841187495,2.886070947433156,0.4546492856390807,false
31418,GNSS_AIDED,3.22,502,0.44755483,0.0033758738798067424,0.2845424495009199,2.8496760697273764,0.18185413020739521,false
31483,GNSS_AIDED,3.22,502,0.44755483,-0.14076116234816047,0.08930735665765294,2.806056731843855,0.350445577116673,false
31613,GNSS_AIDED,3.22,719,0.44755483,-0.08454616083836998,0.216532045962521,2.514451149395363,0.7730147363976155,false
31790,GNSS_AIDED,3.22,719,0.44755483,-0.109124508479459,0.07200104010901032,2.313028249437231,0.18784845624501229,false
31853,GNSS_AIDED,3.22,1008,0.44755483,-0.07972219550658527,0.05260120825495851,2.1644306743130795,0.13652081375421324,false
31896,GNSS_AIDED,3.22,1008,0.44755483,0.0072563681555841055,0.2182342855428133,2.177807590363116,0.2776619188286092,false
31982,GNSS_AIDED,3.22,1008,0.44755483,-0.11341493476841301,0.07175000396150641,2.698765293111213,0.16386168697542722,false
32083,GNSS_AIDED,3.24,211,0.28295848,-0.11982477242077269,0.0769564562180669,2.716679129336389,0.19033161337715918,false
32184,GNSS_AIDED,3.24,211,0.28295848,-0.09917789397855534,0.0645277387534741,3.0248441956688215,0.14448183151058558,false
32285,GNSS_AIDED,3.24,412,0.28295848,0.02872322291884793,0.28402009983872945,2.876299765357297,0.3507643118617971,false
32390,GNSS_AIDED,3.24,412,0.28295848,-0.12095854422632282,0.07326692678323032,2.5843273754327103,0.35161126478679666,false
32487,GNSS_AIDED,3.24,631,0.28295848,-0.13501251498310282,0.08639926267700679,2.48546079596309,0.5784599940145333,false
32587,GNSS_AIDED,3.24,631,0.28295848,-0.03507895196309979,0.18592862557218426,2.0638811398531303,0.5360446969389624,false
32719,GNSS_AIDED,3.24,831,0.28295848,-0.0017811979346697045,0.19249603670253748,1.9671679426544597,0.26716404554301093,false
32785,GNSS_AIDED,3.24,831,0.28295848,0.059346501054116235,0.20107941577087482,2.208495646139263,0.2947330845528428,false
32886,GNSS_AIDED,3.24,1031,0.28295848,0.1640061370749344,0.27055534091077216,3.2476278860415677,0.9065282584739871,false
32987,GNSS_AIDED,3.24,1031,0.28295848,-1.2017168085490476E-4,6.991744495071549E-5,3.6848755622277936,0.7178445861560595,false
33087,GNSS_AIDED,11.472,190,0.24404305,0.18255488011030124,0.3349956749305476,3.8912545611217064,0.5700531052566009,false
33189,GNSS_AIDED,11.472,190,0.24404305,-0.0021471767255769043,0.0010348464637967825,3.7814905313703617,0.32536266759000015,false
33287,GNSS_AIDED,11.472,391,0.24404305,-0.03607757735528319,0.01738783440773305,3.3965671963728727,0.2943089123369259,false
33388,GNSS_AIDED,11.472,391,0.24404305,-0.06784709534793279,0.034948892660674184,2.9655753315732376,0.3783765189450627,false
33489,GNSS_AIDED,11.472,592,0.24404305,-0.09585554528967113,0.04937639770839771,2.5756776300544972,0.4865449078267366,false
33589,GNSS_AIDED,11.472,592,0.24404305,-0.10276211465321125,0.05320997774691392,2.1215184441335344,0.4634787264416566,false
33687,GNSS_AIDED,11.472,793,0.24404305,-0.016736263212643997,0.00866599715387866,2.1142958716592384,0.4102578356662808,false
33788,GNSS_AIDED,11.472,793,0.24404305,-0.016710724145737675,0.008166720507706384,3.060089692962726,0.24564612370013714,false
33889,GNSS_AIDED,11.472,993,0.24404305,-0.020333082142900177,0.009937007964053796,2.9231837462546086,0.2674493359788696,false
34082,GNSS_AIDED,11.472,993,0.24404305,-0.05548606246222317,0.026735382044996203,3.3334691353474715,0.528715931219055,false
34088,GNSS_AIDED,12.265,229,0.5002326,-0.12313958053067933,0.059333526010963936,3.0552357928185665,0.8258172706308636,false
34210,GNSS_AIDED,12.265,229,0.5002326,0.027444050047699918,0.3176700765158222,3.246687825760174,0.8063583233355114,false
34290,GNSS_AIDED,12.265,435,0.5002326,0.09723495544624823,0.3114499826334369,3.31906444181887,0.2533298918500741,false
34392,GNSS_AIDED,12.265,435,0.5002326,0.07301038642498596,0.28962284244909153,3.0759634635301376,0.07891846345545886,false
34490,GNSS_AIDED,12.265,634,0.5002326,0.038695240918000966,0.3208154652365637,3.2860881560681494,0.15000803995068718,false
34590,GNSS_AIDED,12.265,634,0.5002326,-0.055961880868600815,0.033048755357837294,3.2000977603771164,0.3393849387985697,false
34693,GNSS_AIDED,12.265,836,0.5002326,-0.03227660097374816,0.01830004389576152,3.2297628827758644,0.50359423590088,false
34790,GNSS_AIDED,12.265,836,0.5002326,-0.03733850637053008,0.02117002054022428,3.1609538628349583,0.233304870007219,false
34890,GNSS_AIDED,12.265,836,0.5002326,-0.03699274717205752,0.02090325508947721,2.646240776851777,0.250262105182922,false
34991,GNSS_AIDED,11.244,35,0.06378373,0.07408926837572266,0.24367214965003267,2.6491997834400047,0.10307531849387216,false
35092,GNSS_AIDED,11.244,234,0.06378373,-0.05264136667434546,0.03134527171394533,2.6548477423610217,0.1232719285241383,false
35192,GNSS_AIDED,11.244,234,0.06378373,0.07044157494778723,0.2514284209335584,2.605375112443557,0.08558475192231343,false
35292,GNSS_AIDED,11.244,234,0.06378373,-0.06203357982763944,0.03558428672375721,2.298873676209081,0.10766253525752041,false
35394,GNSS_AIDED,11.244,436,0.06378373,-0.05714179519234881,0.03326823555598828,2.307279360790707,0.16116170645028025,false
35494,GNSS_AIDED,11.244,436,0.06378373,-0.10407467781177795,0.06460244890464875,2.364041198971233,0.45774132392570793,false
35603,GNSS_AIDED,11.244,640,0.06378373,-0.009437330554478172,0.005858049986420048,3.3898145746653863,0.9866278019580436,false
35694,GNSS_AIDED,11.244,640,0.06378373,0.2741892526759406,0.2939734972740291,4.021508897225605,0.47612107471749177,false
35794,GNSS_AIDED,11.244,841,0.06378373,0.10307227385085513,0.3571833937760397,3.930243293630568,1.111532984799076,false
35902,GNSS_AIDED,11.244,841,0.06378373,0.02234447574406882,0.3071986766261357,3.491500629287949,0.6270786260308145,false
35996,GNSS_AIDED,11.244,1046,0.06378373,-0.1408307954295967,0.10460862162278109,3.0122317711389344,0.659532099099607,false
36097,GNSS_AIDED,11.244,1046,0.06378373,-0.028695244866264572,0.1935046986403983,1.9526473796813906,0.48265429917393565,false
36200,GNSS_AIDED,11.421,245,0.06551901,-0.03913206651624251,0.02529614047682431,1.8102580993656106,0.2419968955785775,false
36297,GNSS_AIDED,11.421,245,0.06551901,-0.045656479340840314,0.029880781886150478,1.569502510578923,0.20017203906976125,false
36400,GNSS_AIDED,11.421,446,0.06551901,-0.006164973709393108,0.1395804144426823,1.4808084654047613,0.24187261000792787,false
36498,GNSS_AIDED,11.421,446,0.06551901,-0.07813552911064266,0.0550315437825777,1.517322333490561,0.18360020451682635,false
36598,GNSS_AIDED,11.421,647,0.06551901,-0.0052588823286485765,0.18015610318334327,1.7975509730473638,0.20854226157391648,false
36698,GNSS_AIDED,11.421,647,0.06551901,-0.11420177637626532,0.08488946206478364,2.046753661480661,0.1621587404053424,false
36799,GNSS_AIDED,11.421,875,0.06551901,-0.07949524058629878,0.058970503110577735,1.729702969103886,0.0637717909602658,false
36898,GNSS_AIDED,11.421,875,0.06551901,-0.054896405433225104,0.038588867069794475,1.717264117599305,0.08390164638555343,false
37002,GNSS_AIDED,10.594,74,0.08526381,-0.06715158509514818,0.046437986331181964,2.029489469095147,0.08792575726042277,false
37096,GNSS_AIDED,10.594,74,0.08526381,-0.062028524570501835,0.04289518664476721,1.8584083691212803,0.06433549443219545,false
37197,GNSS_AIDED,10.594,274,0.08526381,-0.07314724474583593,0.049128355116449585,1.6007395832578442,0.08111484250223894,false
37297,GNSS_AIDED,10.594,274,0.08526381,-0.039489982317120406,0.027007023679852644,0.9171283525704549,0.11926232495825509,false
37398,GNSS_AIDED,10.594,474,0.08526381,-0.030696441331585642,0.02099316001896333,0.7808385193350913,0.12044243200531356,false
37499,GNSS_AIDED,10.594,474,0.08526381,-0.04404824132263379,0.030241961454538027,1.051813813633601,0.07508984185756346,false
37599,GNSS_AIDED,10.594,674,0.08526381,0.05021762798486417,0.10667884535520851,1.1810248220081103,0.08505765093337558,false
37700,GNSS_AIDED,10.594,674,0.08526381,-0.03625216264670995,0.02701012672844509,1.4692073632408877,0.049477471466768994,false
37800,GNSS_AIDED,10.594,875,0.08526381,0.03985235445439206,0.15195490718950097,1.6318712305626932,0.05637520458737778,false
37900,GNSS_AIDED,10.594,875,0.08526381,-0.05017197922458188,0.03804622232538448,1.3880092368675736,0.08969195701923084,false
38000,GNSS_AIDED,8.2,72,0.07458439,-0.04071058185205464,0.03087149185815166,1.2908502112017477,0.10551115991319174,false
38099,GNSS_AIDED,8.2,72,0.07458439,-0.05338897100716583,0.040960170793745455,1.1033956564147755,0.08210935999376147,false
38200,GNSS_AIDED,8.2,275,0.07458439,-0.0737214786134339,0.05742939410948914,1.355700653468076,0.11250568772471807,false
38300,GNSS_AIDED,8.2,275,0.07458439,-0.052134698559391325,0.12951486727582237,1.4417888724918997,0.03979914962433029,false
38401,GNSS_AIDED,8.2,476,0.07458439,-0.035508499692492944,0.1773990400860563,1.8157883789740437,0.030950224612937907,false
38501,GNSS_AIDED,8.2,476,0.07458439,-0.010711223633262285,0.17230520455420623,1.7273696407965407,0.08719595416858307,false
38611,GNSS_AIDED,8.2,677,0.07458439,-0.09827327790921646,0.08909052842468011,1.9700858835561015,0.05744876642013735,false
38701,GNSS_AIDED,8.2,677,0.07458439,-0.10090053437420948,0.090262523637661,1.9750099616056198,0.06442830614520793,false
38802,GNSS_AIDED,8.2,877,0.07458439,-0.0936271677245361,0.08375599289217739,1.9042895745050334,0.04113476464458562,false
38906,GNSS_AIDED,8.2,877,0.07458439,-0.12082836597061701,0.10633308921665936,2.315760999338505,0.03870427916370985,false
39007,GNSS_AIDED,4.737,75,0.064342596,-0.12437522444033262,0.11240143341376788,2.523195381158208,0.05790557423012679,false
39106,GNSS_AIDED,4.737,75,0.064342596,-0.12972394576158802,0.11870763562406315,2.203158546899312,0.09210444830061859,false
39212,GNSS_AIDED,4.737,276,0.064342596,-0.03504792577443821,0.17668729938538205,1.7978177710106285,0.09722952352700963,false
39304,GNSS_AIDED,4.737,276,0.064342596,-0.11620257886593321,0.10067461161529893,1.9949322331827826,0.0740219980776673,false
39404,GNSS_AIDED,4.737,477,0.064342596,-0.04491899977282384,0.17605625538540817,1.886164899173298,0.07511181010137771,false
39504,GNSS_AIDED,4.737,477,0.064342596,-0.099263883453416,0.09122794155347637,1.6724691877307778,0.04172572403118668,false
39605,GNSS_AIDED,4.737,677,0.064342596,-0.1130952026187331,0.10043428135972932,1.9621881479634338,0.07979231227887941,false
39705,GNSS_AIDED,4.737,677,0.064342596,-0.11687774528016595,0.10379337126908857,2.021106433326822,0.05883131366698052,false
39807,GNSS_AIDED,4.737,879,0.064342596,-0.09900101435146985,0.08692917137701374,1.7119053127866501,0.053338332275373296,false
39904,GNSS_AIDED,4.737,879,0.064342596,-0.0830580243545104,0.07293021471190834,1.4710935401948972,0.09380132078339892,false
40005,GNSS_AIDED,4.067,77,0.09165736,-0.08541312317941321,0.07588626374028543,1.703641669407861,0.057095755249082926,false
40105,GNSS_AIDED,4.067,77,0.09165736,-0.06543389913496561,0.05736503756267036,1.8419201626887671,0.07044018553209325,false
40205,GNSS_AIDED,4.067,282,0.09165736,0.07172902187020087,0.18454985304915278,2.0301454028518195,0.12057173884739812,false
40307,GNSS_AIDED,4.067,282,0.09165736,-0.06543507418198388,0.05769756938284471,2.1357631454935055,0.11211216396094616,false
40407,GNSS_AIDED,4.067,483,0.09165736,0.026212795998236546,0.14780961506383075,1.4982845921002788,0.078795325073155,false
40507,GNSS_AIDED,4.067,483,0.09165736,-0.05128394568505985,0.04367680665519465,1.0326917816832353,0.14501383281652613,false
40608,GNSS_AIDED,4.067,685,0.09165736,-0.030777953063939434,0.09909272867079816,1.119168526441861,0.07690387737689,false
40708,GNSS_AIDED,4.067,685,0.09165736,-0.037907645905925096,0.030961467619144995,1.200366833274354,0.22823007887790034,false
40808,GNSS_AIDED,4.067,885,0.09165736,-0.03158129123489281,0.024878022861436064,0.9746854190538007,0.3916071927133527,false
40909,GNSS_AIDED,4.067,885,0.09165736,-0.07383518298300965,0.058163339699047724,1.269319578964874,0.1712819446521661,false
41008,GNSS_AIDED,4.016,84,0.6220948,-0.10308010401522609,0.0819329980830981,1.3369558996038113,0.11489550945865168,false
41107,GNSS_AIDED,4.016,84,0.6220948,-0.12779431128229754,0.101936164770334,1.6547775114233891,0.29026478641308323,false
41208,GNSS_AIDED,4.016,285,0.6220948,-0.10049327168482557,0.10975606523891554,1.4889978381058149,0.212657057039305,false
41308,GNSS_AIDED,4.016,285,0.6220948,-0.08694331312216225,0.07209138233428694,1.2407896593518548,0.16561703168611883,false
41409,GNSS_AIDED,4.016,485,0.6220948,-0.04993420257248388,0.04267631155006706,0.8140467570638785,0.24126478293104472,false
41510,GNSS_AIDED,4.016,485,0.6220948,-0.04923704058072358,0.042080481421047984,0.9604215086817804,0.17542929626846143,false
41611,GNSS_AIDED,4.016,687,0.6220948,-0.03312915565594239,0.028245411887639054,0.7850921161461565,0.08523815377606642,false
41710,GNSS_AIDED,4.016,687,0.6220948,-0.044759744935401184,0.03726368742971151,1.6629428908672785,0.13641615032585522,false
41811,GNSS_AIDED,4.016,888,0.6220948,-0.08433677023497367,0.06729436392579034,1.2736026504141653,0.13058248333756858,false
41911,GNSS_AIDED,4.016,888,0.6220948,-0.06337421733599241,0.05056783219274696,1.2198341926937983,0.41708778065247676,false
42010,GNSS_AIDED,4.617,92,1.8861358,0.09692356627615795,0.12502392569485227,1.5959037822141218,0.5796426305968206,false
42115,GNSS_AIDED,4.617,92,1.8861358,0.060484639587001676,0.10156454525350868,1.1799670721351248,0.4534314053094394,false
42214,GNSS_AIDED,4.617,292,1.8861358,-0.0012288465888721824,8.948044451103218E-4,0.8584677231614326,0.4054210347945313,false
42314,GNSS_AIDED,4.617,292,1.8861358,-0.00760549626447056,0.005519771589030168,0.7120760184255882,0.18303304040993126,false
42411,GNSS_AIDED,4.617,493,1.8861358,-0.016579816095271108,0.012032981761038744,0.5831118137533947,0.12465251515194663,false
42512,GNSS_AIDED,4.617,493,1.8861358,-0.041912819003497005,0.03133722357252089,1.04107312648205,0.132896162431805,false
42613,GNSS_AIDED,4.617,694,1.8861358,-0.06519484820369749,0.049921452994261296,1.350641948481006,0.12132436337070761,false
42712,GNSS_AIDED,4.617,694,1.8861358,-0.06534444958190617,0.04989578848204553,1.3650699869051774,0.09766317404889167,false
42812,GNSS_AIDED,4.617,896,1.8861358,-0.07222559164926279,0.053561722999361086,1.7453015294942447,0.10357473559147075,false
42913,GNSS_AIDED,4.617,896,1.8861358,-0.05653476555331,0.04211964346056316,1.3315107801217734,0.13263782309466132,false
43022,GNSS_AIDED,6.221,185,1.5713497,-0.01255127305115172,0.009389543050556361,0.7427813566575968,0.28988310159459907,false
43113,GNSS_AIDED,6.221,185,1.5713497,0.013682377709173394,-0.01023571664887552,1.285842206084496,0.31723479598460613,false
43219,GNSS_AIDED,6.221,389,1.5713497,0.09543414975295063,0.11133917367116712,1.5592243114124642,0.2643488232316965,false
43313,GNSS_AIDED,6.221,389,1.5713497,-0.10315217572437606,0.07175280653299705,2.32950369787673,0.3546454938928832,false
43416,GNSS_AIDED,6.221,590,1.5713497,-0.09105029730315053,0.1580546155237628,1.976685557099389,0.5411641538705623,false
43516,GNSS_AIDED,6.221,590,1.5713497,0.05238576803269236,0.08008923808566287,0.9825565208194381,0.3552997148796236,false
43616,GNSS_AIDED,6.221,790,1.5713497,-0.02339236165335048,0.013732653255287865,2.0548548858491174,0.19836184420751266,false
43718,GNSS_AIDED,6.221,790,1.5713497,0.02226594575316129,0.1721937988856863,2.034931281779607,0.16651311309943104,false
43817,GNSS_AIDED,6.221,991,1.5713497,-0.025155097225558944,0.016364775525508305,2.107797272207852,0.05391048931744888,false
43917,GNSS_AIDED,6.221,991,1.5713497,-0.04114766139743215,0.026768818904997823,2.2150167328886994,0.12387807441101385,false
44029,GNSS_AIDED,7.442,192,1.6377181,0.02463702421770482,0.21142121399527253,2.122867068012077,0.1193106220382175,false
44117,GNSS_AIDED,7.442,192,1.6377181,-0.06421577563016796,0.03708350582970627,1.8033485876841457,0.08379996537314327,false
44217,GNSS_AIDED,7.442,392,1.6377181,-0.06943396559779039,0.039338577889551134,1.5276978886068757,0.12199006611235337,false
44317,GNSS_AIDED,7.442,392,1.6377181,-5.00382964391308E-4,2.7593542369053247E-4,1.0553498821948133,0.10497474504496566,false
44417,GNSS_AIDED,7.442,593,1.6377181,0.009426706890045324,-0.0050168701648009096,1.7110266711874613,0.18112497230110117,false
44517,GNSS_AIDED,7.442,593,1.6377181,-0.01705819698257858,0.008831337336972365,1.4889314916326624,0.04738914919074839,false
44617,GNSS_AIDED,7.442,794,1.6377181,-0.011379370002714105,0.006095263999675456,0.9882023811457343,0.11818991227868901,false
44718,GNSS_AIDED,7.442,794,1.6377181,-0.0011984035860040912,6.332413676794455E-4,0.9357447134197361,0.18578062416285424,false
44823,GNSS_AIDED,7.442,997,1.6377181,-0.011841539867609425,0.006278539718572156,0.5108243098780112,0.1456547745516821,false
44918,GNSS_AIDED,7.442,997,1.6377181,-0.023762471205892505,0.012749319606244954,0.7033216914321336,0.10673657412822261,false
45032,GNSS_AIDED,8.588,104,1.6535468,-0.02922909424499933,0.016095681646242057,1.0478947105018919,0.14425243779277522,false
45118,GNSS_AIDED,8.588,104,1.6535468,-0.06444057935958614,0.03548570618635395,1.3184914311206184,0.1460381688292125,false
45223,GNSS_AIDED,8.588,305,1.6535468,-0.03851465103997604,0.02103394726718767,1.4946156379185673,0.06559449673801748,false
45324,GNSS_AIDED,8.588,305,1.6535468,0.04029659084287055,0.13668040990472277,1.4643432883306506,0.0674625207592403,false
45419,GNSS_AIDED,8.588,505,1.6535468,-0.017268735669887913,0.008758403790503074,1.2160997426673106,0.061110835354683105,false
45519,GNSS_AIDED,8.588,505,1.6535468,-0.010741014149126076,0.005372496033752317,1.1330320140569994,0.0678488481405714,false
45620,GNSS_AIDED,8.588,706,1.6535468,-0.029885302155060734,0.015181152978010549,1.404943247658471,0.12901841172306527,false
45721,GNSS_AIDED,8.588,706,1.6535468,-0.010020732157482814,0.0050607145807311455,1.6227135677818816,0.05210019071895204,false
45821,GNSS_AIDED,8.588,908,1.6535468,0.07678089047028575,0.09415376112042677,1.2141611042448976,0.1081333846703176,false
45921,GNSS_AIDED,8.588,908,1.6535468,0.003820319436776455,-0.0018527444408849606,1.059379206145936,0.06139835248798877,false
46044,GNSS_AIDED,8.373,207,2.1879225,0.004203720668099188,-0.002115542257231441,1.0851230615662317,0.061665185308375996,false
46122,GNSS_AIDED,8.373,207,2.1879225,0.01627617935376751,-0.008191064042498041,1.0983379394900776,0.06456671407446488,false
46221,GNSS_AIDED,8.373,408,2.1879225,0.006325514301275241,-0.003094160123032238,1.0836029590710778,0.09071644195480412,false
46322,GNSS_AIDED,8.373,408,2.1879225,0.03639267294154635,0.05942337635634128,0.6949710035697739,0.0834532186608088,false
46422,GNSS_AIDED,8.373,609,2.1879225,0.015453035774430381,-0.007090628441817588,0.6058009858794102,0.06617671888591768,false
46522,GNSS_AIDED,8.373,609,2.1879225,0.013388871029584503,-0.006143486051024744,0.7050730221073376,0.062275204060596424,false
46651,GNSS_AIDED,8.373,810,2.1879225,-0.005465305183165038,0.0025453272875974276,0.6741613355231211,0.020321174916931306,false
46724,GNSS_AIDED,8.373,810,2.1879225,-0.019271893918272665,0.008975395852543198,1.1248303500247252,0.05078935221701555,false
46833,GNSS_AIDED,8.373,1011,2.1879225,-0.056335963676986324,0.02649740653515272,1.4794062286317027,0.08466233619811754,false
46923,GNSS_AIDED,8.373,1011,2.1879225,-0.05163828714164586,0.024505913538982536,1.2244194871330791,0.053872144179881204,false
47043,GNSS_AIDED,8.858,211,2.3090615,-0.008268795068615834,0.10492620259411581,1.0596584479266333,0.019314663704032776,false
47125,GNSS_AIDED,8.858,211,2.3090615,-0.04279976818434409,0.01946445005415809,1.1248553818466087,0.013650775095684358,false
47226,GNSS_AIDED,8.858,412,2.3090615,-0.03287699509183211,0.014709788374492081,1.0060045496420464,0.05986919247123089,false
47323,GNSS_AIDED,8.858,412,2.3090615,-0.03522127234531338,0.015758662281414676,0.818222905376817,0.025373240093445083,false
47428,GNSS_AIDED,8.858,612,2.3090615,-0.022861208335895836,0.010293980086317867,0.7877159583736907,0.02250308276109074,false
47526,GNSS_AIDED,8.858,612,2.3090615,-0.01478319145728428,0.0066117114521355375,0.9480112003928646,0.02096002687669379,false
47632,GNSS_AIDED,8.858,813,2.3090615,-0.021258899462840625,0.009520287617391151,0.8983055466025761,0.046910025332401496,false
47728,GNSS_AIDED,8.858,813,2.3090615,-0.03177425000700701,0.014649682783263247,1.1413466677448816,0.051438576295970956,false
47853,GNSS_AIDED,8.858,1015,2.3090615,-0.03001734563852546,0.013579564881153906,1.1923988602433249,0.028766324852329002,false
47927,GNSS_AIDED,8.858,1015,2.3090615,-0.05638076058177303,0.025506125877644434,1.26239388393328,0.04181832269063537,false
48040,GNSS_AIDED,8.695,214,1.6707292,-0.10157023101029591,0.04709169492576681,1.8438497612134634,0.1527341123853218,false
48126,GNSS_AIDED,8.695,214,1.6707292,-0.13387268064264654,0.06206829868368683,1.9299815972652212,0.3266025843531091,false
48227,GNSS_AIDED,8.695,414,1.6707292,-0.09004458480460442,0.18689813044616355,2.0703729246922102,0.23445679644908765,false
48326,GNSS_AIDED,8.695,414,1.6707292,-0.06950654280295751,0.16889990327074797,1.8219965567338223,0.11382244157755597,false
48427,GNSS_AIDED,8.695,615,1.6707292,-0.08373817843469657,0.045539498611419656,1.5381311442053578,0.08060384858776946,false
48529,GNSS_AIDED,8.695,615,1.6707292,-0.07686272960593797,0.041800409724570824,1.5561014857143753,0.12868686069027596,false
48630,GNSS_AIDED,8.695,816,1.6707292,-0.07909220196250724,0.04512888447356199,1.7016509713531722,0.12265380383838786,false
48729,GNSS_AIDED,8.695,816,1.6707292,-0.08028107311484446,0.045489385423329746,1.765210616328101,0.09399301433113628,false
48841,GNSS_AIDED,8.695,1018,1.6707292,0.00507218425127856,0.1784768381090996,1.8109575617139246,0.06118519554986769,false
48929,GNSS_AIDED,8.695,1018,1.6707292,-0.0688754445638545,0.034668221010954,1.650737323604107,0.046308968582857914,false
49051,GNSS_AIDED,8.646,217,1.1713977,-0.08426943475448839,0.04340564059161564,1.619025230799039,0.1348716318268229,false
49131,GNSS_AIDED,8.646,217,1.1713977,-0.07190342231973439,0.03824602686889311,1.7111087327259327,0.2588271203578041,false
49240,GNSS_AIDED,8.646,417,1.1713977,-0.007333751960751105,0.1787213846475774,1.8019221152775486,0.08032902841143241,false
49329,GNSS_AIDED,8.646,417,1.1713977,-0.06035841369192563,0.029308799564371362,1.8596507514005296,0.10324930986640757,false
49432,GNSS_AIDED,8.646,618,1.1713977,-0.04793171886877435,0.02318373764041676,1.60768609683154,0.03772640237485624,false
49531,GNSS_AIDED,8.646,618,1.1713977,-0.036369395692166726,0.017591243288731608,1.1836564510506782,0.03827337576480534,false
49643,GNSS_AIDED,8.646,818,1.1713977,-0.041320708445150754,0.01914829145163352,1.1627477163124438,0.04921804059983021,false
49732,GNSS_AIDED,8.646,818,1.1713977,-0.0590524306541313,0.027149967298095674,1.324216551979105,0.06538966696263401,false
49839,GNSS_AIDED,8.646,1021,1.1713977,-0.06370196700009907,0.02973223210905714,1.3930348209395376,0.07969891709231433,false
49931,GNSS_AIDED,8.646,1021,1.1713977,-0.0428340553637119,0.020014686288922192,1.45892887668127,0.024482709018872045,false
50048,GNSS_AIDED,7.188,230,0.0,-0.0365126936018561,0.017348082174920343,1.459126114477067,0.036406458659322134,false
50132,GNSS_AIDED,7.188,230,0.0,-0.07152122069586787,0.03398149770630607,1.3362928332175235,0.17123253537325533,false
50236,GNSS_AIDED,7.188,433,0.0,-0.0736939143729494,0.034521523527961555,1.5641410624404826,0.03733455763921715,false
50332,GNSS_AIDED,7.188,433,0.0,-0.060559791853067015,0.028368913459040024,1.37423319605982,0.029387055890927695,false
50433,GNSS_AIDED,7.188,636,0.0,-0.02628062655165323,0.01256100877254136,1.7711756117771316,0.05196910195455482,false
50534,GNSS_AIDED,7.188,636,0.0,0.025662257033746565,-0.01233093576483015,1.3972436069518528,0.16247488932500825,false
50633,GNSS_AIDED,7.188,840,0.0,0.04262410230880184,0.10390968191690676,1.1378487229367436,0.059376238786699544,false
50734,GNSS_AIDED,7.188,840,0.0,-0.020460709168789424,0.008417622603024009,0.9645164417458774,0.06085494961548982,false
50835,GNSS_AIDED,7.188,1042,0.0,-0.049550566598782826,0.021100715998662124,1.0401595641503691,0.027897932797001597,false
50934,GNSS_AIDED,7.188,1042,0.0,-0.05341207482459734,0.022987710171286178,1.0563213286980935,0.02150685125272188,false
51036,GNSS_AIDED,6.434,246,0.0,-0.05536542589175807,0.023231697429130078,1.0879887895789422,0.037806652493676755,false
51157,GNSS_AIDED,6.434,246,0.0,-0.017151103586465776,0.0956441094422323,0.9783085016923034,0.05085340765987399,false
51245,GNSS_AIDED,6.434,447,0.0,-0.057126729425127365,0.02603607762609493,0.963046704210872,0.04957400580913168,false
51341,GNSS_AIDED,6.434,447,0.0,-0.05689209768815422,0.02570355178734435,1.0673832432132382,0.0625326975509392,false
51439,GNSS_AIDED,6.434,648,0.0,-0.07340145667977008,0.033300209521636474,1.239960355918579,0.03307127966219655,false
51539,GNSS_AIDED,6.434,648,0.0,-0.07313604747716158,0.03238985495049219,1.4750564390215648,0.029887008850678257,false
51641,GNSS_AIDED,6.434,850,0.0,-0.06872510107883371,0.03105388277401857,1.5441983464637083,0.044100410604078336,false
51739,GNSS_AIDED,6.434,850,0.0,-0.0536039791383934,0.024221305727512132,1.4097777573695054,0.03508009780791044,false
51838,GNSS_AIDED,6.434,850,0.0,-0.07055320490184601,0.03265799075181269,1.7295134391864975,0.062072737117705515,false
51938,GNSS_AIDED,6.434,1054,0.0,-0.07671025297968936,0.03518040561127604,1.81798836990452,0.047019259682971624,false
52040,GNSS_AIDED,6.434,1054,0.0,-0.07649498852132465,0.03508168228988422,1.663926770191624,0.10211096093890884,false
52138,GNSS_AIDED,5.878,257,0.0,-0.07113025873108693,0.03215705838982641,1.7338543319911066,0.06759486264109824,false
52240,GNSS_AIDED,5.878,257,0.0,-0.06154001156647616,0.02748560181006711,1.5575784955788943,0.049541136116191535,false
52338,GNSS_AIDED,5.878,457,0.0,-0.06892667540112288,0.030154980979494254,1.705793547875391,0.03866574861283638,false
52439,GNSS_AIDED,5.878,457,0.0,-0.058065474428047555,0.025403274809835952,1.567340911609798,0.0336133286588952,false
52539,GNSS_AIDED,5.878,658,0.0,-0.08711406387175487,0.03795148494643756,1.8048852801007387,0.18689771603426975,false
52639,GNSS_AIDED,5.878,658,0.0,-0.0875337236233957,0.040012462531775254,1.6662148599457025,0.08820790221506117,false
52739,GNSS_AIDED,5.878,859,0.0,-0.050696672059864355,0.023173910663373744,1.7488808784433736,0.18259862692604972,false
52840,GNSS_AIDED,5.878,859,0.0,-0.03825021371605793,0.01740763001562634,1.7238624936827291,0.233072820074238,false
52939,GNSS_AIDED,5.878,1061,0.0,0.026350243568257364,0.11862590904664932,1.2467143655844308,0.10464531850051205,false
53040,GNSS_AIDED,5.878,1061,0.0,-0.01363537869422993,0.005424752879241198,0.8794312576302505,0.054680746181975576,false
53142,GNSS_AIDED,4.961,278,0.0,-0.04666301955396201,0.018696799797734063,1.1152221318174012,0.06741817646619795,false
53241,GNSS_AIDED,4.961,278,0.0,-0.010488861640442444,0.11784161651876655,1.1799527054628982,0.05948582245917196,false
53341,GNSS_AIDED,4.961,490,0.0,-0.06067801948495704,0.02551459259406959,1.3504494999124035,0.04850714664021705,false
53442,GNSS_AIDED,4.961,490,0.0,-0.06477825580744123,0.027238707194308417,1.594816597196723,0.055871834380960245,false
53541,GNSS_AIDED,4.961,691,0.0,-0.048910282682203106,0.02051790672223276,1.5555679040048724,0.03920073092593666,false
53643,GNSS_AIDED,4.961,691,0.0,-0.0377378103221023,0.01562555732634707,1.4868381548089806,0.05307005225846737,false
53743,GNSS_AIDED,4.961,893,0.0,-0.030864740405482385,0.012399606950510457,1.5724732960958123,0.02999822467397502,false
53843,GNSS_AIDED,4.961,893,0.0,-0.03212994416575382,0.012907890160852543,1.6943170574792557,0.0360678078286231,false
53943,GNSS_AIDED,4.961,1094,0.0,-0.04054236664297234,0.016390560626552232,1.5843086688301617,0.009572540403609506,false
54044,GNSS_AIDED,4.961,1094,0.0,-0.043798829005326605,0.017858707138547005,1.4305624310490608,0.05042811511720163,false
54143,GNSS_AIDED,3.04,294,0.0,-0.05098003749461823,0.020792691483382135,1.646552217925383,0.040130550193417526,false
54244,GNSS_AIDED,3.04,294,0.0,-0.04969411338135914,0.020268215145739964,1.782610503585053,0.024554777264358275,false
54343,GNSS_AIDED,3.04,495,0.0,-0.0621832820897252,0.025355816114948988,1.4181771015916476,0.1291420754445659,false
54445,GNSS_AIDED,3.04,495,0.0,-0.04874501413994405,0.019896421280003233,1.5429004519549154,0.02886083284045224,false
54544,GNSS_AIDED,3.04,696,0.0,-0.021604388307120855,0.00881833801547741,1.7095609893995112,0.0575962701285595,false
54645,GNSS_AIDED,3.04,696,0.0,-0.031709840308640505,0.012939719873839618,1.7368708095211571,0.022209621989037368,false
54745,GNSS_AIDED,3.04,896,0.0,0.022596219884185482,0.11802774763483652,1.200420093489904,0.05800506923519283,false
54845,GNSS_AIDED,3.04,896,0.0,-5.159730706020568E-4,2.0094409532842665E-4,0.8994216859650316,0.020489199291422944,false
54945,GNSS_AIDED,3.04,1097,0.0,0.004735043747737069,-0.001844047948315067,1.0169870488470443,0.03313914088481045,false
55047,GNSS_AIDED,3.04,1097,0.0,-0.025391801811848403,0.0099004097638666,1.163497461829137,0.05069453831579921,false
55146,GNSS_AIDED,3.06,296,0.0,-0.04716252127290996,0.01866265528164412,1.4856670154835228,0.05713329891414358,false
55247,GNSS_AIDED,3.06,296,0.0,-0.026448299380232118,0.010465841960881635,1.5175340950491998,0.06272246961549877,false
55346,GNSS_AIDED,3.06,497,0.0,-0.01629164183130081,0.006472968740844621,1.6255363571053767,0.078530226792051,false
55448,GNSS_AIDED,3.06,497,0.0,0.09787849198867335,0.14864011324597118,1.7771309628406189,0.06054141178304794,false
55547,GNSS_AIDED,3.06,702,0.0,0.06855027423357078,-0.025860002678499788,1.639138753280128,0.10085585806335626,false
55648,GNSS_AIDED,3.06,702,0.0,0.04879922121187873,0.09069712333651417,1.060974057575534,0.028953421224760825,false
55747,GNSS_AIDED,3.06,902,0.0,0.006558117635196245,-0.0022707303308179398,0.7764687602850527,0.03180408222324357,false
55848,GNSS_AIDED,3.06,902,0.0,-0.009220539106008866,0.0032955847480718808,0.5094214084152772,0.05859979721621498,false
55947,GNSS_AIDED,3.06,1102,0.0,-0.0336972388697674,0.01204399278551616,0.5624649419147711,0.04931547812660703,false
56050,GNSS_AIDED,3.06,1102,0.0,-0.056120710805253916,0.01988259798750509,1.028578429467517,0.10477276741644281,false
56149,GNSS_AIDED,3.04,303,0.10809167,-0.06540202023873401,0.02425997481741763,1.0542861770969945,0.06789015091597839,false
56248,GNSS_AIDED,3.04,303,0.10809167,-0.08628239372623428,0.03200526056143544,1.4635914220423933,0.07642907885475156,false
56347,GNSS_AIDED,3.04,504,0.10809167,-0.0667454744590654,0.025577433783319736,1.586080060035739,0.036417891733458295,false
56448,GNSS_AIDED,3.04,504,0.10809167,-0.05187176153076036,0.019774040027884365,1.590918323578098,0.008999539996739607,false
56557,GNSS_AIDED,3.04,705,0.10809167,-0.04435428337523054,0.016343637879827573,1.523037623309111,0.046786653776027566,false
56651,GNSS_AIDED,3.04,705,0.10809167,-0.03597828663145577,0.01343540322500287,1.4729452816989053,0.04556075244080607,false
56750,GNSS_AIDED,3.04,907,0.10809167,-0.046585793988421415,0.017396574028184373,1.276299052383337,0.039528576029288366,false
56851,GNSS_AIDED,3.04,907,0.10809167,-0.05035648033235556,0.01864024765125983,1.374070531073426,0.06333108682081534,false
56950,GNSS_AIDED,3.0,108,0.0,-0.048776515828184215,0.018580423524313678,1.3926073146451399,0.05369169980664171,false
57050,GNSS_AIDED,3.0,108,0.0,-0.047454055725818234,0.01763318655325794,1.4870879283447247,0.06848877921119484,false
57152,GNSS_AIDED,3.0,308,0.0,-0.015252636726396783,0.005453675915920925,1.616097764516449,0.060289100536263976,false
57250,GNSS_AIDED,3.0,308,0.0,-0.009564736923677248,0.003419931670732249,1.2861746742616111,0.08297141795107454,false
57350,GNSS_AIDED,3.0,508,0.0,-0.01331956216836178,0.004822921514686058,1.3469504627148918,0.05021473437008317,false
57452,GNSS_AIDED,3.0,508,0.0,-0.013315779950665654,0.004769080336832004,1.2166847582118212,0.0907852408902266,false
57552,GNSS_AIDED,3.0,710,0.0,-0.02915823723925676,0.010227856770241855,1.1882415231807801,0.019005812797643715,false
57653,GNSS_AIDED,3.0,710,0.0,-0.062466533031672385,0.02191143269529871,1.2305725103325162,0.031240969601711112,false
57753,GNSS_AIDED,3.0,911,0.0,-0.03791593257470847,0.013173116792312176,1.1902376371151002,0.023978710233412713,false
57855,GNSS_AIDED,3.0,911,0.0,0.002054805177681322,-6.964624608781194E-4,1.1248557075676926,0.03289258330661254,false
57952,GNSS_AIDED,6.476,113,0.0,-8.453653205936201E-4,2.865309168560816E-4,1.0793604205354823,0.03470898080361286,false
58058,GNSS_AIDED,6.476,113,0.0,-0.015404804627209017,0.005371914023877959,1.1864202250824494,0.018421060058804905,false
58152,GNSS_AIDED,6.476,317,0.0,-0.03248652882897035,0.011465872435953098,1.052439180459832,0.07077714379493609,false
58256,GNSS_AIDED,6.476,317,0.0,0.04546933612274697,0.08477942874895324,1.0015204174833134,0.07319120337515188,false
58354,GNSS_AIDED,6.476,517,0.0,0.024897949157910455,-0.00816736526688565,1.0934021555504496,0.04897546460582083,false
58455,GNSS_AIDED,6.476,517,0.0,0.04492436638143105,0.1038099756166681,1.128978089860363,0.016182741541246135,false
58557,GNSS_AIDED,6.476,718,0.0,0.014665183632610405,-0.00454506392883865,0.8316650459448492,0.03784176176657757,false
58658,GNSS_AIDED,6.476,718,0.0,0.009487333154506193,-0.0029403338397710633,0.8581482617502162,0.03226081257996779,false
58757,GNSS_AIDED,6.476,919,0.0,-0.05555426134807039,0.01666009827044393,0.9449045472274473,0.1089448635076233,false
58859,GNSS_AIDED,6.476,919,0.0,-0.06912705579015845,0.02099722451935521,1.0134681220765203,0.04306521564579823,false
58958,GNSS_AIDED,6.476,121,0.0,-0.03216164119009693,0.13284530248073087,1.3685023665032612,0.06689424038483753,false
59057,GNSS_AIDED,6.476,121,0.0,-0.037256352059645725,0.01173222179634201,1.3571940307236232,0.05450786380045991,false
59156,GNSS_AIDED,6.476,327,0.0,-0.025889691240877307,0.008002189398991819,1.3893946353262419,0.06215965667907898,false
59257,GNSS_AIDED,6.476,327,0.0,-0.04109988632195312,0.012490452729140929,1.539189706682529,0.05421987283696073,false
59357,GNSS_AIDED,6.476,532,0.0,-0.059562363797597585,0.019688326267683263,1.5874775360906386,0.04132224898132301,false
59459,GNSS_AIDED,6.476,532,0.0,-0.06302184892517546,0.02083185831656911,1.6621631721487506,0.04250172374619992,false
59557,GNSS_AIDED,6.476,734,0.0,-0.05321272743431364,0.01714164720909866,1.8363135077056512,0.03110707574573071,false
59659,GNSS_AIDED,6.476,734,0.0,-0.04742759611255454,0.014729730595638002,1.8829145233873539,0.03543096066371621,false
59758,GNSS_AIDED,6.476,935,0.0,-0.05739673475695376,0.01782587584731973,1.8070888646071748,0.02964171339634577,false
59858,GNSS_AIDED,6.476,935,0.0,-0.056760592976713944,0.017467805922415255,1.7203749143609324,0.03820091474457533,false
59958,GNSS_AIDED,5.979,138,0.0,-0.060603968515735906,0.018417750115946156,1.7546747386458454,0.024543026469235275,false
60059,GNSS_AIDED,5.979,138,0.0,-0.06648121008621384,0.020203863620839937,1.7227322431555208,0.02313374343670379,false
60158,GNSS_AIDED,5.979,339,0.0,-0.06579259523313566,0.019886998639977376,1.4438374805614866,0.028428779330435687,false
60260,GNSS_AIDED,5.979,339,0.0,-0.05896020548285332,0.017721759551152377,1.5551417213757448,0.02025994383738641,false
60366,GNSS_AIDED,5.979,542,0.0,-0.05472631102400689,0.016723790714962126,1.5165079672372557,0.03369404451609777,false
60460,GNSS_AIDED,5.979,542,0.0,-0.05369850249462982,0.016394467187756327,1.519264482441105,0.0666052574894156,false
60565,GNSS_AIDED,5.979,744,0.0,-0.04977382281997258,0.015200968343850523,1.3450030980912384,0.03998378034590531,false
60661,GNSS_AIDED,5.979,744,0.0,-0.05257888594592179,0.01605763703763923,1.4475424997145752,0.01571751754249012,false
60764,GNSS_AIDED,5.979,945,0.0,-0.04841645782075506,0.014782812341011954,1.3729862993221011,0.027984095685773702,false
60861,GNSS_AIDED,5.979,945,0.0,-0.05556698925892957,0.01696605682329886,1.2278183908514124,0.041914638390770566,false
60964,GNSS_AIDED,5.965,148,0.0,-0.075136706903749,0.02297012293477211,1.3537554098275664,0.026473175347412743,false
61062,GNSS_AIDED,5.965,148,0.0,-0.04387895937638093,0.013410194106917565,1.281666956160268,0.14699595235211166,false
61164,GNSS_AIDED,5.965,349,0.0,-0.02039491610973121,0.12089872328410287,1.2263879843166232,0.06958552209111349,false
61262,GNSS_AIDED,5.965,349,0.0,-0.06731310916926474,0.020753669247069333,1.165809558714482,0.03244637652629966,false
61369,GNSS_AIDED,5.965,551,0.0,-0.06228681247236673,0.019264170209696806,1.0910432979912417,0.019084020582213115,false
61463,GNSS_AIDED,5.965,551,0.0,-0.05423417366209058,0.01624714625010602,1.0741686999387854,0.03340727394104713,false
61580,GNSS_AIDED,5.965,754,0.0,-0.05544920958613011,0.016315178623867752,1.0069420476681559,0.028777635844299054,false
61664,GNSS_AIDED,5.965,754,0.0,-0.05357785640002435,0.015741270634601942,1.0267545080995644,0.0278753864643985,false
61778,GNSS_AIDED,5.965,955,0.0,-0.04779072917498812,0.01426029945440607,1.2057887424926372,0.021988549668149886,false
61865,GNSS_AIDED,5.965,955,0.0,-0.04847983685355863,0.01447939242306094,1.126990023787928,0.03462423577138184,false
61976,GNSS_AIDED,6.492,155,0.0,-0.05974264955111451,0.017829105353837475,1.1906331052624841,0.03621065828178325,false
62065,GNSS_AIDED,6.492,155,0.0,-0.044252492890216155,0.013207798088527485,1.0933650476220935,0.028798284766781458,false
62171,GNSS_AIDED,6.492,359,0.0,-0.05981323013175594,0.017421420763054134,1.296835913198277,0.028895987930414996,false
62266,GNSS_AIDED,6.492,359,0.0,-0.06964315609551322,0.020284521048844675,1.4481780675493499,0.06481860415162648,false
62376,GNSS_AIDED,6.492,560,0.0,-0.07960238430274832,0.02329072394853314,1.4620072570367435,0.05451204998849981,false
62465,GNSS_AIDED,6.492,560,0.0,-0.08974729821720939,0.02625900676484556,1.6651907323388855,0.0382905824752362,false
62572,GNSS_AIDED,6.492,763,0.0,-0.053517119328816705,0.014024576996984716,1.380118286359892,0.05166436157069054,false
62667,GNSS_AIDED,6.492,763,0.0,-0.018402015631822,0.00474688062728191,1.2022942156156236,0.029844423848787535,false
62775,GNSS_AIDED,6.492,964,0.0,-0.04888678470919058,0.012848380938044333,1.3791640596871748,0.020592728100503003,false
62867,GNSS_AIDED,6.492,964,0.0,-0.09379813795924602,0.024651942543340622,1.6281852479137149,0.030134442045304768,false
62966,GNSS_AIDED,3.04,167,0.10860639,-0.0855834089236472,0.022480804789002336,1.4641414149994307,0.0755136655853629,false
63066,GNSS_AIDED,3.04,167,0.10860639,-0.06920762744213033,0.018970788546900246,1.4223665832178283,0.05927533283564966,false
63166,GNSS_AIDED,3.04,370,0.10860639,-0.07119166930186638,0.018645728275010764,1.213105365491432,0.063840401502733,false
63266,GNSS_AIDED,3.04,370,0.10860639,-0.0844571776590526,0.02220784199493365,1.292536724436185,0.07337102380426869,false
63367,GNSS_AIDED,3.04,570,0.10860639,-0.029689039195919937,0.1313241139979793,1.3469288901942003,0.0602056382731031,false
63469,GNSS_AIDED,3.04,570,0.10860639,-0.062210587071189656,0.01793438925759298,1.4892485780411682,0.06615840090800082,false
63568,GNSS_AIDED,3.04,772,0.10860639,-0.09107232849333348,0.025903790966267493,1.5737719468548848,0.08513465237617383,false
63669,GNSS_AIDED,3.04,772,0.10860639,-0.08430772307270783,0.024049192070753195,1.5493162442741102,0.044190222377494426,false
63769,GNSS_AIDED,3.04,973,0.10860639,-0.07404392422005775,0.02054330206296426,1.479092979165201,0.07789457650103844,false
63870,GNSS_AIDED,3.04,973,0.10860639,-0.03479804064868197,0.009388031786194014,1.5459769473159297,0.09410930553537099,false
63969,GNSS_AIDED,3.04,171,0.0,-0.009512932890811397,0.002446714865408019,1.985242624285422,0.13984999136169166,false
64068,GNSS_AIDED,3.04,171,0.0,-0.03714841388002276,0.00856925475185181,2.289881253441363,0.15232439241672252,false
64171,GNSS_AIDED,3.04,373,0.0,-0.007880252769807201,0.0018177867219730235,1.6242196636066508,0.058022619630403734,false
64270,GNSS_AIDED,3.04,373,0.0,-0.006089070930852228,0.0013941049856183556,1.324897625674443,0.11381164008014456,false
64384,GNSS_AIDED,3.04,573,0.0,0.009539017979772487,0.07754397497723778,0.9302461134161427,0.010477685954663087,false
64471,GNSS_AIDED,3.04,573,0.0,0.01781761912083577,-0.0036599758309374744,0.7547421132030869,0.03739098208780105,false
64583,GNSS_AIDED,3.04,775,0.0,-0.006591837556759586,0.07931276040437694,0.7982157849418073,0.061416927319070364,false
64672,GNSS_AIDED,3.04,775,0.0,-0.03547458422058118,0.008031177935946592,1.1244780931133747,0.09054078159603432,false
64771,GNSS_AIDED,3.04,976,0.0,-0.05055058462588676,0.011444270562051748,1.288382098341088,0.06397751878787919,false
64872,GNSS_AIDED,3.04,976,0.0,-0.04644990826081808,0.010231932192596062,1.2426340431451108,0.017903359220901093,false
64973,GNSS_AIDED,3.04,180,0.0,0.002056886779601042,-4.5923072351217056E-4,1.2036273715580152,0.0317994463912403,false
65077,GNSS_AIDED,3.04,180,0.0,0.034601718159921246,-0.007459725759139528,1.222530521099075,0.04079672929413238,false
65175,GNSS_AIDED,3.04,180,0.0,0.05687923976605588,-0.012133935149709884,1.2141024578186612,0.08263384915764829,false
65273,GNSS_AIDED,3.04,390,0.0,0.04178357721726517,-0.008346545370358777,1.0548792412088908,0.056008062950303986,false
65378,GNSS_AIDED,3.04,390,0.0,0.019672692689970385,-0.003929750227946387,1.0738079580879034,0.057154609736797396,false
65474,GNSS_AIDED,3.04,593,0.0,-0.036389395462380916,0.0071362550792278745,0.9330350950441186,0.061186784895730616,false
65574,GNSS_AIDED,3.04,593,0.0,-0.05749897649349923,0.010683174240375432,1.4026422882777838,0.06793843814898635,false
65672,GNSS_AIDED,3.04,793,0.0,-0.030212226831227155,0.005544410937733186,1.4728082598445704,0.06055766242099074,false
65775,GNSS_AIDED,3.04,793,0.0,-0.03050064197247536,0.005597339577276286,1.723429189758012,0.1050894890956535,false
65875,GNSS_AIDED,3.04,994,0.0,-0.00115315225816664,2.0567753541518596E-4,1.3746249097539256,0.052862725741107085,false
65974,GNSS_AIDED,3.04,994,0.0,0.003387260125948697,-5.827792157573027E-4,1.2276184752927826,0.05553283203783758,false
66075,GNSS_AIDED,3.05,211,0.0,-2.548560982323915E-4,4.3848075298687225E-5,1.1979043281825539,0.04367292952193448,false
66176,GNSS_AIDED,3.05,211,0.0,0.00964167567058986,-0.0016483290314373508,1.2978465805808441,0.07780023091070637,false
66276,GNSS_AIDED,3.05,413,0.0,0.007954866737350541,-0.0012944323094641482,1.3900930340812159,0.03018388294981498,false
66378,GNSS_AIDED,3.05,413,0.0,0.005888652265487595,-0.0010128063046671864,1.262805857840067,0.011928109217175263,false
66478,GNSS_AIDED,3.05,613,0.0,0.022525830118206105,-0.004030229549616714,1.3780613842048954,0.017962906277495767,false
66589,GNSS_AIDED,3.05,613,0.0,0.022972431016886025,-0.003971798898978294,1.2923733431122615,0.02234527287603414,false
66680,GNSS_AIDED,3.05,821,0.0,0.00676338837824156,-0.0011693502744362034,1.1097002399100206,0.042838033598739236,false
66779,GNSS_AIDED,3.05,821,0.0,-0.0022936773969776396,3.8056163355524333E-4,1.399914446835877,0.055073674279847516,false
66878,GNSS_AIDED,3.05,1021,0.0,0.005309187485275096,-9.013263509039173E-4,1.2963097185828574,0.04748596215851526,false
66978,GNSS_AIDED,3.05,1021,0.0,-0.04409913591002301,0.007316901967348151,1.5290051595474388,0.060837303530027274,false
67079,GNSS_AIDED,3.06,218,0.0,-0.03433821653999861,0.005697376127037395,1.8238328386426286,0.0334339874311103,false
67179,GNSS_AIDED,3.06,218,0.0,0.028506043563125562,0.18005815905548933,1.8182109345199002,0.043277230005487194,false
67278,GNSS_AIDED,3.06,430,0.0,-0.018541276002405797,0.003173818204012677,1.6918331553457708,0.06306977305765374,false
67378,GNSS_AIDED,3.06,430,0.0,-0.01999317453348084,0.0034223481319263396,1.6065639057256496,0.031537724517535407,false
67477,GNSS_AIDED,3.06,631,0.0,-0.012104165810171047,0.002103678516267312,1.8228292273960327,0.06610439115830731,false
67579,GNSS_AIDED,3.06,631,0.0,-0.0028527945165669104,4.966137725830499E-4,1.9202958945619262,0.06862558753812242,false
67679,GNSS_AIDED,3.06,831,0.0,-0.007321647154222359,0.0012534713595793894,1.742818009021202,0.039081010019731285,false
67780,GNSS_AIDED,3.06,831,0.0,-0.008606524522450991,0.0014574364311898003,1.6171642363581726,0.02649620168679453,false
67880,GNSS_AIDED,3.06,1032,0.0,0.002208427905527082,-3.739771236083972E-4,1.5458447577382834,0.03098719608689741,false
67979,GNSS_AIDED,3.06,1032,0.0,0.01791033623422527,-0.003078990829304542,1.7049832010484858,0.06448440536229366,false
68081,GNSS_AIDED,3.06,237,0.0,0.006304826206659574,-0.0010992826964678986,1.672839253172755,0.029064038810469536,false
68181,GNSS_AIDED,3.06,237,0.0,0.007011302729601164,-0.0012224609398761277,1.6804926635864574,0.036445012486517214,false
68281,GNSS_AIDED,3.06,438,0.0,9.513263680006344E-4,-1.6530627288671503E-4,1.6286632841770734,0.03295203496162495,false
68382,GNSS_AIDED,3.06,438,0.0,0.01348346710732691,-0.0023429411483539813,1.8802078789174925,0.01996614339788287,false
68481,GNSS_AIDED,3.06,639,0.0,0.013045744027085386,-0.0022668566040627306,1.9568261425586422,0.03634094064734484,false
68582,GNSS_AIDED,3.06,639,0.0,-0.0189117413239283,0.0032861449393354965,1.914851938840988,0.09833666284003326,false
68681,GNSS_AIDED,3.06,840,0.0,0.008700371339412583,-0.001535514750178487,1.84278354689719,0.0583935579157652,false
68783,GNSS_AIDED,3.06,840,0.0,0.016557582172717522,-0.0028765768865090984,2.1069902479230396,0.043094372887397966,false
68882,GNSS_AIDED,3.06,1042,0.0,0.010852404724554211,-0.0018854067138578572,2.0329713313955384,0.06915768788567996,false
68983,GNSS_AIDED,3.06,1042,0.0,0.0018916849911731013,-3.1956091890856825E-4,1.763801272317376,0.07819496343915407,false
69082,GNSS_AIDED,3.083,245,0.0,0.04808976128068047,0.14619221079665182,1.5486608947938312,0.04139220665033747,false
69184,GNSS_AIDED,3.083,245,0.0,0.03546619819716263,-0.004910732094210581,1.478418859091019,0.029894168908605315,false
69282,GNSS_AIDED,3.083,446,0.0,0.025449228031578393,-0.0035237591628175637,1.3776275319721059,0.04671989358690818,false
69389,GNSS_AIDED,3.083,446,0.0,0.019167280311541343,-0.0027815515442779788,1.3885118378865968,0.026992171744585423,false
69484,GNSS_AIDED,3.083,648,0.0,0.026968310457867694,-0.003983284514550341,1.662478573669922,0.03292831625540694,false
69585,GNSS_AIDED,3.083,648,0.0,0.008827077712006522,-0.0013037806730198881,1.3294673662923235,0.03634809649776475,false
69684,GNSS_AIDED,3.083,849,0.0,0.002590617565659758,-3.8312896908215745E-4,1.4988343960535175,0.04510095318946679,false
69786,GNSS_AIDED,3.083,849,0.0,0.010121495045635934,-0.0015002982309933355,1.7335703878448996,0.058317118551029556,false
69887,GNSS_AIDED,3.083,1051,0.0,0.016252807351054045,-0.00240913600288482,1.614624267606293,0.035605762444975354,false
69985,GNSS_AIDED,3.083,1051,0.0,0.010097921471885558,-0.0015019503157461,1.6116508658768136,0.05259954042834444,false
70093,GNSS_AIDED,3.12,251,1.0886375,0.00912131284510745,-0.0013576023151262175,1.875340821438183,0.057625985710457524,false
70185,GNSS_AIDED,3.12,251,1.0886375,0.019827342347378558,-0.0029510714445058735,1.6353439549722337,0.04107294075241061,false
70291,GNSS_AIDED,3.12,453,1.0886375,0.021422871357483362,-0.0031704520140381147,1.401020173567581,0.015180238374995112,false
70393,GNSS_AIDED,3.12,453,1.0886375,0.051312686663016534,0.14089666858324196,1.5061518858493184,0.024390901462002592,false
70486,GNSS_AIDED,3.12,654,1.0886375,0.031331712053835496,-0.003798495640114984,1.5419317910090409,0.05515675481914735,false
70587,GNSS_AIDED,3.12,654,1.0886375,0.03189031019060959,-0.004254400780966524,1.4863544819356438,0.045340732920097826,false
70687,GNSS_AIDED,3.12,854,1.0886375,0.035768206204909066,-0.004910745952940501,1.5130783793416858,0.016495072103351525,false
70789,GNSS_AIDED,3.12,854,1.0886375,0.024706610137926924,-0.0032028366055024157,1.9443663984575932,0.12275049357930957,false
70887,GNSS_AIDED,3.12,1055,1.0886375,0.010956700321442647,-0.0013483072379741794,1.8393805474149987,0.05191604105565287,false
70989,GNSS_AIDED,3.12,1055,1.0886375,5.860276994539233E-4,-6.756328169100551E-5,1.8132181092497845,0.056002204611325615,false
71088,GNSS_AIDED,3.1,258,1.4103389,0.008243700009637757,-9.142531459391109E-4,1.4274105122197034,0.039073909493737055,false
71191,GNSS_AIDED,3.1,258,1.4103389,0.0035693487006472594,-4.435631122155244E-4,1.3305883735931383,0.014088290766059653,false
71293,GNSS_AIDED,3.1,459,1.4103389,0.025033879596640968,-0.0033286139139200133,1.3366763774800747,0.04092759252173148,false
71391,GNSS_AIDED,3.1,459,1.4103389,0.038771656389333636,-0.004568115825502591,1.5845779209478963,0.01154307127207317,false
71488,GNSS_AIDED,3.1,660,1.4103389,0.006407907328488675,-7.549861316648855E-4,1.5143798306368335,0.07254395375251048,false
71590,GNSS_AIDED,3.1,660,1.4103389,-5.716934837964408E-4,6.982089474090438E-5,1.6718185355507587,0.05227179091183941,false
71688,GNSS_AIDED,3.1,873,1.4103389,-0.005219475180417315,6.050856831184482E-4,1.7954416471645473,0.001875810088338021,false
71791,GNSS_AIDED,3.1,873,1.4103389,0.01645721123242115,-0.0018898380878578317,1.7402102371304466,0.04818182211094125,false
71889,GNSS_AIDED,3.1,1074,1.4103389,0.04142819922731907,-0.004757342401786243,1.790975050067598,0.015885404333138377,false
71992,GNSS_AIDED,3.1,1074,1.4103389,0.008496000703147388,-0.0010048737470610928,1.702507235190579,0.0548308941151179,false
72115,GNSS_AIDED,3.083,276,1.4993858,-0.007267054243153377,8.649715909842731E-4,1.7726918547051966,0.025878625705533682,false
72190,GNSS_AIDED,3.083,276,1.4993858,-0.0309153415856562,0.0036797430296273232,1.6552955532897924,0.03801430824853737,false
72296,GNSS_AIDED,3.083,480,1.4993858,0.001993088090487234,-2.3407514121993715E-4,1.7005414034933077,0.04924207096161655,false
72390,GNSS_AIDED,3.083,480,1.4993858,0.03944555787410017,-0.00463262239835171,2.160172932146764,0.041278638230586265,false
72492,GNSS_AIDED,3.083,681,1.4993858,7.03342624226701E-4,-8.296910755608142E-5,1.9731612006480994,0.05681090487338504,false
72593,GNSS_AIDED,3.083,681,1.4993858,-0.017801186821595847,0.0021493977051765434,1.9446911490892183,0.043825502259287434,false
72697,GNSS_AIDED,3.083,882,1.4993858,-0.002418096261791593,2.3681125962736403E-4,1.6142660536939555,0.04842134558213254,false
72794,GNSS_AIDED,3.083,882,1.4993858,-6.9096733881892E-4,6.766845822169285E-5,1.4027338472369693,0.02669877708469419,false
72906,GNSS_AIDED,3.083,1084,1.4993858,0.0022347843495818765,-2.4698028415461737E-4,1.6300281766775475,0.08815008901132493,false
72994,GNSS_AIDED,3.083,1084,1.4993858,-0.008497154135019688,8.878965772082269E-4,1.6791763151156873,0.06599773191539893,false
73110,GNSS_AIDED,3.06,285,1.9307231,0.018464863412942147,-0.0016741040192663904,1.6780282977603969,0.030887548724767625,false
73193,GNSS_AIDED,3.06,285,1.9307231,0.018540591051779933,-0.001680969813056072,1.5403162562496555,0.08543834024212187,false
73293,GNSS_AIDED,3.06,485,1.9307231,0.0034798150274956544,-2.823082821138866E-4,1.5698535590144402,0.05241567635134328,false
73394,GNSS_AIDED,3.06,485,1.9307231,0.020578492643119325,-0.0016572642175288381,1.232110479350111,0.03731506503233337,false
73493,GNSS_AIDED,3.06,686,1.9307231,0.050521677058214726,-0.00459644049457405,1.3617540418587357,0.029528827892618754,false
73595,GNSS_AIDED,3.06,686,1.9307231,0.04455656206938463,-0.0036947848302510094,1.495914735752023,0.032098580781511475,false
73697,GNSS_AIDED,3.06,887,1.9307231,0.02220591292252909,-0.0016291554948039252,1.485787989241765,0.05385542217215475,false
73802,GNSS_AIDED,3.06,887,1.9307231,0.020445972100693738,-0.0015000359548676117,1.2623468439754721,0.030795764105225002,false
73914,GNSS_AIDED,3.06,1089,1.9307231,0.029957247403177893,-0.002517631197773631,1.4643972473235976,0.04819779929119192,false
73999,GNSS_AIDED,3.06,1089,1.9307231,0.006618530607308507,-5.562266424588771E-4,1.65374162978272,0.07644187152702465,false
74128,GNSS_AIDED,3.0,290,1.6095364,0.0360517460827109,-0.003370250777570477,1.6985119679422316,0.049352720101122155,false
74202,GNSS_AIDED,3.0,290,1.6095364,0.03772306374638354,-0.0033197785142284526,1.8189812774208685,0.060186216376058116,false
74318,GNSS_AIDED,3.0,492,1.6095364,0.014197471312809646,-0.0012450895257450681,1.6668189960874173,0.06988432562405533,false
74399,GNSS_AIDED,3.0,492,1.6095364,0.018771967664734143,-0.0015899977396777022,1.7876104858022774,0.07516417370623756,false
74506,GNSS_AIDED,3.0,693,1.6095364,0.006814421104067429,-6.215310034986322E-4,1.8929866790771324,0.08429820396387191,false
74599,GNSS_AIDED,3.0,693,1.6095364,0.027817396015255045,-0.0025371742949317506,1.7601047500904181,0.0278563453593159,false
74712,GNSS_AIDED,3.0,895,1.6095364,0.02456876537312442,-0.0018152086490764376,1.6744511044374424,0.023872213416234862,false
74799,GNSS_AIDED,3.0,895,1.6095364,0.024370450183100852,-0.0018005565718268496,1.5732644867328651,0.042273235473879255,false
74907,GNSS_AIDED,3.0,1096,1.6095364,0.027679169916563592,-0.0018394827334458927,1.2399416521778177,0.05688658335910801,false
74999,GNSS_AIDED,3.0,1096,1.6095364,0.027655572746774167,-0.0018379145293950963,1.1770307851580868,0.05023309532851838,false
75110,GNSS_AIDED,2.98,299,2.3805902,0.03209754560350042,-0.0019385439228931439,1.1869683063426606,0.03971450984651988,false
75198,GNSS_AIDED,2.98,299,2.3805902,0.042839285951294534,-0.0025872955667023655,1.1782408011992584,0.030381306571436905,false
75307,GNSS_AIDED,2.98,502,2.3805902,0.05938675800212743,-0.004336518377421756,1.512639293230006,0.02080667462260098,false
75400,GNSS_AIDED,2.98,502,2.3805902,0.08125521167244006,-0.005933388696958475,1.6098912070936464,0.08195049490546603,false
75499,GNSS_AIDED,2.98,704,2.3805902,0.047118355004179824,0.09974134212912103,1.1065385870924804,0.02782926251021448,false
75601,GNSS_AIDED,2.98,704,2.3805902,0.06008151318894233,-0.004024271669835608,1.2471721485096812,0.08157637406179627,false
75701,GNSS_AIDED,2.98,907,2.3805902,0.03872251465001464,-0.0024475492607808564,1.0926496083790176,0.06736620573000011,false
75801,GNSS_AIDED,2.98,907,2.3805902,0.018861924467632567,-0.0010004418756146874,1.0509345469721687,0.09256375913835578,false
75903,GNSS_AIDED,2.98,1109,2.3805902,0.001849534770285647,-9.80998539027337E-5,1.7153419743929204,0.12761769055563932,false
76002,GNSS_AIDED,2.98,1109,2.3805902,-0.010274542462069727,5.119838329600346E-4,1.9808345131642984,0.10364094485613153,false
76102,GNSS_AIDED,2.983,312,2.916931,0.04289196691969598,-0.001603713336169991,2.1847086535255653,0.055955511774397386,false
76201,GNSS_AIDED,2.983,312,2.916931,0.07223924587208307,-0.002700996254539304,1.6081536123902198,0.11057761545211618,false
76302,GNSS_AIDED,2.983,513,2.916931,0.048039379359583245,-0.0013457844249696413,1.3669240014517354,0.09285779275968181,false
76401,GNSS_AIDED,2.983,513,2.916931,0.025141786686159222,-7.043268541185355E-4,1.064412991000125,0.15064740361318638,false
76503,GNSS_AIDED,2.983,714,2.916931,0.029603185496022574,-0.0012205326372333783,0.9458563846563123,0.04608535139129831,false
76604,GNSS_AIDED,2.983,714,2.916931,-0.003889453699329652,1.6036129563413924E-4,1.1555532898363314,0.056234650206246205,false
76704,GNSS_AIDED,2.983,915,2.916931,0.03205696687397947,-5.971828463722715E-4,1.351399729121735,0.13104375017547118,false
76804,GNSS_AIDED,2.983,915,2.916931,0.058453925467245975,-0.0010889265266233593,1.3493393067839445,0.056907912136231996,false
76905,GNSS_AIDED,2.983,1117,2.916931,0.05511284134791161,-6.042744096770163E-4,1.22247054694394,0.04720466169440137,false
77008,GNSS_AIDED,2.983,1117,2.916931,0.05219461893993064,-1.6310394476117213E-4,1.2400651674779337,0.0527819004033155,false
77104,GNSS_AIDED,2.983,1117,2.916931,0.029288168109842413,-1.5706881412238488E-4,1.267465101041386,0.06583653764287184,false
77203,GNSS_AIDED,2.96,319,2.4444158,0.022659139673412855,-2.7148582128273847E-5,0.8975995959070631,0.024887677433536367,false
77303,GNSS_AIDED,2.96,319,2.4444158,0.019641941451040784,8.705378567669019E-5,1.6091002277112159,0.10213727513251612,false
77407,GNSS_AIDED,2.96,524,2.4444158,0.08353005706203567,0.001592928147397362,1.7409038268551222,0.02305031050082364,false
77504,GNSS_AIDED,2.96,524,2.4444158,0.018721548902248124,5.323976211376574E-4,1.1829057131038234,0.06965792220042435,false
77604,GNSS_AIDED,2.96,725,2.4444158,0.040528262555565596,5.82426728112851E-4,1.343118306023609,0.023546580450655497,false
77704,GNSS_AIDED,2.96,725,2.4444158,0.05077917266232559,0.0010626047962454372,1.3146785633450226,0.05694575489165464,false
77805,GNSS_AIDED,2.96,925,2.4444158,0.011798737982334634,1.8249123737871438E-4,1.3688230997950699,0.031098672316492472,false
77905,GNSS_AIDED,2.96,925,2.4444158,0.030493175431918713,4.993809656786093E-4,1.322486775708012,0.09493089100904772,false
78007,GNSS_AIDED,2.966,126,2.714645,0.05196898803557878,0.10397651260054508,1.4270149787400064,0.12601492413242674,false
78105,GNSS_AIDED,2.966,126,2.714645,0.07158745248667472,0.002298738713039578,1.6503802141850437,0.07702467708902581,false
78206,GNSS_AIDED,2.966,328,2.714645,0.019289724106426927,6.194107211113594E-4,2.0650965220684885,0.08554295023341452,false
78307,GNSS_AIDED,2.966,328,2.714645,0.024860189059960403,5.67527599945911E-4,2.069660666222474,0.02205305025766845,false
78406,GNSS_AIDED,2.966,535,2.714645,-0.01689009759006983,-6.460048057221664E-4,2.2506078971772157,0.10372028836473303,false
78507,GNSS_AIDED,2.966,535,2.714645,0.009935641777121168,4.195593861833781E-4,2.415943177766523,0.0731145042300483,false
78609,GNSS_AIDED,2.966,742,2.714645,0.07697623295813752,0.0032505299380854516,2.741595714938787,0.09471913208519867,false
78708,GNSS_AIDED,2.966,742,2.714645,0.05415117576581002,0.0027459292430666075,2.629258375804738,0.0670359420979468,false
78809,GNSS_AIDED,2.966,949,2.714645,0.010232897117638258,4.7029424694272366E-4,2.7676188215743376,0.07099421177064318,false
78909,GNSS_AIDED,2.966,949,2.714645,0.04341411364738285,0.0014752535455023852,2.1924003355434096,0.04128821419570146,false
79014,GNSS_AIDED,2.966,149,2.7233953,0.025175187888977425,8.554772186197004E-4,2.147472425606991,0.050287877742085825,false
79108,GNSS_AIDED,2.966,149,2.7233953,0.011183249741636437,3.840337571221764E-4,2.436375709867094,0.04076994255340669,false
79208,GNSS_AIDED,2.966,349,2.7233953,-0.0026987560570371437,-1.2799994859232435E-4,2.811198783211167,0.08449542035161446,false
79309,GNSS_AIDED,2.966,349,2.7233953,0.0026401822060270522,0.2326692005570685,2.394033779706534,0.12661296021911092,false
79411,GNSS_AIDED,2.966,550,2.7233953,0.02957721883416342,0.0018303102817269646,2.367626312824969,0.09677248735340316,false
79511,GNSS_AIDED,2.966,550,2.7233953,0.0560563898903457,0.0034689058274230138,2.8690152311036483,0.25043158438563,false
79613,GNSS_AIDED,2.966,753,2.7233953,0.0011349404944557496,8.3007523824974E-5,2.4166729449444846,0.3016443787072869,false
79710,GNSS_AIDED,2.966,753,2.7233953,-0.008598610192687628,-5.802743311507298E-4,2.439888380137913,0.22828947530097754,false
79811,GNSS_AIDED,2.966,954,2.7233953,0.03898372423335985,0.002999379411702586,2.1650791783473595,0.11056824526758414,false
79911,GNSS_AIDED,2.966,954,2.7233953,0.007154654877742405,0.1290126290382959,1.6591186795746455,0.11040547269867146,false
80010,GNSS_AIDED,2.96,155,2.6986885,0.02816584219965972,0.00354354629677177,2.428776976294568,0.2767753044046032,false
80110,GNSS_AIDED,2.96,155,2.6986885,-0.03289982181473951,-0.004139128556130296,1.4893557494177314,0.25195879267401916,false
80211,GNSS_AIDED,2.96,356,2.6986885,-0.01730575616537814,-0.0020805663869822304,1.4737111351740164,0.3262417327629533,false
80311,GNSS_AIDED,2.96,356,2.6986885,0.055721930796069206,0.005958460268744829,3.081766769503734,0.2518577280591565,false
80412,GNSS_AIDED,2.96,556,2.6986885,-0.04676123402801409,0.2491594110133499,2.540560895312588,0.2110051458804107,false
80514,GNSS_AIDED,2.96,556,2.6986885,-0.019637810270774336,0.16970537077085632,1.8783219382339211,0.27205398704101735,false
80613,GNSS_AIDED,2.96,757,2.6986885,0.03308704519932805,0.004890727165699122,1.8166632037691046,0.20794678312331163,false
80713,GNSS_AIDED,2.96,757,2.6986885,-0.0022424418624395655,-3.499818615768784E-4,2.0664293151509296,0.14769242642022062,false
80813,GNSS_AIDED,2.96,958,2.6986885,0.010266132468467843,0.0016022534241313204,2.020481765442972,0.08611909383858955,false
80924,GNSS_AIDED,2.96,958,2.6986885,0.05462346998258406,0.009990383566980445,1.6074167905428887,0.0831733190369706,false
81015,GNSS_AIDED,2.94,160,3.92836,0.030129773845420947,0.11882806167422683,1.2228698874733486,0.15948797641984988,false
81116,GNSS_AIDED,2.94,160,3.92836,-0.041015289895260286,0.0701237172165603,0.984473038428484,0.02617514751533436,false
81216,GNSS_AIDED,2.94,361,3.92836,-0.01661551400479102,-0.0038076214213296935,1.091150654683341,0.0618602615556501,false
81316,GNSS_AIDED,2.94,361,3.92836,-0.0021457912969214178,0.05788739813532916,0.6008125478706755,0.07271262687153317,false
81424,GNSS_AIDED,2.94,560,3.92836,0.021834696482141813,0.005375530350185032,1.0506771605205354,0.103380835426529,false
81518,GNSS_AIDED,2.94,560,3.92836,-0.04631934612875583,0.19360849363219096,1.9929430849833076,0.14570847083460725,false
81618,GNSS_AIDED,2.94,769,3.92836,-0.07677428085580296,0.18869057890951219,2.1664916651085306,0.17189574596085624,false
81718,GNSS_AIDED,2.94,769,3.92836,0.00534717688091447,0.22057075162080836,2.2129449728865316,0.08818886443452562,false
81819,GNSS_AIDED,2.94,970,3.92836,0.09993394788908216,0.016147041163242417,2.0473819042484007,0.15085081611395618,false
81917,GNSS_AIDED,2.94,970,3.92836,-0.06061672668097181,0.1713027531679875,1.843827543114901,0.2113182751846785,false
82018,GNSS_AIDED,2.94,172,3.7482073,-0.03997555767369229,-0.008688548009711672,2.0407460762073457,0.1180083543487779,false
82123,GNSS_AIDED,2.94,172,3.7482073,-0.025921227043151914,-0.005645797977243176,2.541032403408923,0.14284089943420142,false
82217,GNSS_AIDED,2.94,373,3.7482073,-0.001583691378954027,-3.4493743560022795E-4,1.4585838143555272,0.10002513560572808,false
82318,GNSS_AIDED,2.94,373,3.7482073,-0.023850878084698074,0.15265422903221992,1.5674185488623682,0.11359168540091917,false
82417,GNSS_AIDED,2.94,574,3.7482073,-0.04986924007505206,-0.013837535118864827,2.130856144006666,0.19719188611242164,false
82517,GNSS_AIDED,2.94,574,3.7482073,-0.007218238759547202,-0.0020908663848581113,1.1561011645690324,0.0677126743608069,false
82617,GNSS_AIDED,2.94,775,3.7482073,-0.031172184036224838,0.07615177189673179,0.8636567325286714,0.03714094573868541,false
82724,GNSS_AIDED,2.94,775,3.7482073,-0.014849303755986296,-0.00539451659775373,1.0803733653856833,0.13552066646135932,false
82819,GNSS_AIDED,2.94,982,3.7482073,-0.028606678663126807,-0.010399328761838935,0.7335848614325221,0.10485098562840872,false
82920,GNSS_AIDED,2.94,982,3.7482073,0.005133417954982997,0.0018617921298209948,0.5459580734669258,0.05629627983941392,false
83035,GNSS_AIDED,2.92,183,3.948434,-0.042060868146242526,-0.01448594674186456,1.0685163361392493,0.11277328260739906,false
83119,GNSS_AIDED,2.92,183,3.948434,-0.01578401561642515,-0.005436083934295093,1.1363271551425544,0.21966087714287427,false
83219,GNSS_AIDED,2.92,385,3.948434,-0.030103046256832314,0.012681787404838813,0.32994844257788547,0.27147402644622814,false
83319,GNSS_AIDED,2.92,385,3.948434,0.026202064304206636,0.009698695601831432,1.380542862089358,0.479899885123785,false
83421,GNSS_AIDED,2.92,586,3.948434,0.0458491861339411,0.017704860554897752,1.0537154950647267,0.31492750074154685,false
83521,GNSS_AIDED,2.92,586,3.948434,-0.0809018929216973,-0.03252669925904313,2.004951750364023,0.3868879723598497,false
83621,GNSS_AIDED,2.92,787,3.948434,-0.16397566712770487,-0.0659266058907429,2.385901751986398,0.43493628951776814,false
83721,GNSS_AIDED,2.92,787,3.948434,-0.10515709928689285,0.09922538645102724,1.4802826713107162,0.5344974170362943,false
83821,GNSS_AIDED,2.92,987,3.948434,0.029541187927652705,0.09266747707701752,1.57147981270543,1.194614765915114,false
83921,GNSS_AIDED,2.92,987,3.948434,0.08785889816551548,0.054437929189976426,1.5684883496597946,1.0387167332042344,false
84021,GNSS_AIDED,2.92,188,3.9108593,0.059321876189556,0.008083177289715788,1.1385605538280108,0.6270523385268434,false
84125,GNSS_AIDED,2.92,188,3.9108593,-0.02951250508923007,0.07565128253595907,0.9827572445296774,0.23440221454373616,false
84222,GNSS_AIDED,2.92,389,3.9108593,-0.02349677557437326,0.10377455887012163,1.1712757139176844,0.2869809840732628,false
84395,GNSS_AIDED,2.92,389,3.9108593,0.006271860498721784,-1.4849036087672554E-4,1.6851624209130716,0.1351020305225024,false
84456,GNSS_AIDED,2.92,643,3.9108593,-0.06440304023796654,0.18477836724418753,1.9516723128422817,0.18450563692067526,false
84529,GNSS_AIDED,2.92,643,3.9108593,0.11574726495769927,-0.0012245987765543043,3.6944220845786915,0.9855410222325794,false
84622,GNSS_AIDED,2.92,643,3.9108593,-0.06552982653360917,1.3766405624264036E-4,2.100246917503464,0.7260047814256062,false
84724,GNSS_AIDED,2.92,844,3.9108593,-0.019673868575675005,2.2629615154881683E-4,2.0322216913923694,0.3828291166544641,false
84828,GNSS_AIDED,2.92,844,3.9108593,-0.02847656790514754,2.959331003219243E-4,1.0142888643075816,0.1943772716469036,false
84923,GNSS_AIDED,2.92,1060,3.9108593,-0.06485520721666599,6.739858050161809E-4,1.04993973134925,0.2450876823810823,false
85075,GNSS_AIDED,2.92,1060,3.9108593,-0.052438650476278686,0.08364069392061693,1.1057681959418415,0.20295351723767505,false
85157,GNSS_AIDED,2.933,288,3.7363687,-0.038946641165761575,-0.0011624677796951758,0.9632198190783249,0.2186337457098509,false
85235,GNSS_AIDED,2.933,288,3.7363687,-0.026854052653487667,-0.0011492153346928978,0.807040202168345,0.15725222694679114,false
85329,GNSS_AIDED,2.933,507,3.7363687,-0.040239092474846014,0.03358072523551943,0.6220990285905722,0.18736393408739002,false
85427,GNSS_AIDED,2.933,507,3.7363687,-0.039072086976786144,-0.003053387041915442,0.5844943153251557,0.2025849662667428,false
85528,GNSS_AIDED,2.933,707,3.7363687,0.0380963435881029,0.0028293890008948843,0.5405438006891607,0.13710029353197767,false
85651,GNSS_AIDED,2.933,707,3.7363687,-0.0027136401577165484,0.0018404673065117896,0.5357035999754934,0.2883578869628491,false
85727,GNSS_AIDED,2.933,908,3.7363687,-0.061200025396375715,-0.005826525240076425,0.7020118859568144,0.2019972606035505,false
85827,GNSS_AIDED,2.933,908,3.7363687,-0.03934857853260597,-0.003946385351382985,0.9041391753108742,0.27525791145342593,false
85932,GNSS_AIDED,2.98,107,3.0965688,0.002808431687764534,2.8458757836927017E-4,0.7788871576488556,0.46226861637429767,false
86026,GNSS_AIDED,2.98,107,3.0965688,-0.1259273765410009,-0.012760633379950448,1.5495802728692185,0.34980680697361205,false
86132,GNSS_AIDED,2.98,321,3.0965688,-0.10033594309510999,-0.02438974687457416,1.0332002090101386,0.19587138555689085,false
86228,GNSS_AIDED,2.98,321,3.0965688,-0.04685488204891149,-0.00679753273936516,0.66543999751028,0.156871515954573,false
86328,GNSS_AIDED,2.98,521,3.0965688,0.0015339115945539599,0.02569272620453106,1.0495703730542063,0.2671501661535718,false
86439,GNSS_AIDED,2.98,521,3.0965688,-0.017807625204358163,-0.0019465983682105537,0.5281577345483744,0.12833069358805643,false
86527,GNSS_AIDED,2.98,722,3.0965688,0.021591183033552418,0.002360189030178063,0.6690524646624825,0.17496781753825058,false
86631,GNSS_AIDED,2.98,722,3.0965688,-0.023330286480118933,-0.0025557128984756575,1.6370419257992193,0.28283597974429986,false
86729,GNSS_AIDED,2.98,922,3.0965688,-0.10225720752533216,-0.011201751185408556,1.8146542438826399,0.7418457676671901,false
86828,GNSS_AIDED,2.98,922,3.0965688,-0.14855730027578593,-0.015700333885096757,2.1937746009897903,0.5801862159498706,false
86929,GNSS_AIDED,3.016,130,3.2252495,-0.06467954566164541,-0.006083894617452451,0.8834355618168728,0.2528505162837251,false
87038,GNSS_AIDED,3.016,130,3.2252495,-0.08345237573478739,0.04169652589140028,1.1090828560823944,0.2325235781063466,false
87163,GNSS_AIDED,3.016,331,3.2252495,-0.05694275055644928,-0.002650007132753759,1.2273203816483977,0.19727520035498872,false
87233,GNSS_AIDED,3.016,331,3.2252495,-0.05313329403253405,0.11096086620764456,1.2667204178456108,0.16505257061224213,false
87336,GNSS_AIDED,3.016,531,3.2252495,-0.08350333413155177,0.025619122889072178,1.1694797475673238,0.3232446420704962,false
87430,GNSS_AIDED,3.016,531,3.2252495,-0.11763252487880466,-0.014698013719071626,1.2579211720815535,0.3596582939966501,false
87542,GNSS_AIDED,3.016,732,3.2252495,-0.015280291432607803,-0.0018266579762459831,0.9675607073554511,0.3001272405509574,false
87633,GNSS_AIDED,3.016,732,3.2252495,0.010542689374643388,0.0011106054150512347,1.1857526777021958,0.1287595119350865,false
87743,GNSS_AIDED,3.016,932,3.2252495,0.007643933279733152,8.060635450104515E-4,1.352940961494752,0.0777157617521672,false
87833,GNSS_AIDED,3.016,932,3.2252495,0.023722185861676456,0.002695436941173428,2.0471155304219484,0.3796684566649077,false
87944,GNSS_AIDED,3.083,133,3.8351953,-0.01876868747696779,-0.002130589300115133,0.8684470920772416,0.19412675959072753,false
88035,GNSS_AIDED,3.083,133,3.8351953,-0.010153296729095741,-0.0011525848783220424,1.2110161809334519,0.14558154147591473,false
88140,GNSS_AIDED,3.083,334,3.8351953,0.015031695498612201,0.011583331826307604,0.5391995778242359,0.49368215002551125,false
88232,GNSS_AIDED,3.083,334,3.8351953,-0.018021538773052678,-0.0030343776905137347,0.4642950146324995,0.3614684085834111,false
88336,GNSS_AIDED,3.083,535,3.8351953,-0.051771363115299215,-0.039929437749013925,0.7020608579551835,0.2097568965440624,false
88434,GNSS_AIDED,3.083,535,3.8351953,0.01697634523659215,0.002314087309205182,0.7174278739494009,0.2529758424884003,false
88534,GNSS_AIDED,3.083,735,3.8351953,0.07922790534784714,0.011682830064009508,1.0020843069352048,0.292699973936713,false
88633,GNSS_AIDED,3.083,735,3.8351953,-0.006448009144808268,0.09675227656657968,1.0556968181741078,0.2571317652748498,false
88734,GNSS_AIDED,3.083,936,3.8351953,-0.05293928938152476,0.10914943280211326,1.4231907752085937,0.1642359614618272,false
88834,GNSS_AIDED,3.083,936,3.8351953,-0.1316340084914193,0.07723310747923064,1.6226393745941576,0.2524236138662374,false
88937,GNSS_AIDED,3.166,142,4.6366177,-0.12526206587813604,0.11684859544709698,1.7112383267131717,0.195936158031988,false
89037,GNSS_AIDED,3.166,142,4.6366177,-0.03696349765765088,0.15972885677314688,1.877043090426306,0.23687146857856156,false
89166,GNSS_AIDED,3.166,376,4.6366177,0.020269782134386318,0.00527563958464536,1.9416170076353165,0.22676066101831793,false
89238,GNSS_AIDED,3.166,376,4.6366177,0.03172524105002093,0.008384103005446262,1.8999931660384697,0.06477307341169988,false
89365,GNSS_AIDED,3.166,376,4.6366177,-0.010937487204383558,0.17299801160651457,1.9354439205136096,0.19656845767103376,false
89436,GNSS_AIDED,3.166,604,4.6366177,-0.09066842878793155,-0.02680994073292814,1.8352454907414422,0.4909486740648123,false
89537,GNSS_AIDED,3.166,604,4.6366177,0.006591485561184178,0.1599366043082968,1.6172492127727602,0.15623436025818177,false
89658,GNSS_AIDED,3.166,805,4.6366177,0.07646517854435769,0.025654107488599587,1.8288492396109315,0.10198134102668084,false
89737,GNSS_AIDED,3.166,805,4.6366177,0.045583031459495556,0.015293130951623261,1.8660353361688984,0.2900775863525654,false
89836,GNSS_AIDED,3.166,1011,4.6366177,0.01474170614795049,0.004740945070758851,1.77222268627482,0.1354184748852166,false
89938,GNSS_AIDED,3.166,1011,4.6366177,-0.015961508369016903,0.12378513825462005,1.7571830933168655,0.11248992025921772,false
90045,GNSS_AIDED,3.25,217,4.6500006,0.018488621782659555,0.007203640195694948,1.8710488458929042,0.1189308500700569,false
90136,GNSS_AIDED,3.25,217,4.6500006,0.013677440732779766,0.005329080933944807,1.671094885210173,0.2585135782077444,false
90252,GNSS_AIDED,3.25,427,4.6500006,0.04427593921357381,0.01714655122468079,1.617584745461272,0.43575286668085406,false
90352,GNSS_AIDED,3.25,427,4.6500006,0.03286040375729314,0.012614897781914993,1.6402888033526668,0.15099736269477856,false
90438,GNSS_AIDED,3.25,628,4.6500006,0.05070162390806106,0.019513003394686104,1.5104420337614453,0.23051485036820513,false
90542,GNSS_AIDED,3.25,628,4.6500006,0.010085197364193608,0.0038655452161633496,1.0665531227620648,0.35664765447274943,false
90640,GNSS_AIDED,3.25,829,4.6500006,0.008464779226330963,0.003244456767935434,1.328212837765388,0.22123704026711882,false
90747,GNSS_AIDED,3.25,829,4.6500006,0.06795505900107433,0.02588230377600668,1.6276439685275834,0.0570587261120183,false
90841,GNSS_AIDED,3.25,829,4.6500006,0.07405846665935373,0.027460105033336495,1.5743604554513597,0.10757404645475359,false
90942,GNSS_AIDED,3.25,1087,4.6500006,0.058084640592341696,0.021397263915175872,1.773371572544481,0.06241124974760569,false
91040,GNSS_AIDED,3.25,1087,4.6500006,0.06199402794291016,0.022887628045785088,1.8991419817901238,0.12619536142417412,false
91145,GNSS_AIDED,4.195,285,4.938245,0.016181122214647483,0.006069229656790538,1.686473352693015,0.07307392326175101,false
91243,GNSS_AIDED,4.195,285,4.938245,-0.03163203175001763,-0.011441179690446151,1.4111557844847498,0.088799174360108,false
91341,GNSS_AIDED,4.195,486,4.938245,-0.049744386421788585,-0.01799234611739272,1.349954264901553,0.07232799978832112,false
91440,GNSS_AIDED,4.195,486,4.938245,-0.04871590206078815,-0.016920287144014175,1.329494285099702,0.12188909742064169,false
91543,GNSS_AIDED,4.195,687,4.938245,-0.011093701818143287,-0.0038976811839212338,1.1228007062317373,0.045536562748578265,false
91641,GNSS_AIDED,4.195,687,4.938245,0.02654561833751187,0.008942861288296203,1.5641976122013472,0.0857724524403795,false
91742,GNSS_AIDED,4.195,888,4.938245,0.031821555176920355,0.010720253350547345,1.447877527488361,0.1136872746869566,false
91842,GNSS_AIDED,4.195,888,4.938245,-0.024796535065861464,0.2264305269902347,2.289388701868849,0.08288935046142917,false
91943,GNSS_AIDED,4.195,1089,4.938245,-6.946995459763699E-4,-2.0752623009295178E-4,2.495821368098017,0.09472504548125377,false
92043,GNSS_AIDED,4.195,1089,4.938245,-0.024957836630518038,-0.00760162083450471,1.857451563526729,0.12324194796381015,false
92143,GNSS_AIDED,4.266,292,5.397892,-0.045646229011138455,-0.014563145758462499,1.6440183528623218,0.09315019491750173,false
92242,GNSS_AIDED,4.266,292,5.397892,7.682995778083418E-4,2.4512120672789446E-4,1.2046416214740612,0.17604861945336187,false
92343,GNSS_AIDED,4.266,493,5.397892,-0.034905037338526915,0.1477859898692996,1.5145811559022098,0.2819350286255239,false
92443,GNSS_AIDED,4.266,493,5.397892,-0.036965000051006884,0.202993849595014,2.13233509801089,0.22417212116357774,false
92544,GNSS_AIDED,4.266,696,5.397892,-0.020206059134933743,-0.006518478061420445,2.3301066717252854,0.08989147210482737,false
92644,GNSS_AIDED,4.266,696,5.397892,0.02935132454472112,0.04506967843110194,1.9832116494193828,0.07311552674972505,false
92745,GNSS_AIDED,4.266,897,5.397892,0.04096857760610131,0.06299709535371825,1.2962223777310338,0.1159061224747544,false
92846,GNSS_AIDED,4.266,897,5.397892,-0.0035557745867367927,0.18216898769418566,1.9187193504083193,0.3848402086001576,false
92944,GNSS_AIDED,4.337,101,5.998058,0.09768947161767354,0.14630729105407636,2.667556683902428,0.21810402665459247,false
93045,GNSS_AIDED,4.337,101,5.998058,0.04060991273418972,0.06092903275582611,2.078650988530501,0.07357037510250894,false
93145,GNSS_AIDED,4.337,300,5.998058,-0.025206374901442247,0.09981640954854715,1.5840859147453712,0.1232732347041221,false
93249,GNSS_AIDED,4.337,300,5.998058,0.08619965849293741,0.13635869211275473,2.107484326667585,0.016134219132689344,false
93346,GNSS_AIDED,4.337,511,5.998058,0.06887218561611323,0.10894847285653153,1.8899704054362048,0.07945263567396042,false
93447,GNSS_AIDED,4.337,511,5.998058,0.0577887903197655,0.08899952444800022,1.4913275720133865,0.1051498910144406,false
93548,GNSS_AIDED,4.337,712,5.998058,0.07375967217021905,0.11275894847414097,1.5773714309120543,0.048322758545356545,false
93649,GNSS_AIDED,4.337,712,5.998058,-0.06544890011398352,0.137252428607349,1.5754661857345889,0.08664344901360108,false
93748,GNSS_AIDED,4.337,914,5.998058,-0.08918522227038313,0.06988542201229389,1.4151448281814913,0.05458272215216674,false
93849,GNSS_AIDED,4.337,914,5.998058,0.04992938799426466,0.0769528225306992,1.3334383110897172,0.12448123236442062,false
93950,GNSS_AIDED,4.409,114,6.480353,0.050951926141082404,0.07480357882091195,1.3143729266314443,0.03910020493615597,false
94051,GNSS_AIDED,4.409,114,6.480353,0.07165504138719503,0.10196567925446244,1.7018991022786707,0.09712619368994654,false
94151,GNSS_AIDED,4.409,315,6.480353,0.06390042415512873,0.08842085920809375,1.4990431893560634,0.017402540717499606,false
94247,GNSS_AIDED,4.409,315,6.480353,0.06402145585318664,0.08858833425814527,1.4668304749704781,0.05620411051184674,false
94349,GNSS_AIDED,4.409,516,6.480353,0.06346499719618415,0.08674959696589038,1.4760704477932827,0.04076020268443746,false
94453,GNSS_AIDED,4.409,516,6.480353,0.05544475610217733,0.07463207351151747,1.6809038742802989,0.1402051489165287,false
94550,GNSS_AIDED,4.409,717,6.480353,0.059690024954147956,0.08155816473093816,1.6952497053726727,0.06560361111002516,false
94651,GNSS_AIDED,4.409,717,6.480353,0.08039173442706102,0.10984418794337338,1.9262453064994134,0.04199562453322509,false
94756,GNSS_AIDED,4.409,918,6.480353,0.06270878321482935,0.08204564584065127,1.6121919926906256,0.09666024160151547,false
94851,GNSS_AIDED,4.409,918,6.480353,0.13453066804504749,0.17885874037679955,2.8579614244868727,0.44150461168175237,false
94951,GNSS_AIDED,4.644,117,7.2205234,0.0756126643337179,0.10052715931458873,1.9462099323826851,0.3002794792745574,false
95051,GNSS_AIDED,4.644,117,7.2205234,-0.03249477799476282,0.1520478235610269,1.6188417441674678,0.18709366761916732,false
95150,GNSS_AIDED,4.644,318,7.2205234,0.038879407343139404,0.05908765792527049,1.2489207035780527,0.27534937010892174,false
95250,GNSS_AIDED,4.644,318,7.2205234,-0.04871877530452253,0.1429603550720964,1.522548487217631,0.3318401792557778,false
95351,GNSS_AIDED,4.644,519,7.2205234,-0.05619258122509239,0.17827590977190214,1.8644483809770014,0.3856914944529492,false
95453,GNSS_AIDED,4.644,519,7.2205234,-0.0457535018457196,0.19975288660723867,2.173033539107052,0.18479521610088648,false
95552,GNSS_AIDED,4.644,721,7.2205234,-0.0021226898042829992,0.17218472408414823,1.7175698020418317,0.17725882014780028,false
95653,GNSS_AIDED,4.644,721,7.2205234,0.05525829949686886,0.11721787407678298,1.455219432362206,0.0920785817942219,false
95752,GNSS_AIDED,4.644,922,7.2205234,2.215480446681042E-4,0.16600154127830963,1.6562449620803636,0.12989523507908018,false
95854,GNSS_AIDED,4.644,922,7.2205234,0.055383260355436274,0.12960214106464157,1.5207761971622573,0.11997228968958178,false
95953,GNSS_AIDED,3.75,128,7.204567,0.0516237419375861,0.11405094377119764,1.4237224974692968,0.07112096098315081,false
96054,GNSS_AIDED,3.75,128,7.204567,0.04222861559737439,0.09705240884403783,1.1656544869842618,0.05265499933420636,false
96153,GNSS_AIDED,3.75,332,7.204567,0.041144053457089,0.09070697073624356,1.187376516586971,0.06289188397999652,false
96254,GNSS_AIDED,3.75,332,7.204567,0.02338048340558889,0.04830803141541015,0.6265068812440759,0.04746174191969942,false
96354,GNSS_AIDED,3.75,532,7.204567,0.030255115468403544,0.06107040916357552,0.9045907410709941,0.09856448643674331,false
96456,GNSS_AIDED,3.75,532,7.204567,-0.008757640550355652,0.05019903545590547,0.5209565762216443,0.07361415643976528,false
96558,GNSS_AIDED,3.75,734,7.204567,-0.012562819007332774,-0.02564855654553871,0.6463628491945171,0.11858054686166171,false
96658,GNSS_AIDED,3.75,734,7.204567,0.010030941428216223,0.009166514625231232,0.25920534816503693,0.16548868338372505,false
96758,GNSS_AIDED,3.75,934,7.204567,0.01628582706210835,0.034384270125459984,0.6480168286189215,0.0930225575978928,false
96857,GNSS_AIDED,3.75,934,7.204567,-0.02436852702849431,-0.01329560418653222,0.3236792270133975,0.04658134170955947,false
96979,GNSS_AIDED,3.86,135,7.817086,-0.008299377824977217,0.03689403539223522,0.46782353982373737,0.04606970727507787,false
97057,GNSS_AIDED,3.86,135,7.817086,-0.02001671769710517,-0.017284560566617854,0.3948669255368535,0.0826330271807473,false
97162,GNSS_AIDED,3.86,339,7.817086,-0.021295522320901664,-0.023651071117350892,0.4348598363197592,0.07415284773222065,false
97257,GNSS_AIDED,3.86,339,7.817086,6.784659380518328E-4,7.535126826081375E-4,0.7096900271514177,0.09538489516646619,false
97375,GNSS_AIDED,3.86,543,7.817086,-0.019781507574855885,-0.00876583315786414,0.2519957500651759,0.05316299856981754,false
97459,GNSS_AIDED,3.86,543,7.817086,0.010273133430291674,0.012851815547499413,0.8223934717430893,0.052307225711494855,false
97569,GNSS_AIDED,3.86,746,7.817086,-0.019162871404354014,-0.02229835058075173,0.2934999649870839,0.029208129441666352,false
97658,GNSS_AIDED,3.86,746,7.817086,-0.01609297601248136,-0.01872615086966578,0.30191026260473675,0.02658098655027016,false
97773,GNSS_AIDED,3.86,946,7.817086,-0.007297203983633829,-0.009019922697747821,0.2435496041395073,0.07156451025287787,false
97858,GNSS_AIDED,3.86,946,7.817086,-0.01790988858852855,-0.021747147951614327,0.39906375529442334,0.01928924577023454,false
97986,GNSS_AIDED,3.92,149,7.8278956,0.016144676279883266,0.01950582702569893,0.8190318438527499,0.12230792286509835,false
98058,GNSS_AIDED,3.92,149,7.8278956,0.016871775393821686,0.02038430048042492,0.5029560680133827,0.09195887071998037,false
98169,GNSS_AIDED,3.92,350,7.8278956,-3.744469129533724E-4,-4.43010201792558E-4,0.6925863343220692,0.09532873262970294,false
98258,GNSS_AIDED,3.92,350,7.8278956,9.14903428758628E-4,0.001082427277603258,0.4647991752806826,0.0494189925817874,false
98369,GNSS_AIDED,3.92,550,7.8278956,0.0022914929944143564,0.002623914382207269,0.6329372353279814,0.033744858033474705,false
98461,GNSS_AIDED,3.92,550,7.8278956,0.0032947730657707404,0.0037727378850636478,0.6464504204135122,0.0298135843211952,false
98567,GNSS_AIDED,3.92,751,7.8278956,2.0468060630254357E-4,2.424110342249826E-4,0.35538106181513623,0.05636992660956985,false
98662,GNSS_AIDED,3.92,751,7.8278956,0.02836996629907059,0.033126133896332705,1.0226929079239961,0.1657999563631422,false
98765,GNSS_AIDED,3.92,952,7.8278956,0.04140005671543879,0.04788903304385299,1.0660000974058454,0.3540567541553203,false
98861,GNSS_AIDED,3.92,952,7.8278956,0.023636841722154873,-0.024132973652302294,0.3370489025968337,0.09581888504297056,false
98962,GNSS_AIDED,3.95,158,7.654434,-0.011880019036228468,-0.012646500073917676,0.22600972225301097,0.0769508900241178,false
99061,GNSS_AIDED,3.95,158,7.654434,-0.008724250269328706,0.08900333492993337,0.8922257219377124,0.1649896404828717,false
99161,GNSS_AIDED,3.95,364,7.654434,0.05227134186183253,0.052931593444718886,0.9854559313443199,0.1433133496471503,false
99262,GNSS_AIDED,3.95,364,7.654434,0.018161173139710215,0.01785588477965166,0.7743460473148472,0.05053039500341567,false
99362,GNSS_AIDED,3.95,565,7.654434,-0.08002652151952085,0.09202695397641425,1.2882411529511215,0.07053914393161637,false
99463,GNSS_AIDED,3.95,565,7.654434,0.04960903848734661,0.049330899038660496,1.7068251619218362,0.2833297370921769,false
99563,GNSS_AIDED,3.95,766,7.654434,0.04355308315073819,0.043308897193793744,1.253543518338915,0.0616878205005847,false
99664,GNSS_AIDED,3.95,766,7.654434,-0.011678091104056196,0.0670954204545686,0.6816559939784111,0.17251921613403415,false
99777,GNSS_AIDED,3.95,967,7.654434,0.07949007801842047,0.07771221680188227,1.509026501624609,0.15599468737296004,false
99864,GNSS_AIDED,3.95,967,7.654434,0.053333650321740624,0.05260603263261697,1.7340576361259017,0.1348499067475741,false
99999,GNSS_AIDED,4.02,155,7.54171,0.09162150186437076,0.09415712902310727,2.0140269451457637,0.1760743601256597,false
100066,GNSS_AIDED,4.02,155,7.54171,0.020083205515180485,0.20843370340089631,2.0904772378021774,0.06533587948740527,false
100175,GNSS_AIDED,4.02,357,7.54171,-0.01891642557915532,0.23268753046372445,2.3635347932443844,0.1650387480446452,false
100267,GNSS_AIDED,4.02,357,7.54171,-0.007411500445826277,0.2278159595657677,2.273375340923288,0.10773052931267174,false
100409,GNSS_AIDED,4.02,558,7.54171,0.10781719749149923,0.10645064486738502,1.8182248888195987,0.1781508635586156,false
100527,GNSS_AIDED,4.02,558,7.54171,0.10180123556097896,0.10208122690658224,1.8427624893456018,0.011652750838249678,false
100591,GNSS_AIDED,4.02,759,7.54171,0.0938869402951238,0.09719882167702794,1.489154487895135,0.07465562858788191,false
100722,GNSS_AIDED,4.02,759,7.54171,0.08788431358750395,0.08910383483910642,1.870206305286841,0.10254298762203314,false
100793,GNSS_AIDED,4.02,960,7.54171,0.1355770055723897,0.14120278806749015,2.5789541506038476,0.12973195201818213,false
100918,GNSS_AIDED,4.02,960,7.54171,0.11501624593865135,0.12082791196434792,2.136001362880234,0.13636796351934077,false
101007,GNSS_AIDED,4.06,175,7.435677,0.13471767695840597,0.14584848601832978,2.567507765455855,0.10289297999610873,false
101127,GNSS_AIDED,4.06,175,7.435677,0.13811763931617,0.1562043397511983,2.5741067201076766,0.08050641192941432,false
101191,GNSS_AIDED,4.06,381,7.435677,-0.006989767066080917,0.27251534385346554,2.765347400043456,0.12162708320473539,false
101314,GNSS_AIDED,4.06,381,7.435677,0.03974103190649732,0.2629762673563628,2.6588715631151127,0.19752519866500004,false
101373,GNSS_AIDED,4.06,581,7.435677,0.16131077781731507,0.17917032892678858,2.9120843983646965,0.26453333091562864,false
101504,GNSS_AIDED,4.06,581,7.435677,0.1358882310468129,0.1552175474636119,2.8098168299958735,0.07142271708759343,false
101570,GNSS_AIDED,4.06,581,7.435677,0.12443116673322888,0.14213078189025807,2.504070837081557,0.04869686150589018,false
101700,GNSS_AIDED,4.06,784,7.435677,0.12642402369371045,0.1411200406288354,2.4281047713515473,0.06034025701289374,false
101828,GNSS_AIDED,4.06,986,7.435677,0.12870312721512792,0.1481889233017547,2.4937670115493944,0.09217302018448402,false
101893,GNSS_AIDED,4.06,986,7.435677,0.01704976866821386,0.2591637523034797,2.5973637790007857,0.1276880712426185,false
102034,GNSS_AIDED,4.066,187,6.9683094,0.11405372215639568,0.13976817178061532,2.561799031389568,0.055091824184900814,false
102090,GNSS_AIDED,4.066,187,6.9683094,0.09719256783395273,0.12113950575339902,2.2271506938679857,0.10512708895385307,false
102219,GNSS_AIDED,4.066,389,6.9683094,0.11373387761294085,0.14546533058463673,2.6071334033024427,0.09044017020722621,false
102285,GNSS_AIDED,4.066,389,6.9683094,0.0875624931207779,0.11294288116857906,1.947762168800917,0.10955149108132478,false
102418,GNSS_AIDED,4.066,589,6.9683094,0.10470318298350151,0.1309642821516722,2.217953550339332,0.04541653367733212,false
102482,GNSS_AIDED,4.066,589,6.9683094,0.08947948819333103,0.11543831635087984,2.0876965783901547,0.056712601103663024,false
102611,GNSS_AIDED,4.066,790,6.9683094,0.08538527022183012,0.11263806371416728,1.8212871065512113,0.05493550364308587,false
102679,GNSS_AIDED,4.066,790,6.9683094,-0.055536115175136985,0.16731292357961705,1.7616514829352015,0.021624438790540077,false
102807,GNSS_AIDED,4.066,991,6.9683094,-0.025011243623289575,0.13064730700131982,1.327175882221585,0.06403819170215963,false
102874,GNSS_AIDED,4.066,991,6.9683094,0.07632542473060171,0.08869674903506494,1.8276818280208615,0.06202136466008502,false
103026,GNSS_AIDED,4.08,193,7.0733128,0.08472319400600918,0.1027616151804855,1.8759863941501649,0.16884207865213371,false
103133,GNSS_AIDED,4.08,193,7.0733128,-0.001780729643859358,0.1701739596131948,1.7072236834869774,0.10480080179816524,false
103201,GNSS_AIDED,4.08,394,7.0733128,0.03413850575928182,0.04285273155189478,0.7906750210221175,0.07791924903363101,false
103327,GNSS_AIDED,4.08,394,7.0733128,0.09326363107228168,0.11723372713045996,1.989175812802679,0.06135272002885759,false
103398,GNSS_AIDED,4.08,595,7.0733128,0.06783423110827894,0.08315146605678178,1.5426762182361609,0.07085860403746219,false
103525,GNSS_AIDED,4.08,595,7.0733128,0.09473537357862451,0.11797094391211363,2.066134931145923,0.09877861569283236,false
103600,GNSS_AIDED,4.08,796,7.0733128,0.08456545947857858,0.10530075983562116,2.213376293083978,0.11469796909012729,false
103721,GNSS_AIDED,4.08,796,7.0733128,0.0866057016823081,0.1100541641424148,1.8996401737767483,0.1310487540480016,false
103784,GNSS_AIDED,4.08,796,7.0733128,0.0049291656500334725,0.13512451591104285,1.3542078401167577,0.15290239566410171,false
103918,GNSS_AIDED,4.08,998,7.0733128,-0.019176091463181836,0.21606108556275774,2.164289228133572,0.04157081352385948,false
103981,GNSS_AIDED,4.08,998,7.0733128,-0.034992668396287174,0.2604534249506259,2.746200576581696,0.1380754361713357,false
104119,GNSS_AIDED,4.06,215,7.280231,-0.013895429702412468,0.26577415030955553,2.7347224728584836,0.11649761589828454,false
104176,GNSS_AIDED,4.06,215,7.280231,0.1016929817927401,0.1062428303418507,2.8248262367913233,0.145314630074348,false
104306,GNSS_AIDED,4.06,418,7.280231,0.09729796489956262,0.10435077464496958,2.3292336932831743,0.041433946129716286,false
104437,GNSS_AIDED,4.06,619,7.280231,0.14225115032331415,0.15719687869828083,3.2031038999418753,0.062009358341102265,false
104503,GNSS_AIDED,4.06,619,7.280231,-0.04540130947743033,0.27985377462913075,2.9182331772016545,0.07498874196321971,false
104632,GNSS_AIDED,4.06,819,7.280231,0.16052914593350323,0.16320923515822996,3.569138567530277,0.16737639089225423,false
104699,GNSS_AIDED,4.06,819,7.280231,0.17228684693387142,0.1770591967637527,3.5767783541856466,0.2299173983350759,false
104832,GNSS_AIDED,4.06,1020,7.280231,0.1409640779755781,0.14925339938849316,3.2835725314057633,0.0714107990760889,false
104893,GNSS_AIDED,4.06,1020,7.280231,-0.0034565342250619,0.2883497192351535,3.089048741289641,0.09002226720179521,false
105046,GNSS_AIDED,4.033,224,7.0866957,0.006386967338344577,0.2557548187955191,2.5520572112731217,0.055407615571173865,false
105089,GNSS_AIDED,4.033,224,7.0866957,-0.026953385693162777,0.2446018174485656,2.4712430884481336,0.10267171835877299,false
105243,GNSS_AIDED,4.033,425,7.0866957,0.1347490224206554,0.08125585597295835,3.361007845436849,0.08010846706754092,false
105286,GNSS_AIDED,4.033,425,7.0866957,0.07660097407752901,0.21045939338981245,2.5548403458187314,0.07396206748375339,false
105378,GNSS_AIDED,4.033,425,7.0866957,0.0877413459012306,0.24106730568320175,3.055637594296141,0.25412300384474906,false
105479,GNSS_AIDED,4.033,626,7.0866957,-0.043838482186367884,0.2337388932928182,2.4118326590709063,0.19178900323100045,false
105579,GNSS_AIDED,4.033,626,7.0866957,0.06308859290221543,0.18515399748519812,2.2370654028460484,0.04129486108400343,false
105679,GNSS_AIDED,4.033,828,7.0866957,0.06400387606245829,0.18927464282174958,2.381758085973526,0.13672568205446686,false
105780,GNSS_AIDED,4.033,828,7.0866957,0.04445644687975399,0.13146825820483493,1.712694678958195,0.10138989960046925,false
105879,GNSS_AIDED,4.033,1029,7.0866957,0.0699019474341381,0.22558046498112827,2.6281045607209252,0.11137245609851414,false
105981,GNSS_AIDED,4.033,1029,7.0866957,0.03814737320838947,0.12678032699312133,1.531690486900791,0.026174172519688572,false
106080,GNSS_AIDED,3.983,240,7.580314,0.048063940192441985,0.14942545787794706,1.8292208512021537,0.05267663405952073,false
106180,GNSS_AIDED,3.983,240,7.580314,0.04312564830778243,0.13344173058887804,1.5661347551549238,0.07790786816319953,false
106283,GNSS_AIDED,3.983,441,7.580314,0.05178580416481334,0.1516954216971197,1.8233659747871784,0.04807814704227516,false
106383,GNSS_AIDED,3.983,441,7.580314,0.060737016132467604,0.17618896639488163,2.0189637241342684,0.0739800228691009,false
106481,GNSS_AIDED,3.983,641,7.580314,0.04891724406244644,0.14679723018541577,1.5810321466474713,0.06129153767416721,false
106583,GNSS_AIDED,3.983,641,7.580314,0.07352809224813632,0.2206526653272858,2.496826625792741,0.09496505680348413,false
106683,GNSS_AIDED,3.983,842,7.580314,0.043885796122886844,0.1374169543794497,1.542426081457311,0.13068129022832548,false
106782,GNSS_AIDED,3.983,842,7.580314,0.035945245846668215,0.11014651589830264,1.2703816334915763,0.17348808923658976,false
106883,GNSS_AIDED,3.983,1043,7.580314,0.05812716190649665,0.17610447251102146,1.945626510322211,0.15194177796858177,false
106983,GNSS_AIDED,3.983,1043,7.580314,0.03949114956572928,0.1191313760782827,1.3071235949285818,0.06881491614564687,false
107083,GNSS_AIDED,3.9,243,7.8242927,0.06589898511303177,0.1911527094158946,2.198212566225609,0.031783949692494116,false
107189,GNSS_AIDED,3.9,243,7.8242927,0.04441673495435229,0.13393352629749047,1.5712993641822275,0.12249830384531507,false
107282,GNSS_AIDED,3.9,444,7.8242927,0.05288189124392135,0.1537986240482222,1.9204791042237435,0.04019700802660101,false
107387,GNSS_AIDED,3.9,444,7.8242927,0.06854738172948438,0.1993592275940921,2.3581465770429983,0.07442527447404566,false
107484,GNSS_AIDED,3.9,644,7.8242927,0.05076289185587898,0.14984413849293632,1.7583883497826498,0.10434786200183645,false
107587,GNSS_AIDED,3.9,644,7.8242927,0.06574440886123077,0.20967226560708066,2.2881382296563766,0.09021880962877335,false
107685,GNSS_AIDED,3.9,845,7.8242927,0.05633343255094423,0.17965875177783178,1.8905771431296152,0.0979948117189076,false
107786,GNSS_AIDED,3.9,845,7.8242927,0.07396615481647059,0.24121956777825984,2.6871195889437134,0.05772887337381774,false
107885,GNSS_AIDED,3.9,1046,7.8242927,0.005989034193683979,0.19504705542028086,2.1026498926765753,0.13700058188383965,false
107985,GNSS_AIDED,3.9,1046,7.8242927,0.06960028082421221,0.20940527393879646,2.570305157605861,0.14286731436017525,false
108084,GNSS_AIDED,3.866,248,8.194893,0.07540056760032593,0.22685650584321054,2.498685933746722,0.11000730157442581,false
108185,GNSS_AIDED,3.866,248,8.194893,0.08398543030885193,0.24952980481606676,2.8928870646455915,0.1654549244209743,false
108285,GNSS_AIDED,3.866,449,8.194893,-0.00786036367641351,0.2052259002026025,2.083166609758822,0.135042370695959,false
108386,GNSS_AIDED,3.866,449,8.194893,-0.02492233563340879,0.14544899814857173,1.489967867834343,0.1149462799272498,false
108488,GNSS_AIDED,3.866,649,8.194893,0.04151816999050327,0.14012559978373568,1.6195353663802947,0.04502716556931116,false
108627,GNSS_AIDED,3.866,649,8.194893,0.0379024585060516,0.12364237008735375,1.387824434682897,0.05536986378168177,false
108691,GNSS_AIDED,3.866,850,8.194893,0.05356882981940051,0.1747479541629017,1.990765567461417,0.06484536773203768,false
108789,GNSS_AIDED,3.866,850,8.194893,6.871396484092244E-4,0.16786170250938034,1.6805508411304677,0.027808783803393324,false
108886,GNSS_AIDED,3.866,1051,8.194893,0.02091931372804021,0.07382516774854263,0.802584539023436,0.09679030276068905,false
108989,GNSS_AIDED,3.866,1051,8.194893,0.036760105186267725,0.1250311655756309,1.5386128096097673,0.047863207993888296,false
109096,GNSS_AIDED,3.816,253,8.444532,0.04586598980430846,0.1530663821698017,1.770570832693204,0.08154643091723758,false
109201,GNSS_AIDED,3.816,253,8.444532,0.04006407017303262,0.13419714193359641,1.5691187198594136,0.08722692830682298,false
109287,GNSS_AIDED,3.816,453,8.444532,0.04148234455645891,0.1389477418579534,1.5333616624581345,0.03742177551745593,false
109392,GNSS_AIDED,3.816,453,8.444532,0.029865324039301925,0.10907838794271366,1.1742061465073301,0.11003086714254236,false
109489,GNSS_AIDED,3.816,654,8.444532,0.0503766232816137,0.18399267492710053,1.9947965497875164,0.12354029001733814,false
109590,GNSS_AIDED,3.816,654,8.444532,-0.027491620396374913,0.19095058715720903,2.248709140413672,0.23633477685105203,false
109690,GNSS_AIDED,3.816,855,8.444532,0.030628539633630544,0.11531353315273116,1.2810656164289704,0.1232607525880719,false
109791,GNSS_AIDED,3.816,855,8.444532,0.020318558087006357,0.07724234040341703,1.25691287181132,0.06811707368292419,false
109889,GNSS_AIDED,3.816,1056,8.444532,0.0188954396953579,0.07205426537453684,0.8402081719251551,0.08931539269561499,false
109991,GNSS_AIDED,3.816,1056,8.444532,0.022485601918808183,0.08367354733894365,1.1164406178357582,0.02000359939148283,false
110098,GNSS_AIDED,3.72,256,7.978709,-0.022191732719750022,0.07279492901044886,0.853686004444189,0.04043581731653564,false
110191,GNSS_AIDED,3.72,256,7.978709,0.016225748939809412,0.055855303374752883,0.5975343388755695,0.053551741070961875,false
110293,GNSS_AIDED,3.72,460,7.978709,0.03822777069247116,0.11990862931132647,1.597728902208266,0.08663220253264037,false
110391,GNSS_AIDED,3.72,460,7.978709,0.023214025958481436,0.07281518077190086,0.9660596773151979,0.18648514544366596,false
110491,GNSS_AIDED,3.72,662,7.978709,0.04975792841151564,0.15321420610104106,1.8491221067339012,0.08233207392444747,false
110593,GNSS_AIDED,3.72,662,7.978709,0.025375209579158862,0.07876783333451703,1.0248706320665686,0.06724185839384351,false
110693,GNSS_AIDED,3.72,863,7.978709,0.02055734405317694,0.0646950750914114,0.89992861965883,0.09262393555430952,false
110793,GNSS_AIDED,3.72,863,7.978709,0.03818803208577575,0.11763476730425497,1.4353209986637985,0.08907824590995174,false
110892,GNSS_AIDED,3.72,1064,7.978709,-0.053861683444572886,0.15733037374994918,1.6872104117110247,0.009656481482636656,false
110993,GNSS_AIDED,3.72,1064,7.978709,0.047490579421841414,0.1380913271582369,1.6762069128454768,0.036060347857553826,false
111098,GNSS_AIDED,5.678,265,7.992092,-0.007936727154736988,0.1670790862198806,1.6762783784677577,0.1380856986005145,false
111193,GNSS_AIDED,5.678,265,7.992092,0.024265251462447724,0.07656064255374732,1.0504387718539994,0.11054172597377933,false
111293,GNSS_AIDED,5.678,466,7.992092,-0.009457729624129656,0.10498528441415866,1.2709369325562658,0.1697890985582611,false
111401,GNSS_AIDED,5.678,466,7.992092,0.033055293479625894,0.1150842473968029,1.3777908991931713,0.06405472166895422,false
111496,GNSS_AIDED,5.678,666,7.992092,0.044675829699153354,0.1555419328200437,1.7635248854888999,0.07276214765346432,false
111596,GNSS_AIDED,5.678,666,7.992092,0.030298916713264172,0.10260699462701448,1.1851318753343427,0.07719577613236402,false
111697,GNSS_AIDED,5.678,867,7.992092,0.02077500265915496,0.0726465246574448,0.8397731330865419,0.04035884710493268,false
111799,GNSS_AIDED,5.678,867,7.992092,-0.007850267665520189,0.09553111596132355,0.9774142879449488,0.42297847072562494,false
111899,GNSS_AIDED,5.678,1068,7.992092,0.01733651559333076,0.06843338106512255,0.9855278193217911,0.3518317750041008,false
112028,GNSS_AIDED,5.678,1068,7.992092,-0.026446938834054124,0.11696544514897193,1.2007737965760865,0.22718149625094744,false
112158,GNSS_AIDED,5.635,273,8.286513,-0.0334186390243034,0.12929113381970256,1.3738859807904642,0.1521330582053461,false
112221,GNSS_AIDED,5.635,273,8.286513,-0.04248594604563326,0.157068869178254,1.6281182304952586,0.15133035893565538,false
112352,GNSS_AIDED,5.635,474,8.286513,-0.04086990707490878,0.10054320195267696,1.1066312755229555,0.06989902339724943,false
112417,GNSS_AIDED,5.635,474,8.286513,-0.04181416692011455,0.14434929137284885,1.5441362190654746,0.10884128008802041,false
112549,GNSS_AIDED,5.635,679,8.286513,-0.010311053321585861,0.10600075472608245,1.0622053737776298,0.28578635046747636,false
112613,GNSS_AIDED,5.635,679,8.286513,-0.04388068554311714,0.07459937242622944,1.1045143983945382,0.3704049107259725,false
112743,GNSS_AIDED,5.635,880,8.286513,0.0019349059611101596,0.10112768644118196,1.0372760582037939,0.2480148663908091,false
112808,GNSS_AIDED,5.635,880,8.286513,0.006891958339525002,0.07676655171000057,0.8092708441280102,0.211652299475787,false
112939,GNSS_AIDED,5.635,1084,8.286513,-0.0055890136722956,0.05330343049975737,0.6811877674635385,0.05562949175103097,false
113003,GNSS_AIDED,5.635,1084,8.286513,0.005368037009159298,-0.04627859663817622,0.5040316679720708,0.22759912846681807,false
113134,GNSS_AIDED,5.841,288,8.374531,-0.0017257685912509908,0.015131651181848737,0.4108196138684616,0.06695472413905035,false
113201,GNSS_AIDED,5.841,288,8.374531,-0.0076939784064575314,-0.012993422976112272,0.21814052435490183,0.11175391875988927,false
113332,GNSS_AIDED,5.841,489,8.374531,0.025618342881304965,-0.014132182341388433,0.9314203500465006,0.248979416548949,false
113461,GNSS_AIDED,5.841,489,8.374531,-0.034193405277291596,-0.009040419445107485,0.8095306541434192,0.14825974228102898,false
113526,GNSS_AIDED,5.841,693,8.374531,0.014468418611667932,-0.014694664194707757,0.33647058653140316,0.1099649073847452,false
113658,GNSS_AIDED,5.841,693,8.374531,-4.773426157632142E-4,-0.0022457213436758113,0.7183510007253221,0.098766402992163,false
113721,GNSS_AIDED,5.841,899,8.374531,0.002702082380234855,0.012910202442060915,0.6954239152179703,0.1599907060650098,false
113852,GNSS_AIDED,5.841,899,8.374531,0.009477030653235664,0.04448512177104963,1.6580028864648177,0.22728081835932476,false
113919,GNSS_AIDED,5.841,1100,8.374531,0.0059008113250578285,0.026755051726450853,1.054227637886421,0.3418879591071657,false
114047,GNSS_AIDED,5.841,1100,8.374531,-3.2596566846107767E-4,0.0416215557986261,0.4593943203342912,0.20372853189307805,false
114122,GNSS_AIDED,5.708,304,8.529977,-0.015986544278608315,0.057067513458643936,1.187122254608978,0.1512548635749817,false
114241,GNSS_AIDED,5.708,304,8.529977,0.0065969532787863985,0.02697420423959779,0.5862133187843382,0.03629820112187483,false
114306,GNSS_AIDED,5.708,507,8.529977,0.0108567816188233,0.05785311645149073,0.5881670276797484,0.16703720241296036,false
114437,GNSS_AIDED,5.708,507,8.529977,-0.0028897280546902908,0.04376313771706323,0.593250256313061,0.1645463563252441,false
114505,GNSS_AIDED,5.708,707,8.529977,-4.680243476771831E-4,-0.0013453698840485639,0.6539620752540075,0.11613267750077096,false
114634,GNSS_AIDED,5.708,707,8.529977,-0.03171876020144371,0.09076496026994857,0.963832631479075,0.17993090922983632,false
114763,GNSS_AIDED,5.708,908,8.529977,-0.018408926624597956,0.10029434215253914,1.0394623854320038,0.11064750903633024,false
114829,GNSS_AIDED,5.708,908,8.529977,0.005632168421448847,0.12071038304421139,1.3918062716718347,0.12258576675934217,false
114963,GNSS_AIDED,5.292,110,9.131687,1.773756946453476E-4,0.13700045346887527,1.370498806576826,0.06496935423858144,false
115023,GNSS_AIDED,5.292,110,9.131687,-0.009358619169480093,0.13905841296923263,1.4295803314011377,0.11497216436730309,false
115154,GNSS_AIDED,5.292,311,9.131687,-0.03342716039371716,0.18280530054409702,1.8537546236012454,0.05615351604091731,false
115219,GNSS_AIDED,5.292,311,9.131687,-0.02616085618032587,0.14163178313089195,1.4366894003258182,0.12369931827687806,false
115351,GNSS_AIDED,5.292,511,9.131687,-0.04512101248961264,0.19852465492519514,2.0371007386741224,0.13855119767202345,false
115417,GNSS_AIDED,5.292,511,9.131687,0.006807824152805474,0.20907370842239809,2.123246750348949,0.2527150142514703,false
115545,GNSS_AIDED,5.292,713,9.131687,-0.03401534122237022,0.16928733429178472,1.7327599808372784,0.03535427102899744,false
115612,GNSS_AIDED,5.292,713,9.131687,-0.03667522017863224,0.16711700462323642,1.778844373703118,0.0924274322019649,false
115746,GNSS_AIDED,5.292,915,9.131687,0.03708253753178122,0.16870364936446305,1.98434356182558,0.058489465432568014,false
115807,GNSS_AIDED,5.292,915,9.131687,0.0324226863209041,0.147504077892402,1.6244181673221936,0.06603888763209101,false
115955,GNSS_AIDED,3.02,116,9.311325,0.018177714560102146,0.07811999724661535,0.9414190219482758,0.2078062982076933,false
116066,GNSS_AIDED,3.02,116,9.311325,-0.05849176598925854,0.16870202268148304,1.7986299172629259,0.10554364145346201,false
116134,GNSS_AIDED,3.02,320,9.311325,0.02472752631764175,0.09948656441450988,1.3422119461807929,0.09318732055412857,false
116262,GNSS_AIDED,3.02,320,9.311325,0.024105693220498943,0.0983598762229168,1.604585686371245,0.2434505454944872,false
116336,GNSS_AIDED,3.02,521,9.311325,-0.09511199377486174,0.20048108860808142,2.2645293228043664,0.3253572446738284,false
116459,GNSS_AIDED,3.02,521,9.311325,0.024102193499167153,0.08100370684196277,0.911913210526336,0.04385989893451447,false
116534,GNSS_AIDED,3.02,722,9.311325,-0.010395801543585718,0.057916016041345546,0.7695107437379086,0.18246915706424838,false
116656,GNSS_AIDED,3.02,722,9.311325,-0.07747703251324309,0.11439081322735392,1.577516001194685,0.24006793097334292,false
116718,GNSS_AIDED,3.02,924,9.311325,0.02069755561637132,0.05425190019896791,0.8857293816367697,0.2711273323884155,false
116850,GNSS_AIDED,3.02,924,9.311325,0.014991189042907088,0.04633588340129079,0.6771589566424083,0.17964020201755912,false
116913,GNSS_AIDED,3.02,924,9.311325,0.0012383205638277668,0.07261010251572309,0.7267573233617048,0.07205190883433787,false
117024,GNSS_AIDED,3.016,125,9.290736,-0.004655228720351668,-0.016906768238594605,0.3951745538620732,0.1448234585606796,false
117108,GNSS_AIDED,3.016,125,9.290736,9.389837691250539E-4,0.003410182811211059,0.14159245728943723,0.07947904628407187,false
117209,GNSS_AIDED,3.016,326,9.290736,-0.0036832989916557456,-0.014055644896434787,0.39451582271584584,0.0909575202593125,false
117309,GNSS_AIDED,3.016,326,9.290736,-0.012572400123590597,-0.050545523611644244,0.7038344672622238,0.10233774398956405,false
117411,GNSS_AIDED,3.016,527,9.290736,0.010810177244448849,0.047178174288520926,0.5099871352526297,0.11684411787495717,false
117510,GNSS_AIDED,3.016,527,9.290736,-8.482053987028917E-4,-0.0038212753532280742,0.4680011937801999,0.09006251099974831,false
117612,GNSS_AIDED,3.016,728,9.290736,-0.012418012727507647,-0.06015105527439436,0.7901410207263345,0.24747249797881235,false
117712,GNSS_AIDED,3.016,728,9.290736,0.019880800770623385,0.10099388086053508,1.2045139906182618,0.2206021576397044,false
117811,GNSS_AIDED,3.016,950,9.290736,-0.005894888508020957,0.0687555559243238,0.700064595720336,0.13862765013270753,false
117911,GNSS_AIDED,3.016,950,9.290736,0.0037215953778942626,0.030007402134876363,0.4978314706856321,0.11702322326120743,false
118011,GNSS_AIDED,2.92,151,9.005065,0.006688847112734932,0.0509762043681344,0.7903434594712507,0.16748997625126325,false
118111,GNSS_AIDED,2.92,151,9.005065,0.004098100795230814,0.029090537983898403,0.4307625386308885,0.07413283356158192,false
118212,GNSS_AIDED,2.92,352,9.005065,-0.004053198848126297,0.04203766831603506,0.6114280147371901,0.06977014944624904,false
118312,GNSS_AIDED,2.92,352,9.005065,0.05770033003817001,0.09309798976051535,1.2113921657761288,0.3053244747129699,false
118413,GNSS_AIDED,2.92,552,9.005065,0.12816601139436473,-0.06257045165502038,1.4394717390127072,0.20864572232525147,false
118514,GNSS_AIDED,2.92,552,9.005065,0.02787160178598054,-0.025138136009707317,0.4230253997714718,0.16060874472667383,false
118615,GNSS_AIDED,2.92,755,9.005065,0.005040146578755858,0.037008449081634774,0.6029112997487429,0.17398613987375205,false
118714,GNSS_AIDED,2.92,755,9.005065,0.006754140337214725,0.0473725414806409,0.6254045162205306,0.03322522310077391,false
118813,GNSS_AIDED,2.92,980,9.005065,0.0034303162380204632,0.02199096919485273,0.5873405766034716,0.13429797089460369,false
118913,GNSS_AIDED,2.92,980,9.005065,0.014778829987496009,0.09490325612072406,1.0744843417529395,0.11130973403705724,false
119019,GNSS_AIDED,2.98,181,9.481698,0.014668425375859662,0.07660598734759967,1.1113474806719776,0.07600425618183,false
119119,GNSS_AIDED,2.98,181,9.481698,0.05186309921076505,0.0022765349835114058,1.1366423973824362,0.09194660499660921,false
119218,GNSS_AIDED,2.98,382,9.481698,0.009579592435452103,0.03575763753842539,1.1650145190135068,0.0819768832981985,false
119318,GNSS_AIDED,2.98,382,9.481698,0.013827654113642807,0.05388165880254151,0.5728081196138322,0.14891809874981496,false
119417,GNSS_AIDED,2.98,582,9.481698,0.025731147669768722,0.09728185821525258,1.123525498507214,0.2088775024356605,false
119519,GNSS_AIDED,2.98,582,9.481698,0.004991742583096938,0.018857824226988278,0.7512964488784032,0.17648535093492845,false
119619,GNSS_AIDED,2.98,783,9.481698,0.015611359248849857,0.06438777543604994,0.8191362477015388,0.05496176029501365,false
119719,GNSS_AIDED,2.98,783,9.481698,0.020919765914482285,0.0862818649167691,1.0805262198541186,0.14809138805742997,false
119818,GNSS_AIDED,2.98,984,9.481698,0.010624627990337265,0.030786259065347554,0.3263844789644374,0.13027783031578355,false
119918,GNSS_AIDED,2.98,984,9.481698,0.00780107656567311,0.02654966247066469,0.5113390249712573,0.03188178445288156,false
120017,GNSS_AIDED,3.016,186,9.725162,-0.0024340347232111826,-0.008473206376094135,0.46238418783774227,0.24299638545215624,false
120117,GNSS_AIDED,3.016,186,9.725162,0.0010304816815653434,0.003439218965176105,0.2988606123131905,0.07464898230330846,false
120218,GNSS_AIDED,3.016,388,9.725162,0.0033669511780908723,0.010741550639438897,0.6074037255166831,0.1185593231229127,false
120342,GNSS_AIDED,3.016,388,9.725162,0.022856437181698122,-0.010657235565193452,0.5310282481156767,0.05903507280137013,false
120474,GNSS_AIDED,3.016,589,9.725162,-0.01039362011673688,-0.033701227809745715,0.5463300076275739,0.04458821932491284,false
120540,GNSS_AIDED,3.016,589,9.725162,-0.0011429250442633037,-0.0038914354261310098,0.26189300706040286,0.048712727148098045,false
120669,GNSS_AIDED,3.016,790,9.725162,0.0071960768376780615,-0.012442862880870677,0.25643404915929974,0.09363338926889667,false
120733,GNSS_AIDED,3.016,790,9.725162,0.001530427480502003,-0.01605696582145103,0.5464691200981848,0.121061016018987,false
120864,GNSS_AIDED,3.016,991,9.725162,-6.528682063309358E-4,-0.0028111660125932085,0.2237040340820297,0.21399971177061852,false
120928,GNSS_AIDED,3.016,991,9.725162,-0.007052865879089347,0.024530892392218968,0.4488977010376279,0.25927837078682203,false
121062,GNSS_AIDED,3.16,191,9.702514,0.00474817637975742,0.012863374818836003,0.16687398388953867,0.13495614076356557,false
121124,GNSS_AIDED,3.16,191,9.702514,0.04011991821666706,-0.07772641223351663,0.9394876487821019,0.2984137485521115,false
121257,GNSS_AIDED,3.16,392,9.702514,0.023032267693592033,-0.05121008121665241,0.5698294578077944,0.06038029143538463,false
121323,GNSS_AIDED,3.16,392,9.702514,7.152271117957288E-4,0.0069934467966999425,0.7760419720819367,0.09550104437552018,false
121452,GNSS_AIDED,3.16,593,9.702514,-0.01779745326981985,-0.0059084576201434615,0.48749499479748243,0.06280077443448065,false
121582,GNSS_AIDED,3.16,593,9.702514,3.101075827524209E-4,0.0021328151925697385,0.7858821458164068,0.1007845851722465,false
121646,GNSS_AIDED,3.16,796,9.702514,-0.023336146884640578,0.02367859075273364,0.7617144119580992,0.13269935270206784,false
121778,GNSS_AIDED,3.16,796,9.702514,6.086489473214375E-4,0.003487710877233763,0.27667671163227636,0.15703038773574676,false
121841,GNSS_AIDED,3.16,997,9.702514,0.07269646968571669,-0.011436056608766482,0.7862248274946595,0.20732935293406257,false
121973,GNSS_AIDED,3.16,997,9.702514,0.009942212571549812,0.007306692532273139,0.7476233130956763,0.09414653862735935,false
122039,GNSS_AIDED,3.2,199,9.2485285,0.0051291304544432495,0.018634506081162135,0.45645005994551674,0.053799763195697035,false
122167,GNSS_AIDED,3.2,199,9.2485285,-0.002667271615258647,-0.009542659415466627,0.31370952851365314,0.16593655142276195,false
122232,GNSS_AIDED,3.2,414,9.2485285,-0.012322277950779897,0.024205617279761917,0.28937080363728,0.22173510696802654,false
122364,GNSS_AIDED,3.2,414,9.2485285,0.01765118776081068,0.057992344555722344,0.901390827329059,0.028256661773025122,false
122437,GNSS_AIDED,3.2,615,9.2485285,-7.257780337670233E-4,-0.0023200406023347027,0.3317957995968318,0.1317027765007544,false
122560,GNSS_AIDED,3.2,615,9.2485285,-0.0058631439999043845,-0.02830028997423871,0.5427024990056201,0.07729284201275205,false
122643,GNSS_AIDED,3.2,817,9.2485285,-0.07399624266562979,-0.030526386883732392,1.0648340108604852,0.06837944872612256,false
122756,GNSS_AIDED,3.2,817,9.2485285,0.0160677959313295,0.017089421055317897,0.2563515300937574,0.17273292840433951,false
122884,GNSS_AIDED,3.2,1018,9.2485285,-0.051790899454933904,0.06471076425130651,0.8283503967566866,0.2564594766440827,false
122950,GNSS_AIDED,3.2,1018,9.2485285,0.02858198826592227,0.07370690067932671,1.169535818336068,0.31713106920027667,false
123080,GNSS_AIDED,3.166,220,9.936198,0.014724430897747255,0.03875930894322813,0.7160845097893208,0.09936448113265292,false
123145,GNSS_AIDED,3.166,220,9.936198,0.0017940556466660455,-0.006661950535053681,0.10098130888367186,0.06672352550051398,false
123279,GNSS_AIDED,3.166,420,9.936198,0.0213781712395336,0.06088307360526725,0.8706064499971233,0.12266007780400692,false
123340,GNSS_AIDED,3.166,420,9.936198,-0.06702088906542032,0.036624158582192215,1.0362569362381626,0.17150962311179485,false
123472,GNSS_AIDED,3.166,621,9.936198,0.025423034642056135,0.06539180865327517,1.1203350148308473,0.19569662809013005,false
123540,GNSS_AIDED,3.166,621,9.936198,-0.049763242940271644,0.0652552096802575,0.9112615578026061,0.21329918574636,false
123667,GNSS_AIDED,3.166,823,9.936198,-0.03222419414188517,-0.01886140829246578,0.4372450495670385,0.10376096167925708,false
123731,GNSS_AIDED,3.166,823,9.936198,-0.00834465077647686,0.019529824283140994,0.97284222443184,0.1801990404742344,false
123862,GNSS_AIDED,3.166,1024,9.936198,-0.0032610823637600123,-0.027262859805738164,0.5343764399487446,0.1900363688082434,false
123928,GNSS_AIDED,3.166,1024,9.936198,0.025414438499821498,0.019137110192757916,0.35491831690414777,0.2303668191866916,false
124057,GNSS_AIDED,3.15,228,10.0612755,-0.004111479465045184,-0.0565793769047472,0.5982646974746753,0.04292917097974543,false
124189,GNSS_AIDED,3.15,228,10.0612755,0.0015828935538221177,0.014745138227035744,0.8038625710924179,0.16169487676151104,false
124254,GNSS_AIDED,3.15,432,10.0612755,-0.03986957035508794,-0.015013328798552663,0.4536102871422327,0.22999861273905495,false
124388,GNSS_AIDED,3.15,432,10.0612755,-0.05257339680348791,-0.024447881570921728,0.7630572050108142,0.176718612338067,false
124448,GNSS_AIDED,3.15,641,10.0612755,0.016662681745315183,0.08342700635902947,0.8659478844930759,0.21134511480196305,false
124580,GNSS_AIDED,3.15,641,10.0612755,-0.0400697357086545,0.038928946609536115,0.74862547771605,0.09620125022432129,false
124644,GNSS_AIDED,3.15,843,10.0612755,-0.004730654251544523,-0.018632456327770844,0.5986582342198751,0.05725907398296878,false
124778,GNSS_AIDED,3.15,843,10.0612755,-0.018341612675935412,-0.07023586964900766,0.9012077404887842,0.35459952247986976,false
124848,GNSS_AIDED,3.15,1044,10.0612755,0.028104679555604136,-0.059976989051331905,0.791676955572799,0.5106432294808849,false
124971,GNSS_AIDED,3.15,1044,10.0612755,0.006969820559102212,0.02382348481991703,1.2351154433309348,0.13694576456669333,false
125036,GNSS_AIDED,3.1,245,10.087526,0.03236896815528585,0.10812663342509697,1.5945068511884606,0.30522531534533265,false
125165,GNSS_AIDED,3.1,245,10.087526,-0.060175851324011334,0.03148785523811337,0.7014540008951098,0.036089309330968815,false
125230,GNSS_AIDED,3.1,245,10.087526,0.004317853080778899,0.01292301848306458,0.5330367354274664,0.03522740580476924,false
125360,GNSS_AIDED,3.1,455,10.087526,0.03939110868108609,0.11513672783656752,1.406446997257147,0.11422485578648772,false
125492,GNSS_AIDED,3.1,656,10.087526,-0.05070519358486235,0.08882506823556582,1.0883220712345423,0.2617802356584765,false
125558,GNSS_AIDED,3.1,656,10.087526,0.028375902418471755,-0.014831715554341927,0.9855383087583566,0.4091777200429096,false
125688,GNSS_AIDED,3.1,858,10.087526,-0.08623264269443381,0.09133317863446522,1.4465075413581179,0.0575051735257213,false
125754,GNSS_AIDED,3.1,858,10.087526,0.041148355150859205,0.11246302997208979,1.6428267672607952,0.23475284180425415,false
125891,GNSS_AIDED,3.1,1061,10.087526,-0.023500260310186642,0.08208167591658531,0.9905263418386357,0.08775842743825264,false
125948,GNSS_AIDED,3.1,1061,10.087526,-0.003636802530347915,0.0021483455544008003,0.10981946046648665,0.04007809770477058,false
126088,GNSS_AIDED,3.083,265,10.2290745,-0.05228466120178062,0.10010145015474084,1.1743696202125269,0.3420769365878016,false
126142,GNSS_AIDED,3.083,265,10.2290745,0.023558401827427963,0.05350597266115261,0.7157589583375998,0.49651023848014236,false
126276,GNSS_AIDED,3.083,467,10.2290745,0.060402175610374455,0.11006877307666207,1.3659704063129843,0.05885221275364443,false
126338,GNSS_AIDED,3.083,467,10.2290745,0.08216756130629785,0.14976908654921525,2.1641897357955804,0.20220890881040274,false
126483,GNSS_AIDED,3.083,669,10.2290745,0.06636690262326901,0.12431880352913811,1.8659482649244692,0.17078390724611728,false
126535,GNSS_AIDED,3.083,669,10.2290745,0.026425928085928557,0.04950117651924051,0.8169849049054093,0.33071038866252944,false
126680,GNSS_AIDED,3.083,870,10.2290745,-0.029266959337606167,0.10136452981206491,1.0545265069582732,0.3902733568464695,false
126797,GNSS_AIDED,3.083,870,10.2290745,0.005001568974795932,0.05240097147303085,0.6512781691265405,0.140686621881074,false
126859,GNSS_AIDED,3.083,870,10.2290745,-0.03182426607905676,0.08680710515662038,1.258694383295193,0.04648907006015864,false
126992,GNSS_AIDED,3.083,1085,10.2290745,-0.020906728537629,0.14057872604749125,1.5931318932154332,0.3050133055503159,false
127059,GNSS_AIDED,3.083,1085,10.2290745,0.005569506240445039,0.015449148054782914,0.5333800452686371,0.4344454222161683,false
127186,GNSS_AIDED,3.033,290,9.581039,0.03010556847085669,0.08597501139819444,1.1709994417279672,0.22336683652161266,false
127251,GNSS_AIDED,3.033,290,9.581039,0.03291320779227309,0.0952694426838831,1.2360883593168144,0.20188800113469904,false
127385,GNSS_AIDED,3.033,491,9.581039,0.006958480385727474,0.11803286351991937,1.2624240426733806,0.26954027543517434,false
127447,GNSS_AIDED,3.033,491,9.581039,-0.008163835527033862,-0.0238293870702335,0.546656166294148,0.3404558421470556,false
127580,GNSS_AIDED,3.033,700,9.581039,-0.004284177835751196,-0.011938594622632772,0.31711827907339013,0.04006163853639643,false
127643,GNSS_AIDED,3.033,700,9.581039,0.0051624459509107155,0.013840281202439143,0.3823744276760281,0.1638287051723494,false
127774,GNSS_AIDED,3.033,901,9.581039,0.01973869654842022,0.050933441147935264,0.6398608462632961,0.11406659544682797,false
127840,GNSS_AIDED,3.033,901,9.581039,0.0059600238245133275,0.106300598618004,1.1012644529512434,0.14955957142707768,false
127971,GNSS_AIDED,3.033,1102,9.581039,-0.021748538925404317,0.1483230674634163,1.637140631797735,0.21524212442742308,false
128098,GNSS_AIDED,3.0,304,9.717441,0.04295488491840343,0.11647534355642214,1.515025359293745,0.1124628585285184,false
128164,GNSS_AIDED,3.0,304,9.717441,0.05144616254785754,0.12374720701617718,1.7523171048009356,0.10329285051832997,false
128295,GNSS_AIDED,3.0,304,9.717441,-0.019527746409119803,0.19128849773014667,1.935831289924276,0.05578231947202877,false
128362,GNSS_AIDED,3.0,508,9.717441,0.0349909497820588,0.0890180011271351,1.4009036398737527,0.08522431995911339,false
128489,GNSS_AIDED,3.0,508,9.717441,-0.030296990341961587,0.06042813316085794,0.6938226640909013,0.20789766702450738,false
128557,GNSS_AIDED,3.0,717,9.717441,0.021425138352482942,0.10056359880810063,1.039029629833219,0.2879215165977666,false
128686,GNSS_AIDED,3.0,717,9.717441,-0.04902065645784363,0.10987871362296378,1.2223568872521013,0.13580734773299394,false
128749,GNSS_AIDED,3.0,923,9.717441,0.008210559884149484,0.05617488720965948,0.7127288023884898,0.07017579116920615,false
128881,GNSS_AIDED,3.0,923,9.717441,-0.003948947623490937,-0.007513309735429247,0.24096582632747984,0.26557415353826036,false
128957,GNSS_AIDED,3.02,125,9.875461,-0.006590615450466383,0.08912883743586276,0.9070423834346631,0.06424422954319146,false
129077,GNSS_AIDED,3.02,125,9.875461,-0.04929720111156818,0.09206513484806747,1.0857645569852625,0.23913989539341446,false
129141,GNSS_AIDED,3.02,326,9.875461,-0.01989362704006211,-0.026755568927628367,0.4891188797902985,0.17436314210244905,false
129274,GNSS_AIDED,3.02,326,9.875461,-0.005251717978088707,-0.032238531388375034,0.67802041805237,0.2639895922928792,false
129402,GNSS_AIDED,3.02,534,9.875461,-0.024872333068029013,0.07993127419659393,1.0758076771391865,0.2418826904761972,false
129469,GNSS_AIDED,3.02,534,9.875461,0.012801269910278607,0.062227226553463987,0.7769606796245326,0.24954393714981032,false
129599,GNSS_AIDED,3.02,735,9.875461,-0.03522217480444123,0.010469260470425732,0.7910157300864933,0.12990876990048494,false
129663,GNSS_AIDED,3.02,735,9.875461,-0.046793498859999345,0.041345645059619136,0.7908599341542386,0.295656328789395,false
129792,GNSS_AIDED,3.02,937,9.875461,-0.05769018683187181,0.10672902484848844,1.6228375496803602,0.46503264859798044,false
129859,GNSS_AIDED,3.02,937,9.875461,0.03345151281558416,0.11175871532505073,1.2449710388561972,0.7225726853380741,false
129993,GNSS_AIDED,3.033,140,10.078775,0.10692428042067532,0.15198295192903624,1.9945947994903115,0.41899647576399013,false
130059,GNSS_AIDED,3.033,140,10.078775,0.01323684862943707,0.22695164858100916,2.268400431391783,0.5852453330135124,false
130186,GNSS_AIDED,3.033,341,10.078775,0.06901917720593825,0.13183888212588132,1.4965182572344051,1.2099258546223313,false
130248,GNSS_AIDED,3.033,341,10.078775,0.07019887542094236,-0.026222979003673954,0.7612474545008662,1.5235795583669318,false
130380,GNSS_AIDED,3.033,542,10.078775,0.019607403589299854,-0.07912664904972781,0.9391419365500675,0.893872204310459,false
130446,GNSS_AIDED,3.033,542,10.078775,-0.05411471051988083,-0.096706118768397,1.3510839255937035,0.8407307105998064,false
130577,GNSS_AIDED,3.033,743,10.078775,-0.01967955512049471,-0.05186364820938796,0.605967494859419,0.5515119105677723,false
130706,GNSS_AIDED,3.033,743,10.078775,0.028790238287216805,-0.0389604899660445,0.5069453864282352,0.44220413853002466,false
130772,GNSS_AIDED,3.033,949,10.078775,0.021264474684923297,-0.02487235317622982,0.4386700171391955,0.4134858609794716,false
130900,GNSS_AIDED,3.033,949,10.078775,-0.0026108784734904297,0.009640626813014946,0.11711292963787938,0.44299730503712154,false
130965,GNSS_AIDED,3.05,151,9.995906,0.0424067495419716,0.025025157971906433,0.5952669720579079,0.4770912509081547,false
131099,GNSS_AIDED,3.05,151,9.995906,0.06240301116312638,0.08088594931358888,1.385973119165126,0.9332665541158053,false
131160,GNSS_AIDED,3.05,352,9.995906,-0.08209631838603218,0.3544334365271208,3.9034737115125187,1.5298217447292444,false
131290,GNSS_AIDED,3.05,352,9.995906,-0.09441262229244266,0.37342364138784445,3.993472933704419,1.1368463224905558,false
131357,GNSS_AIDED,3.05,553,9.995906,0.006302087078439079,0.3652330838677617,3.9231153321503944,0.9694345111096735,false
131486,GNSS_AIDED,3.05,553,9.995906,0.14352283768204363,0.2926151792143262,3.4928224688449867,0.3996591305879055,false
131561,GNSS_AIDED,3.05,754,9.995906,0.04107883249238621,0.25748066463142877,2.653612991442017,0.17797839502869336,false
131682,GNSS_AIDED,3.05,754,9.995906,0.09507444803620177,0.18395782324458954,2.3664337032514924,0.23348439170679983,false
131746,GNSS_AIDED,3.05,955,9.995906,0.07368499340051801,0.1393006286532513,1.6261919721817788,0.4100932367417193,false
131878,GNSS_AIDED,3.05,955,9.995906,0.05077841256846067,0.09472915041492387,1.1830181419267582,0.15273569182890454,false
132011,GNSS_AIDED,3.05,1156,9.995906,0.03713162520468568,0.07075854914910151,0.877776075193563,0.16279056009566106,false
132073,GNSS_AIDED,3.05,1156,9.995906,0.05260176752186779,0.10072147360954194,1.4531173686962757,0.22810083568903822,false
132203,GNSS_AIDED,3.05,1357,9.995906,0.011152486892154331,0.02076811378211035,1.3177329800489488,0.17150201503308016,false
132268,GNSS_AIDED,3.05,1357,9.995906,0.006879813161637396,-0.045875493485002444,0.9301433643581056,0.15731852474837135,false
132398,GNSS_AIDED,3.05,1559,9.995906,-0.03325594907340576,-0.05903185058599115,0.9944221238068649,0.45501848770345255,false
132464,GNSS_AIDED,3.05,1559,9.995906,0.016764729630586776,0.02966413542251147,1.3771164540903797,0.5880745588091661,false
132597,GNSS_AIDED,3.05,1760,9.995906,0.045361289206517906,0.08114867203775793,0.9643454549872518,0.25465971737526927,false
132659,GNSS_AIDED,3.05,1760,9.995906,-0.011426156505778239,-0.021143929434681404,1.16649094583527,0.5051662934229404,false
132789,GNSS_AIDED,3.05,1962,9.995906,0.0014655961660684548,0.0027787725792656677,0.9591026397532348,0.5725840893836481,false
132857,GNSS_AIDED,3.05,1962,9.995906,-0.004303812001996907,-0.008147573734679586,0.10348745140270205,0.6351064706019279,false
132986,GNSS_AIDED,3.05,2164,9.995906,2.3215492405243544E-4,4.331768442353561E-4,1.313975842544281,0.11743045914033004,false
133051,GNSS_AIDED,3.05,2164,9.995906,-0.0022800960210550576,-0.004254618407710736,1.4664921343787511,0.2502075294239861,false
133180,GNSS_AIDED,3.05,2365,9.995906,0.01765343912863741,0.033013619759773,0.5629583399737205,0.28928717501999696,false
133312,GNSS_AIDED,3.05,2365,9.995906,0.05098885286581672,0.027881482976420763,0.589717667460455,0.34016412547250496,false
133377,GNSS_AIDED,3.05,2566,9.995906,0.0013858847564031213,0.0028098322626641005,0.9568401488304512,0.3645125889197772,false
133507,GNSS_AIDED,3.05,2566,9.995906,0.028615343715432062,0.058682617777175365,0.6805722217418486,0.21992928335232945,false
133577,GNSS_AIDED,3.05,2767,9.995906,0.026167946732649463,0.054025120848605716,0.8484602709686933,0.18238893105908452,false
133703,GNSS_AIDED,3.05,2767,9.995906,0.027140769187505454,0.0577688020640115,0.8109227583914138,0.29157896850722714,false
133773,GNSS_AIDED,3.05,2967,9.995906,0.025191525929910245,0.05413036819423983,1.269130620884809,0.49559036583653954,false
133898,GNSS_AIDED,3.05,2967,9.995906,0.021003310994497666,0.10537176054877696,1.0912585766668208,0.36366919346759585,false
133977,GNSS_AIDED,3.05,3171,9.995906,0.035076461942900344,0.068373267293457,0.7780112956358,0.3287300449920799,false
134097,GNSS_AIDED,3.05,3171,9.995906,0.01742278025153291,0.03307652992976454,0.5153971145578565,0.11753677617418821,false
134158,GNSS_AIDED,3.05,3171,9.995906,0.010762547577956479,0.02115831259303031,0.609441085576306,0.10601403532669436,false
134290,GNSS_AIDED,3.05,3389,9.995906,0.003169709755655469,0.006307882376107044,0.8220192801823598,0.10579287027172504,false
134358,GNSS_AIDED,3.05,3389,9.995906,0.0036375381766655954,0.0072388845433138385,1.1463033821656718,0.47695411612683697,false
134484,GNSS_AIDED,3.05,3606,9.995906,0.0357698772372491,-0.05637540389516686,0.6811559343157785,0.47734499621506,false
134625,GNSS_AIDED,3.05,3810,9.995906,0.02571718730893822,-0.020447287760295228,0.4762605267083352,0.09580563801195317,false
134685,GNSS_AIDED,3.05,3810,9.995906,0.027163279999764776,0.04505442722290976,1.0375650032320194,0.24707940918169696,false
134760,GNSS_AIDED,3.05,3810,9.995906,0.043456683142649735,0.07870429080104423,0.9355541730232168,0.19361199882909358,false
134899,GNSS_AIDED,3.05,4010,9.995906,0.022840987253242285,0.04157801666333012,0.6627170417176793,0.2226399305993783,false
134969,GNSS_AIDED,3.05,4010,9.995906,0.04430979442338472,-0.01245630312710349,0.45969922798487156,0.2341569374805881,false
135107,GNSS_AIDED,3.05,4211,9.995906,0.013622089519973936,0.02681141566927462,0.34974817636953714,0.18267348644010767,false
135180,GNSS_AIDED,3.05,4211,9.995906,0.026277298305905486,0.05307617732986774,0.6364906244860188,0.2217693034268076,false
135319,GNSS_AIDED,3.05,4413,9.995906,0.05004630399541333,0.03686841626572041,0.6452143124986476,0.10168585343826739,false
135401,GNSS_AIDED,3.05,4413,9.995906,0.006783710764474045,0.01458018119212848,0.7669593998785059,0.12334353490087192,false
135464,GNSS_AIDED,3.05,4616,9.995906,-0.020749664876085417,-0.04521500488727706,1.863390657012509,0.1500682822912634,false
135599,GNSS_AIDED,3.05,4616,9.995906,-0.007910574981756562,-0.016948916483853486,1.973524040364553,0.16962500384222406,false
135668,GNSS_AIDED,3.05,4816,9.995906,6.382391900909895E-4,0.001408409499964954,0.3986993318000369,0.24633107700710632,false
135816,GNSS_AIDED,3.05,5028,9.995906,0.05558257460244832,4.0924697490644034E-4,0.5610095815577743,0.3162831485437005,false
135879,GNSS_AIDED,3.05,5028,9.995906,0.026045289328875627,0.05915780178776512,1.3312862912817456,0.36860539421153515,false
136023,TRANSITION,3.05,5230,9.995906,0.07361449331954545,0.13435122014519982,1.9571826038467686,0.2682802078002499,false
136090,TRANSITION,3.05,5230,9.995906,0.13972053113941113,0.3219369600485155,3.7127120008625902,0.1883198993559677,false
136160,TRANSITION,3.05,5230,9.995906,0.18037056253991096,0.4761621876153977,2.7203909897730334,0.2618460836302002,false
136300,TRANSITION,3.05,5435,9.995906,0.27135974759633574,0.6792361740214388,3.0027657085642625,0.12420246984881554,false
136370,TRANSITION,3.05,5435,9.995906,0.3890632615676018,0.5044668966065793,2.4733588253685763,0.7144461873498027,false
136517,TRANSITION,3.05,5637,9.995906,0.2634035431520885,0.6566615244630318,1.4919006602532527,1.014121735940146,false
136580,TRANSITION,3.05,5637,9.995906,0.24255767055812325,0.9194236291079133,2.6304525309674998,1.2482005875216802,false
136722,TRANSITION,3.05,5839,9.995906,0.3523265800904616,1.0526603839831612,2.9662173732869066,0.6664928304401764,false
136791,TRANSITION,3.05,5839,9.995906,0.14252144860362265,1.5094832035417838,5.270347279947766,1.5005763389209505,false
136865,TRANSITION,3.05,6047,9.995906,-0.0451718203427057,1.9064241230926737,4.763705985597778,0.710609964299103,false
137003,TRANSITION,3.05,6047,9.995906,0.05952456195239336,1.9385886488821118,1.1096040852102378,0.7410743559597532,false
137101,DEAD_RECKONING,3.05,6259,9.995906,0.08247957596821182,2.088898555761105,1.65532012288661,0.7869874164227043,false
137212,DEAD_RECKONING,3.05,6259,9.995906,0.08741662619476961,2.2701829053006337,2.2200599605353597,0.7579098799601028,false
137282,DEAD_RECKONING,3.05,6461,9.995906,0.8707686361808828,1.9929844431001646,0.6794494292935492,0.7525474898498095,false
137425,DEAD_RECKONING,3.05,6461,9.995906,0.9012740756044864,2.0999502152538225,1.3315638944379753,0.2184818404963737,false
137494,DEAD_RECKONING,3.05,6673,9.995906,0.9293235489811357,2.196215731179173,1.230431051699067,0.154116214858247,false
137563,DEAD_RECKONING,3.05,6673,9.995906,0.9464404258399238,2.2703840988858732,0.7846873823527399,0.130382362355193,false
137703,DEAD_RECKONING,3.05,6875,9.995906,0.9774093249165882,2.3388226567684605,1.2282797363908122,0.22017876387271046,false
137773,DEAD_RECKONING,3.05,6875,9.995906,0.9392138880651861,2.428531472695262,1.2237284377842403,0.266068189999743,false
137920,DEAD_RECKONING,3.05,7076,9.995906,1.1035483084824136,2.428333050024173,0.6817687774480826,0.07308097069743844,false
137985,DEAD_RECKONING,3.05,7076,9.995906,1.1136113840060997,2.4869001671806283,1.0894983695390394,0.3191264051701634,false
138124,DEAD_RECKONING,3.05,7283,9.995906,1.2542994882862915,2.515980961490159,1.4077616428498854,0.4476209757723596,false
138198,DEAD_RECKONING,3.05,7283,9.995906,1.36104196481784,2.6352727979118438,1.653272283202463,0.22940144072421215,false
138265,DEAD_RECKONING,3.05,7283,9.995906,1.4087124109006643,2.7275731332973168,1.1307337325194764,0.17888277681039905,false
138405,DEAD_RECKONING,3.05,7494,9.995906,1.448413406440379,2.8345818861678005,1.1712520609776182,0.1389245023387153,false
138478,DEAD_RECKONING,3.05,7494,9.995906,1.6874099136895773,2.781821636059982,1.0302421431535176,0.010723823244786249,false
138621,DEAD_RECKONING,3.05,7706,9.995906,1.7472901351560197,2.8400719973453414,1.0838903293083926,0.22194447719129037,false
138689,DEAD_RECKONING,3.05,7706,9.995906,1.62087133834493,2.9127942222669847,0.7109299705818793,0.32088257863842407,false
138826,DEAD_RECKONING,3.05,7908,9.995906,1.6848035798996466,2.9709887229108856,1.4664380177595084,0.2608033645971796,false
138901,DEAD_RECKONING,3.05,7908,9.995906,1.7363371109382053,3.067615631119006,1.1360748948114852,0.237849624841605,false
138970,DEAD_RECKONING,3.05,8115,9.995906,1.701671269716767,3.1355506362460566,0.5491991009357767,0.20210654668357228,false
139111,DEAD_RECKONING,3.05,8319,9.995906,1.6704923840301291,3.18295605429587,0.5612120269416921,0.8786560963686286,false
139178,DEAD_RECKONING,3.05,8319,9.995906,1.8354951876518204,3.242720003799508,1.7506994795390565,1.2522383194099092,false
139332,DEAD_RECKONING,3.05,8522,9.995906,1.9057395206105472,3.224209501449849,0.8086237413714338,0.9187130164991992,false
139391,DEAD_RECKONING,3.05,8522,9.995906,1.94049162688055,3.2367579391880748,0.7117091062406748,0.7902001462807203,false
139572,DEAD_RECKONING,3.05,8729,9.995906,1.9620699062886304,3.3470227747682646,1.1383751955721533,0.10362145574629007,false
139600,DEAD_RECKONING,3.05,8729,9.995906,1.5635301262560914,3.5802926381737143,0.973090047302244,0.4643941760547386,false
139669,DEAD_RECKONING,3.05,8729,9.995906,1.5505451101200056,3.6311628243078102,0.5767529633342938,0.6321626739428325,false
139809,DEAD_RECKONING,3.05,8931,9.995906,1.4481586924626304,3.8478390415199972,1.909072101204362,0.79702944268459,false
139883,DEAD_RECKONING,3.05,8931,9.995906,1.519605074743935,3.8631710467100873,0.7328773182795308,0.8731520356596947,false
140019,DEAD_RECKONING,3.05,9133,9.995906,1.5330595522906745,3.998497538892751,1.432267664046213,0.29518694501757,false
140089,DEAD_RECKONING,3.05,9133,9.995906,1.5039804641303927,4.125091830997923,1.4926062052913185,0.40144579900320004,false
140233,DEAD_RECKONING,3.05,9335,9.995906,1.7723647429554317,4.242469653922517,2.5906205879104354,0.2140558313889003,false
140300,DEAD_RECKONING,3.05,9335,9.995906,1.7794267268919788,4.397205760983498,1.7591483564520978,0.1506389790728356,false
140372,DEAD_RECKONING,3.05,9537,9.995906,1.797712388694337,4.442392121402601,0.6169074810621833,0.13387552372023964,false
140514,DEAD_RECKONING,3.05,9537,9.995906,1.928144317878518,4.418229941170544,0.5263305592647647,0.27206682087151113,false
140582,DEAD_RECKONING,3.05,9738,9.995906,1.9274656281475533,4.459548654814106,0.5950841512327638,0.1153393109635344,false
140721,DEAD_RECKONING,3.05,9738,9.995906,1.896027974056227,4.5543794660365,0.9572289673739084,0.07607228040607442,false
140795,DEAD_RECKONING,3.05,9965,9.995906,1.9274191491927404,4.6775774305226285,1.2561773090511008,0.12619637169238457,false
140932,DEAD_RECKONING,3.05,9965,9.995906,1.925238760673493,4.785003457892138,1.0716689632508447,0.11775783199892068,false
141002,DEAD_RECKONING,3.05,10173,9.995906,1.9322094793691356,4.899204839067715,1.1605898758994226,0.15616435472096513,false
141072,DEAD_RECKONING,3.05,10173,9.995906,2.034792665416448,5.005115095253208,1.5039338777065532,0.09706232917693496,false
141213,DEAD_RECKONING,3.05,10377,9.995906,2.0387729068364306,5.15794437506203,1.6054218821733612,0.14590354869966074,false
141283,DEAD_RECKONING,3.05,10377,9.995906,2.0854217221542246,5.301755679487312,1.6143691336088042,0.16943071344326446,false
141444,DEAD_RECKONING,3.05,10579,9.995906,2.098217763665446,5.4300159190303185,1.5952400535068083,0.10685566787861876,false
141496,DEAD_RECKONING,3.05,10579,9.995906,1.9029339596871557,5.654085858632008,1.5634985980326772,0.1059790093849371,false
141633,DEAD_RECKONING,3.05,10781,9.995906,1.8688467561178224,5.7709535646749295,1.2216971831804,0.19213160367477758,false
141704,DEAD_RECKONING,3.05,10781,9.995906,1.865781921106387,5.894902666284622,1.3414228776904236,0.10743762476022126,false
141788,DEAD_RECKONING,3.05,10984,9.995906,1.9009481575523675,6.010405208700451,1.2525239321009358,0.13349748266296263,false
141916,DEAD_RECKONING,3.05,10984,9.995906,1.9518040326617507,6.110118871110224,1.342121626003006,0.1762906975110755,false
141984,DEAD_RECKONING,3.05,11187,9.995906,1.9151930426126171,6.234092830425842,1.4387981780889034,0.21083978734031006,false
142127,DEAD_RECKONING,3.05,11187,9.995906,2.0842970288483564,6.291362035844038,1.096708015189064,0.23167912091423049,false
142207,DEAD_RECKONING,3.05,11389,9.995906,2.1731643604024398,6.350246956939901,0.8979065657956758,0.05968945637583051,false
142337,DEAD_RECKONING,3.05,11389,9.995906,2.1669170920784584,6.42518124535482,0.8176922120202584,0.219242787525626,false
142406,DEAD_RECKONING,3.05,11591,9.995906,2.167312915332474,6.559450185416063,1.287250465255837,0.3221276132590782,false
142477,DEAD_RECKONING,3.05,11591,9.995906,2.1833657628945287,6.608034703679416,0.5731353626664686,0.32097137470636056,false
142617,DEAD_RECKONING,3.05,11794,9.995906,2.185853823336696,6.728134990812844,1.4593740633827357,0.33189345579647067,false
142692,DEAD_RECKONING,3.05,11794,9.995906,2.27693947053456,6.853343403887453,1.6328514665619713,0.5228515000152056,false
142827,DEAD_RECKONING,3.05,11996,9.995906,2.2769528075226377,6.952160835185331,1.3782902247624507,0.3358350092386812,false
142898,DEAD_RECKONING,3.05,11996,9.995906,2.335088726217541,6.957697210479116,0.9302589357785324,0.2758008280200333,false
143037,DEAD_RECKONING,3.05,12204,9.995906,2.563027929567802,7.013013762158473,1.4204250374098741,0.123028144284156,false
143108,DEAD_RECKONING,3.05,12204,9.995906,2.66009431510531,7.063268380012664,1.5533962081007884,0.2733442893214529,false
143178,DEAD_RECKONING,3.05,12204,9.995906,2.52433238319633,7.257775829952097,2.044410860622175,0.38245912304223306,false
143318,DEAD_RECKONING,3.05,12411,9.995906,2.477053761513613,7.383652712609594,1.1404578634369547,0.20761663166168348,false
143392,DEAD_RECKONING,3.05,12411,9.995906,2.4246002582309294,7.4869485873171815,1.1425632960096597,0.2186765887251019,false
143528,DEAD_RECKONING,3.05,12612,9.995906,2.5193685534041412,7.546342854289492,1.8449752371393096,0.1528169316223084,false
143600,DEAD_RECKONING,3.05,12612,9.995906,2.474874211639821,7.634342413258347,1.1866173757481921,0.15162357648987784,false
143742,DEAD_RECKONING,3.05,12832,9.995906,2.550739630024514,7.768838884868414,1.5986797456359148,0.06611636549304915,false
143821,DEAD_RECKONING,3.05,12832,9.995906,2.575251156428451,7.800216347469802,0.9617860717207432,0.13747113975739425,false
143880,DEAD_RECKONING,3.05,13054,9.995906,2.8436764086273683,7.840790067626004,2.1764111627975864,0.17257946961740567,false
144022,DEAD_RECKONING,3.05,13054,9.995906,2.9074472450775617,7.9971416299774285,1.6994462646625723,0.33042387811610163,false
144090,DEAD_RECKONING,3.05,13276,9.995906,2.898139067100216,8.113362509797204,1.510007758929078,0.25180923765768115,false
144230,DEAD_RECKONING,3.05,13276,9.995906,2.794566712875231,8.263936909090111,1.658899358042061,0.06278515581326287,false
144315,DEAD_RECKONING,3.05,13481,9.995906,2.7813898136104793,8.361602851744832,0.9745679560708412,0.08084465365658566,false
144440,DEAD_RECKONING,3.05,13481,9.995906,2.723717678352954,8.472725343485575,0.9875333064520518,0.031470524764640295,false
144511,DEAD_RECKONING,3.05,13682,9.995906,2.642522089711978,8.65073851915733,1.5379464269727423,0.08042243319901697,false
144583,DEAD_RECKONING,3.05,13682,9.995906,2.666167834589721,8.728146824209704,0.8135066244212329,0.09277824872161929,false
144722,DEAD_RECKONING,3.05,13885,9.995906,2.822474307470479,8.768842149353143,0.8646874694736435,0.1632951400342894,false
144797,DEAD_RECKONING,3.05,13885,9.995906,2.8960130353326945,8.839029392417425,1.0166055738104893,0.21059552344057383,false
144936,DEAD_RECKONING,3.05,14087,9.995906,2.8825775476925455,8.971707498087634,1.349891433192397,0.06929285694643202,false
145005,DEAD_RECKONING,3.05,14087,9.995906,3.1365403452263445,8.994839131018313,1.070502293686873,0.1778418144366512,false
145144,DEAD_RECKONING,3.05,14289,9.995906,3.1570640579721405,9.067292887242848,0.834448877478156,0.11551928837603587,false
145223,DEAD_RECKONING,3.05,14289,9.995906,3.4636626990462513,9.004978645838701,0.6593248629212726,0.11428818321839071,false
145290,DEAD_RECKONING,3.05,14492,9.995906,3.3479629113593736,9.098757299686769,0.5941887987361061,0.18141530646734116,false
145424,DEAD_RECKONING,3.05,14492,9.995906,3.332883153038411,9.149817898606779,0.598743915213556,0.13866253724729977,false
145493,DEAD_RECKONING,3.05,14694,9.995906,3.4977387723603273,9.159139252793285,0.7263751738931982,0.20496636748594912,false
145654,DEAD_RECKONING,3.05,14694,9.995906,3.6255746409554046,9.146716586094545,0.3852477795254707,0.11016448880568,false
145704,DEAD_RECKONING,3.05,14903,9.995906,3.629041572508249,9.220831510045782,0.7424038002239981,0.07215520021229059,false
145844,DEAD_RECKONING,3.05,14903,9.995906,3.3423092697203862,9.401832566715038,0.9599449754428198,0.05826638260002323,false
145918,DEAD_RECKONING,3.05,15104,9.995906,3.4639211444700786,9.385349879102773,0.3545344897291898,0.0653573225877323,false
145986,DEAD_RECKONING,3.05,15104,9.995906,3.4785238628515716,9.424915335555243,0.46712393834771865,0.07062607216231956,false
146125,DEAD_RECKONING,3.05,15312,9.995906,3.5279231507634266,9.490575402548439,0.7913447548068405,0.12254045972259511,false
146200,DEAD_RECKONING,3.05,15312,9.995906,3.4530153297155524,9.536748189293533,0.2355409962138604,0.07118779811783421,false
146337,DEAD_RECKONING,3.05,15513,9.995906,3.521668497596164,9.58278571590693,0.8246063602365091,0.16051847503765515,false
146407,DEAD_RECKONING,3.05,15513,9.995906,3.5322745416648504,9.618429238748554,0.5513212728362253,0.2210886802488029,false
146547,DEAD_RECKONING,3.05,15715,9.995906,3.5427634165726536,9.655752441598164,0.4104907357641147,0.25197026210461965,false
146618,DEAD_RECKONING,3.05,15715,9.995906,3.5824211598624744,9.683390573109518,0.5091321017703987,0.266419737495844,false
146687,DEAD_RECKONING,3.05,15715,9.995906,3.585481154818708,9.753566069310867,0.8874720925774654,0.13522796231274806,false
146834,DEAD_RECKONING,3.05,15922,9.995906,3.7521897641550743,9.740075122560038,0.7539867275284318,0.019097072162658442,false
146898,DEAD_RECKONING,3.05,15922,9.995906,3.8609332248694543,9.737247223476128,0.6128024607656044,0.04885587001405095,false
147039,DEAD_RECKONING,3.05,16144,9.995906,3.8093097511653307,9.818063472802699,0.6068407225454798,0.11167021720042741,false
147108,DEAD_RECKONING,3.05,16144,9.995906,3.7514779089977637,9.900780602288199,0.7285916302946694,0.17319938039586077,false
147260,DEAD_RECKONING,3.05,16346,9.995906,3.768053596106399,9.936083371252723,0.5249348921238098,0.10280506114040783,false
147318,DEAD_RECKONING,3.05,16346,9.995906,3.8841707262734952,9.89562609987355,0.7305832757795956,0.1504656319787209,false
147398,DEAD_RECKONING,3.05,16549,9.995906,3.963968475636811,9.865574910814827,0.9133084569542314,0.1752523174766429,false
147535,DEAD_RECKONING,3.05,16549,9.995906,3.939086795285447,9.892707910127207,0.7381902093889481,0.17199163263390985,false
147600,DEAD_RECKONING,3.05,16751,9.995906,3.878426651179,9.907986198511002,0.5777627747373142,0.047421297334795894,false
147739,DEAD_RECKONING,3.05,16751,9.995906,3.921448409484822,9.843063634686965,0.6187904377265984,0.12630943687951524,false
147810,DEAD_RECKONING,3.05,16989,9.995906,3.9849831075084903,9.865336824418199,0.9253087869172033,0.24478962102434798,false
147950,DEAD_RECKONING,3.05,16989,9.995906,3.9566203222155867,9.91590626573361,0.612839922964535,0.074073866357533,false
148022,DEAD_RECKONING,3.05,17190,9.995906,3.8270465003264005,9.963747512848066,0.4024436509997309,0.043025737671197405,false
148093,DEAD_RECKONING,3.05,17190,9.995906,3.896290954590102,10.00884021761291,0.8323572989823229,0.05912731097733805,false
148233,DEAD_RECKONING,3.05,17393,9.995906,4.175155871280879,9.906059469984456,0.5840414749104385,0.08096237933662148,false
148302,DEAD_RECKONING,3.05,17393,9.995906,4.2167765332483915,9.931348387795035,0.731812736763099,0.1350217087494801,false
148443,DEAD_RECKONING,3.05,17596,9.995906,4.22370616455975,9.931290966839189,0.652161892064329,0.032140820380069414,false
148512,DEAD_RECKONING,3.05,17596,9.995906,4.067663244594021,9.97019092575663,0.6861439041095657,0.04821432059507057,false
148651,DEAD_RECKONING,3.05,17802,9.995906,3.9358014521006295,10.040598656811008,0.627938005346011,0.1231005782531517,false
148725,DEAD_RECKONING,3.05,17802,9.995906,4.040708342404165,10.019053009370955,0.4527807760363473,0.20516427682151808,false
148795,DEAD_RECKONING,3.05,18005,9.995906,4.035827291361128,10.00133370331528,0.7546045892141792,0.25748737595982507,false
148932,DEAD_RECKONING,3.05,18005,9.995906,4.086053000468858,10.011259743379899,0.4010162352178366,0.1010689171921963,false
149020,DEAD_RECKONING,3.05,18208,9.995906,4.227359569187298,9.930268911268945,0.3012033318773937,0.10035076286102128,false
149144,DEAD_RECKONING,3.05,18208,9.995906,4.240446736728068,9.921329764025428,0.16149652995980848,0.07882794187850871,false
149219,DEAD_RECKONING,3.05,18409,9.995906,4.2744529584709445,9.888070283528055,0.5845247852403579,0.07962620620046629,false
149361,DEAD_RECKONING,3.05,18409,9.995906,4.2918357229818165,9.874023649601622,0.3835541126629868,0.06291348217518733,false
149426,DEAD_RECKONING,3.05,18624,9.995906,4.316566956970522,9.87746223762803,1.0162307021131909,0.11284897013188117,false
149498,DEAD_RECKONING,3.05,18624,9.995906,5.057786952240456,9.5465222005588,0.5882748498664583,0.13617411273636548,false
149638,DEAD_RECKONING,3.05,18828,9.995906,5.068988502355955,9.538257305729333,0.11409706254526875,0.1921816556470568,false
149708,DEAD_RECKONING,3.05,18828,9.995906,5.169772672459074,9.476026438751695,0.3393397755048949,0.12386409757583533,false
149849,DEAD_RECKONING,3.05,19040,9.995906,5.172340542463582,9.518426399412967,1.5130309923375143,0.15810431599861619,false
149923,DEAD_RECKONING,3.05,19040,9.995906,5.334295214327509,9.470750993123694,0.6630713783380079,0.18649888122708527,false
150058,DEAD_RECKONING,3.05,19243,9.995906,5.32139756723955,9.449664374215914,0.4426893042124129,0.18668161048155063,false
150126,DEAD_RECKONING,3.05,19243,9.995906,5.205139382907355,9.539261999533123,1.111258194195983,0.18745229722401,false
150199,DEAD_RECKONING,3.05,19243,9.995906,5.235309890712935,9.557885207719144,0.608680138007026,0.16401108146911003,false
150339,DEAD_RECKONING,3.05,19446,9.995906,5.355495984308202,9.516147757744367,0.3553626608769453,0.16450558598621515,false
150406,DEAD_RECKONING,3.05,19446,9.995906,5.330287452248792,9.524348148116708,0.5178688165251368,0.18362048328765895,false
150549,DEAD_RECKONING,3.05,19656,9.995906,5.364185327759278,9.582333880780432,1.1893609558938845,0.11483582525513923,false
150622,DEAD_RECKONING,3.05,19656,9.995906,5.021342671453663,9.80196970826086,1.8527708697397143,0.09230803925661485,false
150757,DEAD_RECKONING,3.05,19868,9.995906,5.0453701133244415,9.888709280173366,0.9481698984070158,0.232368103607755,false
150827,DEAD_RECKONING,3.05,19868,9.995906,4.6802594150226,10.117906821665885,1.3449080884563436,0.20772554514311578,false
150901,DEAD_RECKONING,3.05,20069,9.995906,4.722871417000274,10.175355871375977,0.9240372285086436,0.22035055462260916,false
151040,DEAD_RECKONING,3.05,20069,9.995906,4.3671309130303255,10.379779328341089,0.8577298506662446,0.08712447385263006,false
151109,DEAD_RECKONING,3.05,20283,9.995906,4.501184717113578,10.338290338102203,0.286620338556978,0.15140439434218228,false
151268,DEAD_RECKONING,3.05,20283,9.995906,4.53859142669919,10.340278666755895,0.3755093958274999,0.1739119565590512,false
151318,DEAD_RECKONING,3.05,20510,9.995906,4.3554285792505025,10.443800011676892,0.9722408118357435,0.3178675094757178,false
151460,DEAD_RECKONING,3.05,20510,9.995906,4.221377090538014,10.539061499526042,0.5235730727960012,0.1955563665647963,false
151533,DEAD_RECKONING,3.05,20716,9.995906,4.257780061725097,10.526548516474788,0.23410216743686624,0.14327697238214349,false
151602,DEAD_RECKONING,3.05,20716,9.995906,4.266551841866022,10.535041067900034,0.17925369178168815,0.28336837544131105,false
151740,DEAD_RECKONING,3.05,20924,9.995906,4.221094808833005,10.588049035594311,0.5632419871654162,0.35583273293424067,false
151810,DEAD_RECKONING,3.05,20924,9.995906,4.231005815064825,10.60372169954839,0.5205081253627531,0.20296533619646817,false
151950,DEAD_RECKONING,3.05,21129,9.995906,4.181344125220521,10.607604610827694,0.5260518471833421,0.21146358938172516,false
152094,DEAD_RECKONING,3.05,21129,9.995906,4.215451202248604,10.619491061470097,0.7039299427464718,0.23654148954142468,false
152161,DEAD_RECKONING,3.05,21330,9.995906,4.206306141636479,10.714495701468621,0.9526780465563546,0.25561644092443797,false
152235,DEAD_RECKONING,3.05,21330,9.995906,4.242695991175049,10.73993256151169,1.3240648121498295,0.2652518356942877,false
152301,DEAD_RECKONING,3.05,21330,9.995906,5.181551147608638,10.266859811248413,1.7045466493348567,0.31217828594463687,false
152443,DEAD_RECKONING,3.05,21542,9.995906,5.026796601331392,10.339406792409388,1.0537994480515664,0.28496762192285713,false
152532,DEAD_RECKONING,3.05,21542,9.995906,5.104636727365387,10.316125263974403,0.5287018306721561,0.27838143358585293,false
152653,DEAD_RECKONING,3.05,21778,9.995906,5.1717123826785,10.358197248064776,2.3299537466617446,0.2976098231787374,false
152722,DEAD_RECKONING,3.05,21778,9.995906,5.179709410531458,10.466134509249422,1.353694650796242,0.1240669011558754,false
152866,DEAD_RECKONING,3.05,21979,9.995906,5.116065750450101,10.546215722569892,0.47460858621980917,0.20019093680848207,false
152942,DEAD_RECKONING,3.05,21979,9.995906,5.198277314411945,10.471347169059323,0.6889329128240338,0.19416354175037803,false
153003,DEAD_RECKONING,3.05,22186,9.995906,5.252209781891593,10.49876437356153,0.5198539912895286,0.21296580448036784,false
153150,DEAD_RECKONING,3.05,22186,9.995906,5.254765857983019,10.559334514615637,0.9030547517431801,0.23178346365589703,false
153218,DEAD_RECKONING,3.05,22390,9.995906,5.2211698328593314,10.609209279326459,0.3742834150744711,0.154459769681633,false
153357,DEAD_RECKONING,3.05,22390,9.995906,5.274915906787606,10.543015090944095,0.7587185664987144,0.12527448683861248,false
153424,DEAD_RECKONING,3.05,22593,9.995906,5.302733755440162,10.558594275778262,0.6657505763296974,0.10372053242960855,false
153565,DEAD_RECKONING,3.05,22593,9.995906,5.63813922520154,10.354788454781119,0.9898094610322526,0.16958893918920714,false
153638,DEAD_RECKONING,3.05,22811,9.995906,5.707724744109952,10.219768755537684,1.176081394752945,0.20648769029018796,false
153706,DEAD_RECKONING,3.05,22811,9.995906,5.738324581689692,10.274558234365422,0.83706115502037,0.2897061878214604,false
153848,DEAD_RECKONING,3.05,23014,9.995906,5.800081376612641,10.327058582561985,1.9525031329051545,0.36910009293642637,false
153918,DEAD_RECKONING,3.05,23014,9.995906,5.891328303945632,10.311239759322524,0.9042770700671752,0.41157180124922815,false
154066,DEAD_RECKONING,3.05,23217,9.995906,5.849761404348902,10.399927068521386,0.6437180067044473,0.352466256882664,false
154118,DEAD_RECKONING,3.05,23217,9.995906,5.814523106317345,10.438733079638846,1.2055551904800352,0.328989951059455,false
154266,DEAD_RECKONING,3.05,23422,9.995906,5.841756498398867,10.41921015185717,0.4065212678584601,0.04009934994488455,false
154337,DEAD_RECKONING,3.05,23422,9.995906,5.485485794146768,10.585164880152277,0.21648225019592066,0.024625830458375204,false
154407,DEAD_RECKONING,3.05,23422,9.995906,5.494145968410495,10.601876138901725,0.5230694565549671,0.03731601892581814,false
154547,DEAD_RECKONING,3.05,23634,9.995906,5.525615933214349,10.64613200554519,0.8396330408980622,0.2110866345173235,false
154617,DEAD_RECKONING,3.05,23634,9.995906,5.483166110349342,10.716337648790308,0.4992690966788989,0.295953212540602,false
154761,DEAD_RECKONING,3.05,23846,9.995906,5.490394602528065,10.777148480494722,0.6175870668889369,0.0967426345691371,false
154830,DEAD_RECKONING,3.05,23846,9.995906,5.506266168129397,10.93720660447117,1.6862186726751056,0.08993206864285141,false
154968,DEAD_RECKONING,3.05,24047,9.995906,5.50249123539627,11.068474267221921,1.3279107211988799,0.1418941440965232,false
155039,DEAD_RECKONING,3.05,24249,9.995906,5.97270351077497,10.978314969773724,1.6978476679169179,0.2141483143645191,false
155110,DEAD_RECKONING,3.05,24249,9.995906,6.039640062607211,11.132684092486068,1.8390891266018363,0.29477196682837564,false
155287,DEAD_RECKONING,3.05,24458,9.995906,6.240504735898203,11.216931679894069,1.8053573343806673,0.14246613252361884,false
155319,DEAD_RECKONING,3.05,24458,9.995906,6.306023612049575,11.348144264543526,1.894626211987317,0.2851976894170525,false
155468,DEAD_RECKONING,3.05,24659,9.995906,6.2948144503404695,11.473520117149187,1.3712042490729763,0.294823536243133,false
155530,DEAD_RECKONING,3.05,24659,9.995906,6.314314148441174,11.560650842202739,0.8985052487185446,0.3077079269546554,false
155670,DEAD_RECKONING,3.05,24864,9.995906,6.329778451569972,11.618856493737841,0.6421299845153835,0.20015475395070514,false
155747,DEAD_RECKONING,3.05,24864,9.995906,6.204986284938018,11.731848931947962,0.8717811747564517,0.15437919187379784,false
155811,DEAD_RECKONING,3.05,24864,9.995906,6.213271341596352,11.747513597209856,0.742781095688671,0.1572436602894146,false
155951,DEAD_RECKONING,3.05,25065,9.995906,6.224838382961322,11.805911401212937,0.6250059995057122,0.1733802030775697,false
156026,DEAD_RECKONING,3.05,25065,9.995906,6.658413457583844,11.73588788050942,1.5368907098166318,0.19624327496859842,false
156161,DEAD_RECKONING,3.05,25271,9.995906,6.699891652622592,11.924118551445765,2.017633384063207,0.3266133502874083,false
156231,DEAD_RECKONING,3.05,25271,9.995906,6.757534679339628,12.114627780022929,1.9860147420016439,0.5366589191398358,false
156372,DEAD_RECKONING,3.05,25473,9.995906,6.7363789926716695,12.330567740915987,2.193719572655451,0.29377490885307256,false
156442,DEAD_RECKONING,3.05,25473,9.995906,6.767658929532402,12.579844597499687,2.886392179752145,0.09168483421261016,false
156515,DEAD_RECKONING,3.05,25687,9.995906,6.795336806481154,12.86635401363321,2.931900212454492,0.06232260341480904,false
156675,DEAD_RECKONING,3.05,25687,9.995906,6.813290874508493,13.178846378348984,3.1239322008631882,0.17487328299358856,false
156723,DEAD_RECKONING,3.05,25907,9.995906,6.80757276183072,13.397885249535603,2.2189667137834803,0.24123648866968248,false
156863,DEAD_RECKONING,3.05,25907,9.995906,6.837979398068276,13.653624431354416,2.5687031405942564,0.0799903799958361,false
156933,DEAD_RECKONING,3.05,26109,9.995906,7.6026661012320895,13.544573472808597,3.2072935416281907,0.3024561795318396,false
157078,DEAD_RECKONING,3.05,26109,9.995906,7.938387322666572,13.674548849637063,3.2914712565811373,0.44378065740480466,false
157143,DEAD_RECKONING,3.05,26314,9.995906,7.973073407752426,14.014601445504274,3.419419210650002,0.5218301494196372,false
157216,DEAD_RECKONING,3.05,26314,9.995906,7.886044397881483,14.472299975169609,4.528288984389075,0.5579197664697306,false
157356,DEAD_RECKONING,3.05,26522,9.995906,7.74788059159194,14.781810935853924,3.5472802378139443,0.26112644751911696,false
157424,DEAD_RECKONING,3.05,26522,9.995906,7.965787058745962,14.885268652918096,2.610288495614953,0.19992484002376884,false
157565,DEAD_RECKONING,3.05,26723,9.995906,7.999744362897322,15.047609424132188,1.8376825075539032,0.3400896205471961,false
157637,DEAD_RECKONING,3.05,26723,9.995906,8.555443936854171,14.84547287889019,1.2031456385044876,0.5170154169905813,false
157777,DEAD_RECKONING,3.05,26925,9.995906,8.629958806849999,15.090169727889565,3.1149290990144616,0.606253249796314,false
157845,DEAD_RECKONING,3.05,26925,9.995906,8.67218084906692,15.510528350075385,4.279108245733709,0.6529346210236108,false
157932,DEAD_RECKONING,3.05,27127,9.995906,8.01569093973216,16.002207553958694,1.961007680414539,0.14022444957313576,false
158057,DEAD_RECKONING,3.05,27127,9.995906,8.025905968184976,16.202757373597194,2.225817061758587,0.3261220355844283,false
158127,DEAD_RECKONING,3.05,27336,9.995906,7.985503153725373,16.373031500564725,2.215757016648736,0.4868680246082855,false
158274,DEAD_RECKONING,3.05,27336,9.995906,8.416204761960122,16.26038339448506,1.2600228276429786,0.19438282671544893,false
158349,DEAD_RECKONING,3.05,27537,9.995906,8.419640016340328,16.413218554961865,1.7376703125542787,0.23817942795209823,false
158489,DEAD_RECKONING,3.05,27537,9.995906,8.431096668709355,16.57215357219417,1.836270577333937,0.3008521389850714,false
158550,DEAD_RECKONING,3.05,27738,9.995906,9.233480280318476,16.371781386493012,2.275182959369971,0.2802825199322699,false
158620,DEAD_RECKONING,3.05,27738,9.995906,9.22135733878016,16.668958925270065,3.1114477197706583,0.31939058518329655,false
158758,DEAD_RECKONING,3.05,27939,9.995906,9.239682466646016,16.875278585821285,2.985266140985241,0.20225054267237594,false
158828,DEAD_RECKONING,3.05,27939,9.995906,9.305806811589001,17.010123736290115,2.2294641242412934,0.21887493822301504,false
158969,DEAD_RECKONING,3.05,28141,9.995906,12.002821644455311,15.145215346487774,2.569520288538562,0.24347122976136398,false
159040,DEAD_RECKONING,3.05,28141,9.995906,12.00449590703134,15.484589724296997,3.502654620084463,0.11575452934555337,false
159185,DEAD_RECKONING,3.05,28343,9.995906,12.092817441433194,15.677089125127974,2.827885234924273,0.5136149916134819,false
159252,DEAD_RECKONING,3.05,28343,9.995906,12.053452066489054,15.961495650572015,2.948634248725916,0.6927798211083719,false
159320,DEAD_RECKONING,3.05,28343,9.995906,11.24484289654586,16.86272595947881,3.9162539819758777,0.4935902111402854,false
159460,DEAD_RECKONING,3.05,28554,9.995906,11.279781921915577,17.13019957278898,3.390480405881342,0.5633382004427998,false
159532,DEAD_RECKONING,3.05,28554,9.995906,10.52097353731829,17.618372028040135,1.1581940952324143,0.6123847407576777,false
159671,DEAD_RECKONING,3.05,28755,9.995906,10.577823688486742,17.607847757294387,1.0218971201938,0.618451954005905,false
159740,DEAD_RECKONING,3.05,28755,9.995906,10.512027528134809,17.824445934702037,2.344875880599983,0.6235943225247543,false
159883,DEAD_RECKONING,3.05,28977,9.995906,10.577863081226766,17.80263290595921,0.7629412705960452,0.42610161192569146,false
159952,DEAD_RECKONING,3.05,28977,9.995906,9.43692423579668,18.441529602315967,1.4351285870955321,0.2408393110821423,false
160022,DEAD_RECKONING,3.05,29182,9.995906,9.521852104961908,18.60749467463595,2.0387839056465675,0.2693484926719737,false
160164,DEAD_RECKONING,3.05,29182,9.995906,9.561276720957078,18.68434063657025,1.2778209566665926,0.38600475292912284,false
160232,DEAD_RECKONING,3.05,29383,9.995906,10.795967412372564,18.013356147945977,0.8536148839373439,0.48142072912995515,false
160374,DEAD_RECKONING,3.05,29584,9.995906,10.76746076013782,18.15056353832123,1.1779216381684452,0.38168105069616864,false
160446,DEAD_RECKONING,3.05,29584,9.995906,10.910249208636083,18.199422872002994,1.365905980931599,0.163922106554327,false
160589,DEAD_RECKONING,3.05,29786,9.995906,11.024087126877458,18.264072107537707,1.4066845017063418,0.1500393429620085,false
160654,DEAD_RECKONING,3.05,29786,9.995906,11.00624429653742,18.406904870633767,1.4369960891726563,0.26223518005486796,false
160723,DEAD_RECKONING,3.05,29786,9.995906,11.98498662557048,17.946759157388332,1.8761530060343432,0.3141164254729717,false
160865,DEAD_RECKONING,3.05,29989,9.995906,11.996046959930013,18.124879721504904,1.8620208092291621,0.13153753425702583,false
160936,DEAD_RECKONING,3.05,29989,9.995906,11.94624034593024,18.394531763313665,2.769439494028033,0.20317246126361108,false
161078,DEAD_RECKONING,3.05,30198,9.995906,11.950021827925198,18.56210885637436,1.7078558387734601,0.13231813124109193,false
161144,DEAD_RECKONING,3.05,30198,9.995906,11.91787660647324,18.72448856399356,1.6753561785669304,0.10851345238507211,false
161286,DEAD_RECKONING,3.05,30399,9.995906,11.936538924356018,18.884886455952756,1.8854323170514113,0.10934075242942633,false
161361,DEAD_RECKONING,3.05,30399,9.995906,13.434445662885647,17.905030380711636,1.7265936232000763,0.19604760603686547,false
161426,DEAD_RECKONING,3.05,30618,9.995906,13.509099616084516,18.004526953447698,1.9512602383788125,0.14081383257202998,false
161566,DEAD_RECKONING,3.05,30618,9.995906,13.660752533351125,18.013607642906234,1.335421646986534,0.04582227136783176,false
161638,DEAD_RECKONING,3.05,30821,9.995906,13.620857173717532,18.150855205912666,1.4359941612556841,0.09563950779636869,false
161779,DEAD_RECKONING,3.05,30821,9.995906,13.965849816980382,18.0797790022287,2.0515209243181225,0.16159416766418705,false
161846,DEAD_RECKONING,3.05,31031,9.995906,14.099107781603971,18.14829342444768,2.2361324567148015,0.203978332690323,false
161987,DEAD_RECKONING,3.05,31031,9.995906,14.112148038451672,18.378992706562702,2.304743238905762,0.3764696920130379,false
162058,DEAD_RECKONING,3.05,31239,9.995906,14.066801503641024,18.580123586592332,2.241773157921463,0.23816839336526371,false
162127,DEAD_RECKONING,3.05,31239,9.995906,13.502593378929417,19.17966909449074,2.3368029662458176,0.3595212232613487,false
162269,DEAD_RECKONING,3.05,31440,9.995906,13.413850019777307,19.390417833883784,2.546224001401756,0.4896565793783094,false
162341,DEAD_RECKONING,3.05,31440,9.995906,12.602716828017895,19.943147168069412,0.471919783903764,0.6786280476266258,false
162479,DEAD_RECKONING,3.05,31642,9.995906,12.679650582413442,19.96209840616337,0.8610662774548228,0.45588990153544007,false
162548,DEAD_RECKONING,3.05,31642,9.995906,12.66875663376903,19.96221592693802,0.9137264482186356,0.4268780765713191,false
162692,DEAD_RECKONING,3.05,31843,9.995906,14.943366774804266,18.127795245027787,0.613404923448005,0.9476203322877754,false
162760,DEAD_RECKONING,3.05,31843,9.995906,14.88429206080608,18.371580130759174,2.5420393377157935,1.5515222340514312,false
162829,DEAD_RECKONING,3.05,31843,9.995906,15.840418694774813,17.676622201584525,3.2944870111082176,1.3317053664859255,false
162974,DEAD_RECKONING,3.05,32045,9.995906,15.814526032191877,18.077536726957618,4.189841915956539,1.240843002132734,false
163052,DEAD_RECKONING,3.05,32246,9.995906,14.626375791322369,19.4025569214793,3.9689284416601684,1.0984109991224522,false
163179,DEAD_RECKONING,3.05,32246,9.995906,14.661860959987168,19.812976067946344,4.1885789418996655,0.4662091453341506,false
163249,DEAD_RECKONING,3.05,32449,9.995906,15.841068278926985,19.07296535125523,2.4271095105200735,0.4784022254273955,false
163396,DEAD_RECKONING,3.05,32449,9.995906,15.790585461876388,19.146873322882197,0.9002818662141021,0.2691953113661389,false
163460,DEAD_RECKONING,3.05,32650,9.995906,15.766128164243998,19.189408773373398,0.49684778936889396,0.37150762074940114,false
163531,DEAD_RECKONING,3.05,32650,9.995906,13.947938748278165,20.52999421507077,1.7993701670931752,0.2654381911039892,false
163670,DEAD_RECKONING,3.05,32851,9.995906,13.904965456277004,20.661956174866877,1.4017297170840435,0.15464649232791416,false
163741,DEAD_RECKONING,3.05,32851,9.995906,13.875298630921028,20.78974447019038,1.4818560870424067,0.25408126491869454,false
163882,DEAD_RECKONING,3.05,33053,9.995906,13.842973518351505,20.91991411259009,1.509741466364194,0.2543547541190837,false
163952,DEAD_RECKONING,3.05,33053,9.995906,13.904311440095418,20.996109601480576,0.976733527924825,0.37206712530039027,false
164092,DEAD_RECKONING,3.05,33254,9.995906,11.346264794019097,22.342935881012718,1.0246222451047569,0.4764588914800166,false
164162,DEAD_RECKONING,3.05,33254,9.995906,11.427496195840938,22.36136983571812,0.7565383864165047,0.368567945927642,false
164234,DEAD_RECKONING,3.05,33254,9.995906,11.295502259720772,22.538431577220557,1.1884233205570012,0.3301040131661263,false
164375,DEAD_RECKONING,3.05,33455,9.995906,11.343110827726719,22.661272700777786,1.3302595425810964,0.25048476343196435,false
164442,DEAD_RECKONING,3.05,33455,9.995906,11.801640065890213,22.49487221494903,0.9605860780399801,0.1979694277680088,false
164586,DEAD_RECKONING,3.05,33656,9.995906,11.847865329491366,22.481844238276693,0.3877036303056373,0.24845397453152243,false
164664,DEAD_RECKONING,3.05,33856,9.995906,12.003158514723484,22.471760616665012,0.862927907020806,0.11747961858102879,false
164795,DEAD_RECKONING,3.05,33856,9.995906,12.247358335386465,22.424221837339775,1.232367786913722,0.20986493101169815,false
164864,DEAD_RECKONING,3.05,34057,9.995906,12.226221699996193,22.547090655203487,1.3534339829713709,0.26338502948535586,false
164936,DEAD_RECKONING,3.05,34057,9.995906,11.781505009030234,22.869280198419986,1.3062903226446227,0.5069174988350121,false
165077,DEAD_RECKONING,3.05,34257,9.995906,11.350742055921753,23.18149144148937,1.082339501788041,0.25342606835949105,false
165146,DEAD_RECKONING,3.05,34257,9.995906,11.45930360490969,23.209433807973607,1.263217868451539,0.40604202967186853,false
165291,DEAD_RECKONING,3.05,34458,9.995906,11.407409204463645,23.343904260843665,1.7558965000351188,0.693410089706783,false
165360,DEAD_RECKONING,3.05,34458,9.995906,11.419119743423693,23.491769173538376,1.4812106234183116,0.8803631617690548,false
165438,DEAD_RECKONING,3.05,34458,9.995906,11.433645759344337,23.560098598577422,0.9320617722392986,0.40693294228024,false
165557,DEAD_RECKONING,3.05,34667,9.995906,11.363416211241072,23.615322812388882,0.9835159812294492,0.8399495179682165,false
165659,DEAD_RECKONING,3.05,34867,9.995906,14.976322666090576,21.086418110472366,0.4965106106733607,0.23630502264639022,false
165737,DEAD_RECKONING,3.05,34867,9.995906,14.8230274660768,21.21638159284672,0.7499094296625272,0.3057139393296586,false
165837,DEAD_RECKONING,3.05,34867,9.995906,14.807512094993099,21.22918182714079,0.7214099573658356,0.15263684814373749,false
165937,DEAD_RECKONING,3.05,35068,9.995906,14.545771149092403,21.425095327817193,0.5507456953180933,0.16996696723069468,false
166037,DEAD_RECKONING,3.05,35068,9.995906,14.62937379703767,21.41470662381052,0.6064376058977755,0.3245941273783997,false
166137,DEAD_RECKONING,3.05,35280,9.995906,14.606625464578146,21.434118068077456,0.46820541624819845,0.1412299064808837,false
166237,DEAD_RECKONING,3.05,35280,9.995906,13.804316590365422,21.90171846241089,0.43815191089751215,0.19730388260201556,false
166341,DEAD_RECKONING,3.05,35480,9.995906,13.772566300888062,21.886832046826495,0.3857125056915092,0.2984437305003435,false
166439,DEAD_RECKONING,3.05,35480,9.995906,13.132518095696385,22.346997669584784,1.3232357286359018,0.11296319700290956,false
166538,DEAD_RECKONING,3.05,35681,9.995906,13.126879938524917,22.41137234942293,0.8611784757030864,0.0768605713099769,false
166638,DEAD_RECKONING,3.05,35681,9.995906,13.1282451161462,22.386236010565458,0.7061684576489841,0.20237852555306543,false
166738,DEAD_RECKONING,41.976,464,,13.103354885437634,22.466372339155352,0.9638057494733664,0.16300665134118233,false
166839,DEAD_RECKONING,41.976,464,,11.87053936589614,23.144180328531444,0.9829883273064399,0.07855729866459008,false
166939,DEAD_RECKONING,41.976,665,,11.924804251443367,23.200594078682702,1.042657750522024,0.24232851839225072,false
167039,DEAD_RECKONING,41.976,665,,11.892823339892708,23.249843663209276,0.6771793839975365,0.16763823121104635,false
167151,DEAD_RECKONING,41.976,865,,10.84858219303187,23.803770510242767,1.1398401429763325,0.2642410855761898,false
167240,DEAD_RECKONING,41.976,865,,10.860241053692185,23.82935217968408,0.8198602938442608,0.3393506446934952,false
167340,DEAD_RECKONING,41.976,1066,,10.824977297939057,23.86061275727919,0.2513485877096157,0.21876498067383776,false
167446,DEAD_RECKONING,41.976,1066,,10.731501297277273,23.885971651692454,0.4448217242924354,0.26782322084586774,false
167545,DEAD_RECKONING,41.976,1268,,10.747851135625272,23.92236281118373,0.6445356674195803,0.09020627972017618,false
167645,DEAD_RECKONING,41.976,1268,,10.515072848495485,24.01083261566834,0.7344667695356846,0.27421116948645874,false
167743,DEAD_RECKONING,41.976,1470,,10.836020769666183,23.840494519574158,0.24710279252648015,0.19824044120082274,false
167845,DEAD_RECKONING,41.976,1470,,10.82407038807233,23.843215231160976,0.9241412883380139,0.05099871042314069,false
167942,DEAD_RECKONING,41.976,1675,,10.808856420214651,23.92728228293292,1.0186962394035117,0.12235008736339366,false
168044,DEAD_RECKONING,41.976,1675,,10.813506446088242,24.04202495351761,1.1929447328145206,0.1475693568299272,false
168144,DEAD_RECKONING,41.976,1875,,9.554446503102612,24.579491197427416,1.225671036504283,0.20813148942997933,false
168246,DEAD_RECKONING,41.976,1875,,9.789997989922234,24.459853931759135,0.962412943710768,0.19686948324981593,false
168343,DEAD_RECKONING,41.976,2077,,9.734952335524554,24.491612272068043,0.10673663167627456,0.2751392116839451,false
168443,DEAD_RECKONING,41.976,2077,,9.998075799064184,24.42596550970125,1.0456576926568673,0.1708307063701269,false
168544,DEAD_RECKONING,41.976,2278,,10.26119549858359,24.36968387231435,0.8476045785320087,0.14355114705945232,false
168644,DEAD_RECKONING,41.976,2278,,10.044401682347207,24.470269804752668,0.5586499168801431,0.03292777180091276,false
168744,DEAD_RECKONING,41.976,2478,,10.00467466628805,24.48208643564446,0.4510351019296574,0.07477468516161115,false
168844,DEAD_RECKONING,41.976,2478,,10.837417262172423,24.147940819200315,0.5396584234977335,0.08972061754597288,false
168945,DEAD_RECKONING,41.976,2679,,10.693559712588906,24.22694939699234,0.9142079092155273,0.12001252823448377,false
169044,DEAD_RECKONING,41.976,2679,,10.667212082606271,24.23281255049949,0.291381065547112,0.1410269166339332,false
169149,DEAD_RECKONING,41.976,2879,,10.630160172332948,24.218742568765567,0.4581243917671253,0.22370991695870843,false
169246,DEAD_RECKONING,41.976,2879,,9.309034978085291,24.75600435099999,0.8374651988488768,0.2499780036971285,false
169346,DEAD_RECKONING,41.976,3081,,9.333689284722476,24.767878064234225,0.7159565450949006,0.046249543427529585,false
169446,DEAD_RECKONING,41.976,3081,,9.032438426091437,24.866448191803794,0.7872001003786491,0.1428374086555236,false
169548,DEAD_RECKONING,41.976,3284,,8.920183574919495,24.964084766960124,2.033950268096709,0.3244892211243664,false
169646,DEAD_RECKONING,41.976,3284,,9.684213352917293,24.74300406800083,1.225284183354269,0.1570756291693477,false
169748,DEAD_RECKONING,41.976,3486,,9.565342404289458,24.859736546728097,0.7333728245150426,0.23077448099349676,false
169847,DEAD_RECKONING,41.976,3486,,9.872735251641,24.80268750514231,0.6961096634683395,0.11467641996344512,false
169967,DEAD_RECKONING,41.976,3687,,10.144762551312944,24.721732812913025,1.4832160949400042,0.20752200247003688,false
170048,DEAD_RECKONING,41.976,3687,,10.116264895489337,24.6522869851273,1.0252601105159567,0.22517594119028367,false
170149,DEAD_RECKONING,41.976,3888,,10.075838367784323,24.657668908533616,0.694096978618708,0.12268167379619963,false
170250,DEAD_RECKONING,41.976,3888,,10.406089957698626,24.499796390279137,1.5032131823979218,0.19780229556132006,false
170348,DEAD_RECKONING,41.976,4089,,10.335270949726427,24.57789076152238,1.3427928392009267,0.2009447305724643,false
170448,DEAD_RECKONING,41.976,4089,,10.295317634175017,24.624980711928586,0.633398452019551,0.14212101199655944,false
170553,DEAD_RECKONING,41.976,4290,,9.402075891577896,24.966892121077894,0.4280775935090605,0.19431980933461485,false
170655,DEAD_RECKONING,41.976,4290,,9.229607216279119,25.088393387997062,1.2786920712493397,0.3908026652076799,false
170754,DEAD_RECKONING,41.976,4491,,8.861885138918886,25.157966963216683,0.7075635720192007,0.1697109579880402,false
170853,DEAD_RECKONING,41.976,4491,,8.655210639939781,25.211637722960337,0.6521866175152303,0.06624317939625493,false
170954,DEAD_RECKONING,41.976,4692,,8.301853187997336,25.313650883436683,0.5471836861112228,0.1389871605322907,false
171052,DEAD_RECKONING,41.976,4692,,8.338479040118326,25.33865335876025,0.7418912280318033,0.30084841477630203,false
171150,DEAD_RECKONING,41.976,4893,,8.323561016054992,25.337345450859157,0.350448139858306,0.10973989916599178,false
171250,DEAD_RECKONING,41.976,4893,,8.303865119240449,25.312517831079752,0.6441939511675927,0.11494287202073948,false
171351,DEAD_RECKONING,41.976,5095,,10.058143457242737,24.572798357040735,0.3910400973302976,0.06700252447420912,false
171451,DEAD_RECKONING,41.976,5095,,10.175697494097284,24.493726232835456,0.4227060227612777,0.1109795306293879,false
171552,DEAD_RECKONING,41.976,5306,,10.137678953974097,24.441778597457592,0.7038052610055286,0.176171243592689,false
171652,DEAD_RECKONING,41.976,5306,,10.144775388681127,24.401580035674577,0.5810514612206077,0.22674084232308983,false
171753,DEAD_RECKONING,41.976,5508,,11.667471182189926,23.62788738995382,1.1734821857014734,0.15718178177161968,false
171853,DEAD_RECKONING,41.976,5508,,11.508931325807675,23.659942391872185,1.2792496547842083,0.3786971717994422,false
171954,DEAD_RECKONING,41.976,5715,,11.519142126038423,23.619944503609727,0.6270308925876563,0.15635778006426995,false
172053,DEAD_RECKONING,41.976,5715,,11.674434831013063,23.543020687817528,0.734004460206793,0.062140091979956416,false
172153,DEAD_RECKONING,41.976,5915,,11.618491237145449,23.567501029116304,1.2605473458812422,0.11628267091891935,false
172253,DEAD_RECKONING,41.976,5915,,11.360265435395304,23.68377876451991,1.9180399601030942,0.17506272635299505,false
172353,DEAD_RECKONING,41.976,6116,,11.702237621595549,23.569784588106266,1.017470747587654,0.17369058834787926,false
172457,DEAD_RECKONING,41.976,6116,,11.6110728492553,23.65039754199745,1.1117076147927971,0.05374552929681146,false
172558,DEAD_RECKONING,41.976,6317,,11.377307207508892,23.756233355513466,1.3657148000679318,0.2647120739288245,false
172656,DEAD_RECKONING,41.976,6317,,11.286735720611071,23.793150019613126,0.2096549973327542,0.19611803501023745,false
172757,DEAD_RECKONING,41.976,6520,,11.598553223829397,23.633612951464,1.2968164054233087,0.28984710497679433,false
172857,DEAD_RECKONING,41.976,6520,,11.89052980975324,23.470014964605006,0.5744212046875473,0.08174838957763036,false
172964,DEAD_RECKONING,14.725,137,9.235661,11.2329846479137,23.696571902399267,0.9801867070218827,0.35024511188107144,false
173057,DEAD_RECKONING,14.725,137,9.235661,11.227681554118663,23.685384747127706,0.6898656666597763,0.38420887845895907,false
173157,DEAD_RECKONING,14.725,336,9.235661,11.108851226076853,23.689669378446595,0.7671862782199834,0.1726279094049322,false
173257,DEAD_RECKONING,14.725,336,9.235661,11.024948743989478,23.75272090207283,0.9596060911848692,0.2826890084827845,false
173364,DEAD_RECKONING,14.725,540,9.235661,11.01657497059597,23.777746467538645,1.1762823008222443,0.20965706223099245,false
173458,DEAD_RECKONING,14.725,540,9.235661,11.01915359502087,23.77239471607501,0.2195352946146078,0.07321244972640295,false
173557,DEAD_RECKONING,14.725,741,9.235661,11.199848476274173,23.705267190225143,0.9972843082555238,0.38965549790531706,false
173657,DEAD_RECKONING,14.725,741,9.235661,11.11053642209237,23.695549917275144,0.90466728250914,0.15541933708932712,false
173762,DEAD_RECKONING,14.725,942,9.235661,11.115294611285245,23.71267655186978,0.8568505300239067,0.2560727175255864,false
173857,DEAD_RECKONING,14.725,942,9.235661,10.965415026633874,23.76577077040744,0.4373187672207434,0.14515481449170772,false
173958,DEAD_RECKONING,12.116,143,9.939801,10.952020445005786,23.735710867060945,0.3586950839572766,0.10832383709540401,false
174069,DEAD_RECKONING,12.116,143,9.939801,11.725589316079882,23.319836694058893,0.3560063599549622,0.1841793145267171,false
174158,DEAD_RECKONING,12.116,344,9.939801,11.730760154653568,23.33012045105048,0.9695897192695798,0.058280698425498385,false
174261,DEAD_RECKONING,12.116,344,9.939801,11.699757610212604,23.3081597424049,0.7512723930628681,0.32437264573334335,false
174361,DEAD_RECKONING,12.116,545,9.939801,11.850947438046365,23.16777088706377,0.569123813331496,0.10175543827599916,false
174459,DEAD_RECKONING,12.116,545,9.939801,11.992779788683386,23.095665052445995,0.8524262980771695,0.13962854796020882,false
174559,DEAD_RECKONING,12.116,746,9.939801,12.369578378784631,23.00194880008053,1.438396794996735,0.195938866049497,false
174661,DEAD_RECKONING,12.116,746,9.939801,12.196531170738119,23.105374182704573,0.5119567987654943,0.13808318411965662,false
174760,DEAD_RECKONING,12.116,948,9.939801,12.141020568677408,23.204926719846775,1.207532208110889,0.14756689318871946,false
174861,DEAD_RECKONING,12.116,948,9.939801,12.107098541248005,23.30360343161704,1.0758890596616117,0.40846545834891956,false
174978,REACQUISITION,10.687,143,10.2218685,11.555791464952485,23.67792562884301,1.0983383057375466,0.17562137101784586,false
175061,REACQUISITION,10.687,143,10.2218685,11.588069317080691,23.744063252083134,1.0632705567722491,0.20285160862684293,false
175167,REACQUISITION,10.687,344,10.2218685,11.57604240352543,23.817893405035807,0.8987832818741183,0.2038665781180757,false
175263,REACQUISITION,10.687,344,10.2218685,10.767918542698458,24.32149258260816,2.0045305073812396,0.20316409786210976,false
175365,REACQUISITION,10.687,545,10.2218685,10.944179122418058,24.254358451372884,1.8726022072348356,0.7181309280956335,false
175463,REACQUISITION,10.687,545,10.2218685,10.96816384132851,24.32979047208317,1.7046197550571227,0.35305870064944445,false
175576,REACQUISITION,10.687,746,10.2218685,10.72899672745327,24.448479029864327,1.9035575421855375,0.40778369740339954,false
175662,REACQUISITION,10.687,746,10.2218685,10.727351946148536,24.444731018539596,0.8404914563074432,0.23512757363921044,false
175782,REACQUISITION,10.687,947,10.2218685,10.672947737874317,24.388454520530278,1.6508977755618712,0.6041777962466097,false
175863,REACQUISITION,10.687,947,10.2218685,10.658820810392267,24.356173473450077,0.9895467918995208,0.09251003787985715,false
175983,GNSS_AIDED,9.77,140,9.933624,-0.008159143281184039,-0.05856682599549519,0.6601555720525218,0.13250022429153263,false
176063,GNSS_AIDED,9.77,140,9.933624,-0.02778475151456798,-0.05815524684358091,1.5163494608116128,0.12823380078253893,false
176164,GNSS_AIDED,9.77,341,9.933624,0.007827903577012263,0.016131684217218133,0.18218301220728894,0.12775330329997162,false
176264,GNSS_AIDED,9.77,341,9.933624,0.03946003255876145,0.017366985706011414,1.07089025558685,0.1892593582862392,false
176366,GNSS_AIDED,9.77,542,9.933624,0.029539531552856317,0.055701241366867583,1.8124012096873077,0.1761781279938952,false
176466,GNSS_AIDED,9.77,542,9.933624,-0.010716586144520824,-0.01984313987214655,1.5724227866601312,0.35096055166098383,false
176568,GNSS_AIDED,9.77,743,9.933624,-0.023933621204805695,-0.043749574038852775,0.7650550729473139,0.22650664543046825,false
176668,GNSS_AIDED,9.77,743,9.933624,-0.03001662179050099,0.023440911662605854,0.6253253722942942,0.11065007353655575,false
176769,GNSS_AIDED,9.77,944,9.933624,-0.0010262532747811184,-0.001981150993659882,0.4762023802685388,0.037491481704984425,false
176867,GNSS_AIDED,9.77,944,9.933624,-0.01639771466975522,0.053684801389458296,0.9225899575594452,0.24716340627325792,false
177012,GNSS_AIDED,6.56,159,9.553245,0.012479684554803942,0.026201039077730574,0.31361074744756906,0.05869537950028634,false
177072,GNSS_AIDED,6.56,159,9.553245,0.04769890998269371,0.0993030607963972,1.3017890914489991,0.23196986483445448,false
177178,GNSS_AIDED,6.56,361,9.553245,0.039715308079173804,0.0828011530676098,1.059231035355399,0.05096179025592722,false
177270,GNSS_AIDED,6.56,361,9.553245,0.023366329915276852,0.04875420907783228,0.560455305330965,0.19130045674037718,false
177390,GNSS_AIDED,6.56,561,9.553245,0.04814137198817112,0.09620488238276564,1.339383465365323,0.2091820521835185,false
177468,GNSS_AIDED,6.56,561,9.553245,6.688540965249845E-4,0.0013366264198541725,1.1696349079431274,0.09914849790760973,false
177579,GNSS_AIDED,6.56,761,9.553245,0.03246926255042943,0.06747437059043797,1.2285896660844229,0.5042730318596044,false
177670,GNSS_AIDED,6.56,761,9.553245,0.0515288754300152,0.10708214981702363,1.878989688320597,0.4822957037559487,false
177779,GNSS_AIDED,6.56,962,9.553245,0.014020844968621186,-0.004660711535291812,0.14736392530395642,0.80835766529182,false
177871,GNSS_AIDED,6.56,962,9.553245,-0.035614187316865616,-0.05936737451662746,0.9353606697276119,0.4326767640452178,false
177980,GNSS_AIDED,6.416,168,9.288162,-0.12275213162584177,0.12760267476959153,1.821774851800454,0.7572344931493783,false
178069,GNSS_AIDED,6.416,168,9.288162,0.04192689331924366,0.07683495547394403,1.7124731082004043,0.502865380270822,false
178177,GNSS_AIDED,6.416,368,9.288162,0.09688413342212474,0.16987916325627903,2.64825632537607,0.44283194437023476,false
178269,GNSS_AIDED,6.416,368,9.288162,0.12340120893076319,0.21637489419071462,3.2226875331133047,0.25248653363805507,false
178377,GNSS_AIDED,6.416,568,9.288162,-0.027358486471625598,0.26324585983586757,2.6751170665999076,0.17810740036601105,false
178472,GNSS_AIDED,6.416,568,9.288162,0.12178479692403797,0.19361248777801487,2.9811842706180522,0.16005118328012738,false
178576,GNSS_AIDED,6.416,770,9.288162,-0.00364101683031267,0.2920915935950884,3.0899151512292606,0.16221488479111845,false
178671,GNSS_AIDED,6.416,770,9.288162,0.010340618345577741,0.28488476177767946,2.881359689543603,0.30203242809628367,false
178787,GNSS_AIDED,6.416,974,9.288162,0.06223281424489225,0.25495816310617264,2.61764387100467,0.2897114615761267,false
178871,GNSS_AIDED,6.416,974,9.288162,0.14376219524890563,0.1690211186893899,2.8332421328512307,0.11991409226696945,false
178971,GNSS_AIDED,6.05,178,9.058597,0.12765622059222087,0.1465570335107115,2.652343611426624,0.1535163635590073,false
179071,GNSS_AIDED,6.05,178,9.058597,-0.00889597945025696,0.14505464485687414,1.45837992040937,0.23992807164477997,false
179172,GNSS_AIDED,6.05,379,9.058597,0.0038430067052334788,0.05753438845083256,0.5982788182028229,0.18394868936378822,false
179272,GNSS_AIDED,6.05,379,9.058597,-0.018385890234333138,0.029252077454875635,0.8726516374181921,0.2511209476908181,false
179372,GNSS_AIDED,6.05,580,9.058597,-0.007793965255144097,0.035884483030416116,0.7676987281025941,0.2317339900717413,false
179472,GNSS_AIDED,6.05,580,9.058597,0.014607283871043243,-0.03236882827091606,0.6285008433050571,0.19325598995280122,false
179572,GNSS_AIDED,6.05,780,9.058597,-0.001087303349188247,0.04187236578202728,0.8589980856165814,0.24933470090256013,false
179678,GNSS_AIDED,6.05,780,9.058597,-0.02894410421455876,0.05813694312047558,0.7811398308232296,0.1052957285555406,false
179773,GNSS_AIDED,6.05,982,9.058597,0.019371369861312035,-0.023139487430134612,0.30314766675979865,0.22268681459344436,false
179874,GNSS_AIDED,6.05,982,9.058597,0.040797406742851525,-0.03259979782213385,0.521100369487137,0.1648791600073406,false
179991,GNSS_AIDED,5.75,183,8.671525,0.008121510069905493,0.01843989681710221,0.7665346924365846,0.26897007852742,false
180082,GNSS_AIDED,5.75,183,8.671525,-0.0030731666871874432,-0.007099535970403698,0.6625409661361925,0.2446911596000819,false
180190,GNSS_AIDED,5.75,385,8.671525,-0.003362961516272122,-0.007293661695671175,0.24664194343243118,0.20249467312709535,false
180286,GNSS_AIDED,5.75,385,8.671525,-0.030407476602235424,0.009657641843012732,0.33866599863039026,0.15695633195598935,false
180389,GNSS_AIDED,5.75,585,8.671525,-0.018557150415811335,-0.008419747581153575,0.7278776806954755,0.14974380161284198,false
180480,GNSS_AIDED,5.75,585,8.671525,-0.0015369024706627704,-0.0043818831328782115,0.729947523635801,0.10834191945774051,false
180592,GNSS_AIDED,5.75,787,8.671525,0.012067280889186583,0.035334434418428,0.6143046570845523,0.178113562028047,false
180681,GNSS_AIDED,5.75,787,8.671525,-0.005668864534730995,-0.016358249640465842,0.3950590699762328,0.06833006954372423,false
180779,GNSS_AIDED,5.75,990,8.671525,0.0023538904932854745,0.006792458715422503,0.39961711936386574,0.08665287725397511,false
180878,GNSS_AIDED,5.75,990,8.671525,0.01684232537588886,0.04864004725273726,0.8784409447649082,0.147139993852416,false
180977,GNSS_AIDED,5.75,990,8.671525,-0.0011591186277191594,-0.0034258721546787246,0.5211646263017874,0.05880972524270681,false
181077,GNSS_AIDED,5.516,191,8.391002,0.04734017962062257,-0.040472500213529716,0.6578680119794295,0.022119240226685266,false
181179,GNSS_AIDED,5.516,191,8.391002,0.013221146988967808,0.04197757508809981,0.5534717637476463,0.14270969722504342,false
181278,GNSS_AIDED,5.516,392,8.391002,-0.004510524576645804,-0.013878193591097848,0.3229376881832347,0.07858323554933509,false
181377,GNSS_AIDED,5.516,392,8.391002,7.852487865435875E-4,0.00248047083531924,0.103703198018471,0.07408568999832514,false
181479,GNSS_AIDED,5.516,593,8.391002,0.01853691326809327,0.06173562743354273,0.909006365008294,0.27868377676743106,false
181578,GNSS_AIDED,5.516,593,8.391002,0.007574647203736192,0.025974115511192372,0.565799291968157,0.07910803818498388,false
181686,GNSS_AIDED,5.516,793,8.391002,-0.05550836117305645,0.02847683240235977,0.9507676029267239,0.12612311301085846,false
181780,GNSS_AIDED,5.516,793,8.391002,0.019277294557261314,0.07525803115419395,1.1284635267135024,0.20595685611124329,false
181880,GNSS_AIDED,5.516,995,8.391002,0.015618597756156209,0.06269257745781867,0.6522019310054757,0.09552425059476972,false
181980,GNSS_AIDED,5.516,995,8.391002,0.009921913337276848,0.021725379055077675,0.2943226550426562,0.042750182122092514,false
182079,GNSS_AIDED,5.183,192,8.311734,-0.002033659505133243,-0.009071478944809775,0.2813612147237721,0.05887964889011832,false
182179,GNSS_AIDED,5.183,192,8.311734,0.007544083386776838,0.0319378688422548,0.49014799394554315,0.06653807091841575,false
182280,GNSS_AIDED,5.183,393,8.311734,0.007656068191476209,0.03213485712640654,0.5965436761302019,0.07047008042467777,false
182381,GNSS_AIDED,5.183,393,8.311734,-0.011585490130475582,0.013726104154854363,0.18211460253422027,0.08493197478721419,false
182482,GNSS_AIDED,5.183,592,8.311734,-9.199623488321681E-4,-0.0033925973177534445,0.08181816258644886,0.026464327390491402,false
182582,GNSS_AIDED,5.183,592,8.311734,0.006807356314596552,0.026621936801516376,0.5553103469555853,0.04215036436497469,false
182683,GNSS_AIDED,5.183,794,8.311734,0.01522477020443858,0.05620062538870966,0.680958073056272,0.07624577776905023,false
182783,GNSS_AIDED,5.183,794,8.311734,-0.0037313825917060666,-0.013070405598687534,0.24333218109576174,0.07498023387799771,false
182883,GNSS_AIDED,5.183,995,8.311734,-0.004966926013619127,-0.01717015374081818,0.7866428394254832,0.07737804668035755,false
182982,GNSS_AIDED,5.183,995,8.311734,0.03004823813841159,0.03568727445373006,0.466528005765759,0.1142995750869478,false
183082,GNSS_AIDED,4.816,220,7.927237,-0.0012411716454865452,0.034936794018260726,0.45795884779817586,0.03909200819158888,false
183183,GNSS_AIDED,4.816,220,7.927237,0.020525469562770193,0.060728835448603254,0.678924332405764,0.03709668679801471,false
183283,GNSS_AIDED,4.816,421,7.927237,0.031237547088280387,0.09201730654906327,0.9707794329727456,0.09636897243632109,false
183387,GNSS_AIDED,4.816,421,7.927237,0.018651086370245366,0.05429243932022383,0.8115116035490316,0.07953121783722297,false
183485,GNSS_AIDED,4.816,628,7.927237,0.013322924901804504,0.03939443721513699,0.4331801559430578,0.0530326073182294,false
183585,GNSS_AIDED,4.816,628,7.927237,0.014153308978634116,0.043087855889942184,0.6685780674295345,0.061988829617063236,false
183684,GNSS_AIDED,4.816,850,7.927237,0.009311431732245785,0.02831329771760874,0.8427863874525771,0.11594318271884534,false
183785,GNSS_AIDED,4.816,850,7.927237,0.012891080584365317,0.038441680647115804,0.5136742854376526,0.03507009877547234,false
183886,GNSS_AIDED,4.816,1052,7.927237,0.018136670223542827,0.05516728304924908,0.6157378357826421,0.05918807375773505,false
183987,GNSS_AIDED,4.816,1052,7.927237,0.03127358916172632,0.09286031481929655,1.0611906235832946,0.10464138358707295,false
184085,GNSS_AIDED,4.066,253,8.067756,0.030588622940942143,0.09036805956457268,0.9664068800797309,0.10083915725922499,false
184188,GNSS_AIDED,4.066,253,8.067756,0.03073082251436375,0.09070327235608622,0.9882458226322346,0.17969825526487476,false
184289,GNSS_AIDED,4.066,454,8.067756,0.04012131156526366,0.10995235310357339,1.3033285558894794,0.2411883693275143,false
184389,GNSS_AIDED,4.066,454,8.067756,0.036536407860383084,0.10012793354639715,1.0673361051232726,0.13326982278574268,false
184487,GNSS_AIDED,4.066,655,8.067756,0.039166131722538945,0.10556689044313952,1.1797947245283393,0.04675755183790053,false
184588,GNSS_AIDED,4.066,655,8.067756,0.024469021149873142,0.14997227511683375,1.6051084266834028,0.06407326858551216,false
184687,GNSS_AIDED,4.066,856,8.067756,0.0408112034145769,0.1724781701627841,1.801049163975878,0.061972131787878526,false
184786,GNSS_AIDED,4.066,856,8.067756,0.0327910514944171,0.17677434612540477,1.7937029204977992,0.1379456901655033,false
184892,GNSS_AIDED,4.066,1058,8.067756,-0.007876327148569433,0.16484678910992182,1.6485437333933648,0.1563257776123111,false
184989,GNSS_AIDED,4.066,1058,8.067756,0.07402698629812009,0.17384150587633118,1.9343042901272551,0.12774461577516918,false
185087,GNSS_AIDED,4.066,1258,8.067756,0.08026602463893016,0.1837660427332996,2.229855744411872,0.0985673186068391,false
185190,GNSS_AIDED,4.066,1258,8.067756,0.04180718489020259,0.22698440926703675,2.473488793726646,0.13539351210283668,false
185287,GNSS_AIDED,4.066,1458,8.067756,0.09079627692911278,0.1920068398396036,2.3372380206679386,0.13173089941684607,false
185390,GNSS_AIDED,4.066,1458,8.067756,0.0023919946514985384,0.2335442498773362,2.3294773806589197,0.036860898022570365,false
185490,GNSS_AIDED,4.066,1659,8.067756,0.1246900689232935,0.24190158030638312,2.9521621347826907,0.018187161357405193,false
185591,GNSS_AIDED,4.066,1659,8.067756,0.05425684258829527,0.30519580141810204,3.118416106796794,0.02277912857732057,false
185689,GNSS_AIDED,4.066,1859,8.067756,0.10933683528546921,0.23156431245981848,2.751525300429321,0.11481351512970438,false
185792,GNSS_AIDED,4.066,1859,8.067756,0.11255133511444305,0.24373552417870276,2.807044365863559,0.05145510034601171,false
185892,GNSS_AIDED,4.066,2059,8.067756,0.12529569126810672,0.26428822123994716,3.0547515505009404,0.021709350957168423,false
185992,GNSS_AIDED,4.066,2059,8.067756,0.046557475497568626,0.31607871405732757,3.2702003403502755,0.04953044597189808,false
186094,GNSS_AIDED,3.657,259,8.065183,0.12381629584612036,0.2455694499735041,3.0818592772650133,0.06096957556304043,false
186191,GNSS_AIDED,3.657,259,8.065183,0.13722609932108706,0.2705910402912663,3.2614851181590954,0.09161520766841529,false
186290,GNSS_AIDED,3.657,461,8.065183,0.12563689119482147,0.256641170518941,3.076648209692899,0.18440493708918723,false
186390,GNSS_AIDED,3.657,461,8.065183,0.012649381190159178,0.32205885348593916,3.2944666740731856,0.10005967053845746,false
186491,GNSS_AIDED,3.657,662,8.065183,0.12647366426234052,0.25250219243622674,3.0815152764048324,0.13751155378553023,false
186593,GNSS_AIDED,3.657,662,8.065183,0.10877342850002265,0.22054885388882486,2.6351345225021694,0.09893940395889389,false
186692,GNSS_AIDED,3.657,863,8.065183,0.03587688508584185,0.19788947157785253,2.0453999640601657,0.12780667056682576,false
186794,GNSS_AIDED,3.657,863,8.065183,0.08768545074937432,0.18351411127562273,2.2764400013584534,0.07219073492961553,false
186893,GNSS_AIDED,3.657,1064,8.065183,0.06765365913181524,0.14552108306073594,1.6456833529182482,0.0733641289329866,false
186993,GNSS_AIDED,3.657,1064,8.065183,0.04739859437966792,0.10433810044926302,1.2786403426700332,0.06273010499466039,false
187093,GNSS_AIDED,3.385,265,8.000842,0.039366116150824804,0.08931718179567055,1.0019833657903339,0.1002543175998857,false
187196,GNSS_AIDED,3.385,265,8.000842,0.04813884722465408,0.11147044073715495,1.3151764040175267,0.029449490161793636,false
187294,GNSS_AIDED,3.385,466,8.000842,0.06119669472880601,0.14107220742644294,1.8270323025381812,0.1408505022967274,false
187392,GNSS_AIDED,3.385,466,8.000842,0.05433750083250022,0.12625669778138524,1.4610066054583182,0.10214019348041271,false
187493,GNSS_AIDED,3.385,666,8.000842,0.01854627943191156,0.04479729504452215,0.5410500877716325,0.048864238429191034,false
187596,GNSS_AIDED,3.385,666,8.000842,0.0050955346481191075,0.012538795696950369,0.4922290761147778,0.3145169511519069,false
187698,GNSS_AIDED,3.385,866,8.000842,-0.004026153391528031,0.08531809910151461,0.8639520856510831,0.24601716879463023,false
187798,GNSS_AIDED,3.385,866,8.000842,-0.005516566228598383,-0.013876491933913949,0.4118121019729036,0.05074296775241025,false
187897,GNSS_AIDED,3.385,1067,8.000842,0.008505156888061015,0.021979188867150733,0.26609118434383344,0.05040566783946295,false
187999,GNSS_AIDED,3.385,1067,8.000842,0.003785626436731535,0.009862400577121781,0.588961953635258,0.08960478283835117,false
188099,GNSS_AIDED,3.183,267,7.7326717,0.02834026168737959,0.07384032806579324,0.9149914095498881,0.15550188306522003,false
188208,GNSS_AIDED,3.183,267,7.7326717,0.02446307580323695,0.06477845161946755,0.7686126032843617,0.2083412631530125,false
188298,GNSS_AIDED,3.183,469,7.7326717,-0.001459251548069115,-0.0038641116336940893,0.3200895429916541,0.11634508504567802,false
188397,GNSS_AIDED,3.183,469,7.7326717,-0.007279119741262534,0.012199810632630845,0.19252649393562646,0.07094594071121119,false
188497,GNSS_AIDED,3.183,670,7.7326717,0.009854606292143693,0.023326319327524846,0.32273743889285544,0.0816017550351972,false
188599,GNSS_AIDED,3.183,670,7.7326717,0.004305995218557688,0.0023036616098826295,0.12912170572694873,0.07087376493539596,false
188697,GNSS_AIDED,3.183,872,7.7326717,0.023956578847878156,-0.027745551298357155,0.7007859869805688,0.14541540438296074,false
188800,GNSS_AIDED,3.183,872,7.7326717,0.00946103133691986,-0.12778884828666573,1.333461761658346,0.23582011822225932,false
188897,GNSS_AIDED,3.183,1074,7.7326717,-0.012640070640853374,0.04219018551111289,0.8583824940420399,0.22003012650127624,false
188997,GNSS_AIDED,3.183,1074,7.7326717,0.02451081215200666,0.04892603376071124,0.709529176833994,0.15956429290448612,false
189101,GNSS_AIDED,3.12,278,7.3106,-0.012086482647245954,-0.07055397180230416,0.7579935830555419,0.22899709023133652,false
189198,GNSS_AIDED,3.12,278,7.3106,0.02198082799845276,0.041493542675035244,0.6359807986778203,0.17553010215562823,false
189301,GNSS_AIDED,3.12,480,7.3106,0.018387929088842712,0.03497855691604372,0.7707529808565887,0.29823334774920024,false
189399,GNSS_AIDED,3.12,480,7.3106,-0.03541012267795829,0.025203711748025773,0.46260564180584757,0.07488443061193159,false
189501,GNSS_AIDED,3.12,681,7.3106,0.07744506028966543,-0.036985941807078926,0.9244241051997203,0.3365393918407827,false
189601,GNSS_AIDED,3.12,681,7.3106,0.10065855890778858,-0.1796272939527981,2.094028116097905,0.6139376499820578,false
189699,GNSS_AIDED,3.12,882,7.3106,0.00182383343910132,0.0035639992398084335,1.0710989389006877,0.29909895952817744,false
189801,GNSS_AIDED,3.12,882,7.3106,-0.07975582468506552,0.14955019483772966,1.8058925573039142,0.46087002073825317,false
189905,GNSS_AIDED,3.12,1083,7.3106,-1.0445816085158846E-4,-1.9765603041039376E-4,0.9830457965646686,0.29115788880403926,false
190001,GNSS_AIDED,3.12,1083,7.3106,-0.009263481027258207,-0.017780744918185598,0.41474324729191225,0.156018203162074,false
190104,GNSS_AIDED,3.1,286,6.5215306,0.026144043648227405,0.04955268282150021,0.6354738678919204,0.20860912558990075,false
190206,GNSS_AIDED,3.1,286,6.5215306,0.034894335591869885,0.06680633110152522,1.1671053561174523,0.18645063229591394,false
190304,GNSS_AIDED,3.1,487,6.5215306,0.038337205971320634,-0.03759392129634666,0.7034912108383166,0.19219106460206026,false
190403,GNSS_AIDED,3.1,487,6.5215306,-0.029234094826529406,-0.054188708462265076,1.5511139851427163,0.48303985026033436,false
190501,GNSS_AIDED,3.1,688,6.5215306,-0.00543745505194357,-0.010098169027666675,0.7230792633854781,0.20005083170163912,false
190604,GNSS_AIDED,3.1,688,6.5215306,0.01104641834494404,0.020968577862010822,0.3425587204693302,0.05384596807293424,false
190703,GNSS_AIDED,3.1,889,6.5215306,0.037607378714732825,0.016511250461017063,0.7877677595329995,0.1126651742843784,false
190805,GNSS_AIDED,3.1,889,6.5215306,0.012948781789441094,0.026332672212187783,0.41281212258631284,0.0799194595840082,false
190909,GNSS_AIDED,3.1,1091,6.5215306,0.03987068490889855,0.02130244925457024,0.6383300576323673,0.015018292033247359,false
191004,GNSS_AIDED,3.1,1091,6.5215306,0.036635075886965324,-0.02404974317879907,0.5012884906682782,0.04088611606523492,false
191123,GNSS_AIDED,3.06,292,6.1401215,0.002038586225350677,0.004946246193785616,0.42449838991753325,0.08579611249586724,false
191203,GNSS_AIDED,3.06,292,6.1401215,-0.008140288158147877,-0.01975087873049416,0.34826560997889355,0.0998126909230795,false
191306,GNSS_AIDED,3.06,495,6.1401215,0.05995325175152651,-0.03391571498055166,0.6928734598755852,0.1476010004058764,false
191404,GNSS_AIDED,3.06,495,6.1401215,0.07581251070139194,-0.006078215323494604,0.7773362327457709,0.1402966641739494,false
191513,GNSS_AIDED,3.06,695,6.1401215,0.023188973633532103,-0.04168921661453781,0.681170051716662,0.09733616649940831,false
191606,GNSS_AIDED,3.06,695,6.1401215,0.01274704365456681,0.03011277577669457,0.6489936775781724,0.1040014266328695,false
191711,GNSS_AIDED,3.06,897,6.1401215,0.05844570688294077,-0.02753517104995953,0.6515225854983216,0.0447344428536122,false
191807,GNSS_AIDED,3.06,897,6.1401215,0.022137939012210124,-0.049194161473063346,0.5711478030809792,0.057137810470369574,false
191912,GNSS_AIDED,3.06,1097,6.1401215,0.013697733227069905,0.030754922470475753,0.5740462249708163,0.13263859196701241,false
192007,GNSS_AIDED,3.06,1097,6.1401215,-0.0052693780414095216,-0.011831104493326701,0.191426620921262,0.13060689435504502,false
192112,GNSS_AIDED,3.04,297,6.0618834,0.004425557829853594,0.009716294819855259,0.44030659138489786,0.20144343320456715,false
192207,GNSS_AIDED,3.04,297,6.0618834,-0.011055709557351906,-0.024272766876368278,0.786990295098189,0.05334380027232944,false
192337,GNSS_AIDED,3.04,498,6.0618834,0.010231218403410996,0.02139591114326736,0.5952331373086768,0.11071625093885103,false
192407,GNSS_AIDED,3.04,498,6.0618834,0.010555872353959569,0.022074839771741576,0.7996056312513182,0.11662887376722869,false
192509,GNSS_AIDED,3.04,707,6.0618834,-0.01956605551801483,-0.04138273536132471,0.8041788402533074,0.208365633588356,false
192609,GNSS_AIDED,3.04,707,6.0618834,0.04012526766411073,0.0846368217348224,1.050057382985413,0.13004509606214523,false
192708,GNSS_AIDED,3.04,909,6.0618834,0.0268199258823964,0.05714907256591657,0.9029263876081156,0.2612395089548648,false
192810,GNSS_AIDED,3.04,909,6.0618834,0.022595522110647037,0.049531346963104385,0.6992162692462265,0.07824640735454515,false
192908,GNSS_AIDED,3.04,1111,6.0618834,0.0023756970066701327,-0.042448060851313994,0.4273743720575143,0.06800699402332834,false
193010,GNSS_AIDED,3.04,1111,6.0618834,0.0069443961348125745,0.016552125483596962,0.3838172083516925,0.15847299241751567,false
193108,GNSS_AIDED,3.016,313,6.5266776,0.011969160568270687,0.02878952032701222,0.6207980504436149,0.09592930952173058,false
193208,GNSS_AIDED,3.016,313,6.5266776,-0.033976917228731945,0.027455340215849416,0.4588882018969493,0.036280434275017516,false
193323,GNSS_AIDED,3.016,515,6.5266776,0.0032810681208083493,0.04667459640700286,0.4836700543539729,0.07685118956905654,false
193414,GNSS_AIDED,3.016,515,6.5266776,-0.012704050217965602,-0.03428767483054502,0.8405725519364163,0.0977956407787227,false
193522,GNSS_AIDED,3.016,716,6.5266776,0.005683491494211122,0.014963801219852153,0.17941305118203116,0.13268035213262533,false
193612,GNSS_AIDED,3.016,716,6.5266776,0.0026267728218265494,0.00691590836294168,0.1649782931305512,0.0890743299186464,false
193711,GNSS_AIDED,3.016,917,6.5266776,0.00896603256804525,0.024208832018238344,0.2622196691317483,0.05749030706075345,false
193811,GNSS_AIDED,3.016,917,6.5266776,0.003731226797321661,0.010332109180668578,0.12675288355287392,0.06262217597941402,false
193912,GNSS_AIDED,2.983,119,6.779921,8.086965199295161E-4,0.0023249728794005327,0.10736018468497505,0.035323748733474346,false
194013,GNSS_AIDED,2.983,119,6.779921,0.038040793042258485,0.03937262781791566,0.6893320460117395,0.02246419464047178,false
194112,GNSS_AIDED,2.983,320,6.779921,0.008101906494196991,0.025312587785766276,0.3429749773210389,0.06060406703573237,false
194212,GNSS_AIDED,2.983,320,6.779921,0.005197880949139221,0.015784324103510328,0.735024167436791,0.10740393873210007,false
194313,GNSS_AIDED,2.983,521,6.779921,-0.0067693911694708744,-0.021640874596419297,0.6864766316388702,0.10247610653626611,false
194414,GNSS_AIDED,2.983,521,6.779921,0.013820751649518893,0.043491169009559,0.6723685031836714,0.10397879033909725,false
194515,GNSS_AIDED,2.983,723,6.779921,0.023179903911618872,0.011498828021324124,0.40253808912312694,0.07789112401930884,false
194613,GNSS_AIDED,2.983,723,6.779921,0.008366132681501054,0.02393225390928768,0.30129190552257534,0.13311801721950278,false
194713,GNSS_AIDED,2.983,723,6.779921,0.016722593848556726,-0.032923963304293404,0.6292263562089155,0.0918949405373224,false
194813,GNSS_AIDED,2.983,925,6.779921,0.08321163279347255,0.0033807159681664006,0.8854361885902922,0.10624571372945955,false
194912,GNSS_AIDED,2.983,925,6.779921,0.0647708459933047,0.005961676741558914,0.688454899893972,0.06846194311596972,false
195013,GNSS_AIDED,2.933,129,6.757788,0.055228565351258786,0.03541634552869573,0.7753360358658492,0.08790601217137052,false
195113,GNSS_AIDED,2.933,129,6.757788,0.012847201036119922,0.0447473796874019,0.48565143822362383,0.14494160300797734,false
195214,GNSS_AIDED,2.933,329,6.757788,0.013423004384828326,0.04544738236345833,0.6557220417834615,0.06514975765885,false
195317,GNSS_AIDED,2.933,329,6.757788,0.010196530207248287,0.035016366317132216,0.44523176861128855,0.24424955177900587,false
195418,GNSS_AIDED,2.933,533,6.757788,0.018414143212699616,0.060842584558530845,0.6477735647170403,0.1358529792385967,false
195518,GNSS_AIDED,2.933,533,6.757788,0.03041948675183421,0.1009682309763479,1.1355724486742473,0.167926964160932,false
195620,GNSS_AIDED,2.933,760,6.757788,0.02663463661250529,0.08684658735171019,1.024198684210818,0.02325303251402707,false
195721,GNSS_AIDED,2.933,760,6.757788,0.007769745327755028,0.026253668796124896,0.6133368045995515,0.07829797703721195,false
195819,GNSS_AIDED,2.933,972,6.757788,0.006299521015318705,0.02141609048819745,0.2267056069947483,0.06287646170511194,false
195918,GNSS_AIDED,2.933,972,6.757788,0.03353433345505934,0.0119771759276777,0.527199534549286,0.036113229872507695,false
196018,GNSS_AIDED,2.883,171,6.550355,0.033975562528040314,0.10455600613950043,1.1629053288090383,0.22472658415838742,false
196122,GNSS_AIDED,2.883,171,6.550355,0.017982815310179718,0.05108122025222923,0.6668175286393958,0.08074339126784211,false
196225,GNSS_AIDED,2.883,378,6.550355,-0.012222448834155153,0.026414368281454156,0.30217684306995346,0.12394087106097729,false
196317,GNSS_AIDED,2.883,378,6.550355,-0.00938910065395546,-0.028194165136614508,0.32394164488186206,0.02876291655125767,false
196419,GNSS_AIDED,2.883,579,6.550355,0.006500514736430663,0.01935941639148171,0.5592688947884543,0.1574829795275992,false
196519,GNSS_AIDED,2.883,579,6.550355,0.014789703776230132,0.0461155602527556,0.5895558921389332,0.09106277184179895,false
196618,GNSS_AIDED,2.883,780,6.550355,0.017719924997828988,0.055701276047048526,1.0338849682257976,0.16589287047629242,false
196720,GNSS_AIDED,2.883,780,6.550355,0.0057450127085670565,0.017918773300441667,0.4005555644453462,0.1772706186875618,false
196819,GNSS_AIDED,2.883,982,6.550355,0.007549966958977085,0.023517222750218263,0.3656686331350455,0.0940972558726076,false
196919,GNSS_AIDED,2.883,982,6.550355,0.03247885841725951,-0.010151085427939922,0.5465444812727026,0.18659465589329824,false
197020,GNSS_AIDED,2.816,185,7.019267,-0.007625136626530148,-0.02606802749082444,0.6660770454823787,0.09224248411875068,false
197118,GNSS_AIDED,2.816,185,7.019267,-0.0049065912840751775,-0.005287938336234365,0.27722847388047583,0.16614490549047486,false
197218,GNSS_AIDED,2.816,386,7.019267,-0.06135422529517669,0.040043182950162785,0.7468558068163468,0.09952568290352173,false
197319,GNSS_AIDED,2.816,386,7.019267,0.041687636215414915,0.013678210498809674,0.5231069983912401,0.04371386433868599,false
197422,GNSS_AIDED,2.816,587,7.019267,0.009270481610713454,0.02834534328442171,0.3662034711370067,0.11186578695779278,false
197520,GNSS_AIDED,2.816,587,7.019267,-0.02297400735241482,-0.06865331443752916,1.2135924323792424,0.1377269822626028,false
197620,GNSS_AIDED,2.816,788,7.019267,-0.004057064224587727,-0.012547557026102888,0.511394821093586,0.4447444776375158,false
197722,GNSS_AIDED,2.816,788,7.019267,-0.01641306806413248,-0.04829742939424981,1.731181446244403,0.8812415407997656,false
197824,GNSS_AIDED,2.816,989,7.019267,0.11408921344651786,-0.08960519251680842,1.6349323825679611,0.862480685429925,false
197922,GNSS_AIDED,2.816,989,7.019267,0.09220066190742018,-0.16813674943505125,1.9876469458688804,0.8994702352544935,false
198021,GNSS_AIDED,2.75,190,7.4372215,0.10133793539043386,-0.2297931086641654,2.5103934159498897,0.5402148402530915,false
198174,GNSS_AIDED,2.75,190,7.4372215,0.034213404483270045,-0.0923624463306674,1.098092828489443,0.4140353894459954,false
198222,GNSS_AIDED,2.75,390,7.4372215,0.07615182354833651,0.14585138427677646,2.18597290457006,1.1058673884740364,false
198326,GNSS_AIDED,2.75,390,7.4372215,-0.10129797583010557,0.2684101616570903,2.927766234054331,1.2513740183143023,false
198427,GNSS_AIDED,2.75,595,7.4372215,-0.02764922787665127,0.2307026856149141,2.40726447155362,0.5808358273369258,false
198526,GNSS_AIDED,2.75,595,7.4372215,0.04601078936580955,0.11137286789139962,1.713837744865289,0.3457062115160312,false
198626,GNSS_AIDED,2.75,817,7.4372215,-0.021153281413087165,0.13606876734217355,1.731538913927598,0.14468396605389658,false
198725,GNSS_AIDED,2.75,817,7.4372215,0.04553176080619112,0.09831459657021319,1.2318403210974944,0.05285001649611671,false
198832,GNSS_AIDED,2.75,1018,7.4372215,0.02066604118691774,0.04837839285708971,0.539589535281858,0.12650268100614326,false
198924,GNSS_AIDED,2.75,1018,7.4372215,0.024791965451617527,0.05803701993379379,0.7270774656356789,0.3328544540060744,false
199032,GNSS_AIDED,2.7,218,7.3512626,0.031286261220405176,0.07474383579436254,0.9076389235505373,0.08573861648521443,false
199126,GNSS_AIDED,2.7,218,7.3512626,0.003403940587796826,0.008132118266087817,0.4082562696948717,0.042026746521126,false
199230,GNSS_AIDED,2.7,419,7.3512626,0.021915792490384785,0.055801264192005415,0.6247823906304405,0.07111310401538838,false
199325,GNSS_AIDED,2.7,419,7.3512626,0.037117756374318425,0.09450800059210955,1.2550115259141743,0.31699033055664066,false
199427,GNSS_AIDED,2.7,634,7.3512626,0.041098366715855573,0.10118981173920966,1.2810513976509397,0.19207566360545647,false
199527,GNSS_AIDED,2.7,634,7.3512626,0.02204084464396835,0.05583703638879851,0.623732910425755,0.13853566987653596,false
199647,GNSS_AIDED,2.7,835,7.3512626,0.0077393082291345415,0.01909390261341471,0.26530185481894875,0.15143087710788597,false
199727,GNSS_AIDED,2.7,835,7.3512626,0.005789533960523953,0.014283550201962087,0.4364504514618875,0.03171187112838793,false
199828,GNSS_AIDED,2.7,1036,7.3512626,0.002410554970206814,0.006032934423699906,0.3883365070797232,0.1307879737481739,false
199926,GNSS_AIDED,2.7,1036,7.3512626,0.02436285933585535,0.061422149941757764,0.7880515945796249,0.17498948238471823,false
200042,GNSS_AIDED,2.62,251,7.662155,0.011881079527077698,0.02950489565145676,0.6439659183485568,0.07872666566008804,false
200138,GNSS_AIDED,2.62,251,7.662155,0.011949091196794236,0.030970124648043242,0.5732469926778191,0.03962112380943332,false
200240,GNSS_AIDED,2.62,251,7.662155,0.05838674874522245,0.01835233700079242,0.6170807861757484,0.04690689830738246,false
200338,GNSS_AIDED,2.62,499,7.662155,-0.006000514602833992,0.04790430395585376,0.5445530601624479,0.08096840580913489,false
200437,GNSS_AIDED,2.62,499,7.662155,8.26935328266026E-4,0.06821449355151064,0.6905578889156322,0.1347864493362923,false
200540,GNSS_AIDED,2.62,700,7.662155,0.022543909903859863,0.058418413930195784,0.8444625386577235,0.07209171415958988,false
200637,GNSS_AIDED,2.62,700,7.662155,0.011161643569652163,0.02903504587752996,0.4872026019786554,0.12780771667854135,false
200734,GNSS_AIDED,2.62,901,7.662155,0.025555816799033595,0.06622350110492081,0.7166543161423492,0.2676272847339493,false
200836,GNSS_AIDED,2.62,901,7.662155,0.012412039426897045,0.06786995012872235,0.7374929659091588,0.10162687334513705,false
200936,GNSS_AIDED,2.62,1102,7.662155,0.02631545401482287,0.06032095820896812,0.98073840496386,0.13204405024722657,false
201038,GNSS_AIDED,2.62,1102,7.662155,-0.0015950066604172512,0.014713555141417173,0.2269321605856768,0.0952244092699037,false
201138,GNSS_AIDED,2.616,304,6.900881,0.031415941819629804,0.07591725891204584,0.9625806690110043,0.11317236866891849,false
201237,GNSS_AIDED,2.616,304,6.900881,0.005718100217661523,0.013817904845940119,0.4076999558056167,0.19222795473088536,false
201338,GNSS_AIDED,2.616,505,6.900881,0.0026489972014983594,0.006333915078050974,0.17354390728391536,0.0985040267506227,false
201436,GNSS_AIDED,2.616,505,6.900881,0.00309141330164547,0.007449451600934527,0.46236948176417336,0.1972057917307639,false
201537,GNSS_AIDED,2.616,707,6.900881,0.016980010201419832,0.040258015276770205,0.8463653785539786,0.35463327113222604,false
201633,GNSS_AIDED,2.616,707,6.900881,0.0017041419529993532,0.004063571728930942,0.2961144616211128,0.07318512173038234,false
201732,GNSS_AIDED,2.616,908,6.900881,-0.028984697868004054,-0.06797560298490757,1.5761271533392902,0.22377708168850388,false
201834,GNSS_AIDED,2.616,908,6.900881,0.011274679186785578,-0.01219823469609882,0.7074101612554998,0.2923423039365245,false
201933,GNSS_AIDED,2.616,1108,6.900881,0.004511789403634632,0.009829379118987788,0.604639033984885,0.13398382908309073,false
202032,GNSS_AIDED,2.616,1108,6.900881,-0.09439652471077999,0.142594471574293,1.7158437578366048,0.2518554006925761,false
202133,GNSS_AIDED,2.6,308,7.4037642,0.0844798868258906,0.17552186948073795,2.2999594007486235,0.30555725645000886,false
202234,GNSS_AIDED,2.6,308,7.4037642,0.0045934543337699165,0.009771433974652544,1.444335110000454,0.12321236931472333,false
202333,GNSS_AIDED,2.6,509,7.4037642,0.06087357546516167,0.12630632496834154,1.8663427347145094,0.777826843899016,false
202433,GNSS_AIDED,2.6,509,7.4037642,-0.05899203219985544,-0.1264392975644055,1.6286401851219532,0.7152421477965962,false
202535,GNSS_AIDED,2.6,710,7.4037642,0.009709269108779074,-0.11667412926767645,1.7783018230998946,0.29311487854957086,false
202637,GNSS_AIDED,2.6,710,7.4037642,0.06751424262542129,0.1400093043725029,1.946788369762895,0.15408810214342764,false
202751,GNSS_AIDED,2.6,911,7.4037642,0.009569912921489072,0.019747861630067004,0.7707792869472233,0.31234016387865526,false
202836,GNSS_AIDED,2.6,911,7.4037642,0.05345630959214894,0.11030902932348968,1.291447823590447,0.4790737825709886,false
202937,GNSS_AIDED,2.6,1112,7.4037642,0.08173334703619604,-0.06498131350214273,1.1514571854227567,0.9956098166608901,false
203050,GNSS_AIDED,2.6,1112,7.4037642,0.00698442822377537,0.16561978717603493,1.7404589952534364,0.7547201174469288,false
203148,GNSS_AIDED,2.6,314,7.5051646,-0.050399393721182684,0.311771707185423,3.3743528597913475,1.2115299413302512,false
203246,GNSS_AIDED,2.6,314,7.5051646,-0.025424900888100208,0.3633038919826326,4.255121279534736,0.8453317469218352,false
203347,GNSS_AIDED,2.6,515,7.5051646,-0.06610689115066175,-0.03344138937837566,2.8179536039633044,1.9002838914413696,false
203448,GNSS_AIDED,2.6,515,7.5051646,-0.18832608751050972,0.007122649248807965,2.388645698200593,1.1343513606434503,false
203548,GNSS_AIDED,2.6,716,7.5051646,-0.09949238566361711,0.08581780675763562,3.370180534709077,0.8401295960468858,false
203647,GNSS_AIDED,2.6,716,7.5051646,0.0469404741734973,0.14978033943996627,1.7163922384086026,0.7116264428117456,false
203740,GNSS_AIDED,2.6,917,7.5051646,0.03187059802873821,0.07850231111694445,2.1554045512520843,0.3586754257904817,false
203890,GNSS_AIDED,2.6,917,7.5051646,0.003805260234414921,0.00966706398549269,0.7420497965134802,0.39771580391139133,false
203937,GNSS_AIDED,2.616,117,7.767673,-0.011604792410119216,-0.029481366281439436,1.5672450080518614,0.37153687271058783,false
204037,GNSS_AIDED,2.616,117,7.767673,-0.1080231925667686,-0.003360626695544719,1.0788586798715663,0.6565376661766336,false
204137,GNSS_AIDED,2.616,318,7.767673,0.06753168079971139,0.06456227402835421,1.9432847385722989,0.28784392455353874,false
204238,GNSS_AIDED,2.616,318,7.767673,0.015418532986173504,0.04432611691003648,1.484564994311577,0.3282059172620535,false
204337,GNSS_AIDED,2.616,519,7.767673,0.0020709003764138997,-0.0011481448478307616,1.7681795753848564,0.6314753565816542,false
204439,GNSS_AIDED,2.616,519,7.767673,0.0854583204666152,-0.03664580832810909,1.2076005803059335,0.9421104422691076,false
204538,GNSS_AIDED,2.616,720,7.767673,0.1171755083778503,0.0170879103549128,2.2073725096539802,0.4171636830388888,false
204638,GNSS_AIDED,2.616,720,7.767673,0.025242020349361478,-0.008127457279237648,0.30554357566492024,0.22982240180186886,false
204738,GNSS_AIDED,2.616,923,7.767673,0.15180401185134038,-0.11255914647437856,2.2377868923229682,0.8118675860291772,false
204840,GNSS_AIDED,2.616,923,7.767673,-0.06709526226341037,-0.0016057781621879397,3.4805364919487274,0.6857452293979288,false
204948,GNSS_AIDED,2.633,123,7.917457,0.014441745915920094,0.04749368682504897,1.8174520357389865,0.8262399458471217,false
205040,GNSS_AIDED,2.633,123,7.917457,0.030048445196578243,0.09881848455543969,2.013234355546452,0.5248186238975329,false
205143,GNSS_AIDED,2.633,327,7.917457,0.03227239607988641,0.10828659108317976,1.9522575022082578,0.2564694639834423,false
205239,GNSS_AIDED,2.633,327,7.917457,0.05942408976905566,0.1920523889586752,2.1872398436911795,0.19327186941343183,false
205341,GNSS_AIDED,2.633,528,7.917457,0.1348838669930091,0.07142043445253383,2.118155941256499,1.0458544822159168,false
205442,GNSS_AIDED,2.633,528,7.917457,0.11552953136955091,0.10556201052904048,1.943972549275234,0.6157367915494034,false
205541,GNSS_AIDED,2.633,730,7.917457,-0.08876329773290553,0.17860768044647268,2.0306290775497606,0.21213784808072947,false
205642,GNSS_AIDED,2.633,730,7.917457,-0.06317547354938358,0.12851592836297604,1.6087603705376623,0.08095765631629367,false
205741,GNSS_AIDED,2.633,931,7.917457,0.005390865443181467,0.09601392397221867,1.1488679548947618,0.4420191603270414,false
205844,GNSS_AIDED,2.633,931,7.917457,0.033734082757862154,0.07949016498477982,1.5079472385621822,0.38481672257992716,false
205941,GNSS_AIDED,2.66,132,7.8963537,0.00860424555896255,0.1569294931113119,1.5891062244326701,0.1197644825683866,false
206043,GNSS_AIDED,2.66,132,7.8963537,-0.04462887517704713,0.18120917613786613,1.8996307811358442,0.3909165776193551,false
206148,GNSS_AIDED,2.66,333,7.8963537,0.013194120147448382,0.12574732988806206,1.2862561102031769,0.16227112833710175,false
206249,GNSS_AIDED,2.66,333,7.8963537,0.04493455407582881,0.12240913861300139,1.4095532999076095,0.2260974850948551,false
206349,GNSS_AIDED,2.66,533,7.8963537,0.06174468799628763,0.17226710572203327,1.8257007021036444,0.19388446127210232,false
206443,GNSS_AIDED,2.66,533,7.8963537,0.06205441741687438,0.18370749363968786,2.2442949196796045,0.08415874471891849,false
206544,GNSS_AIDED,2.66,734,7.8963537,0.042400130578009156,0.1201910158687704,1.6355455684626161,0.14190425188305694,false
206645,GNSS_AIDED,2.66,734,7.8963537,0.037615757488455956,0.11149128741242677,1.2156727875840085,0.17332612061015418,false
206757,GNSS_AIDED,2.66,935,7.8963537,6.519542735451094E-4,0.06530014231907713,1.4188909836512515,0.17044063593631842,false
206844,GNSS_AIDED,2.66,935,7.8963537,0.0031067114545570494,0.008179293284478814,0.7356130188552199,0.24709913794883517,false
206956,GNSS_AIDED,2.666,136,7.530386,0.05429981179412799,0.04991485678453826,0.8265589750737282,0.15580918998160356,false
207045,GNSS_AIDED,2.666,136,7.530386,0.038928544188398785,0.04323916748013203,0.9942112029663788,0.2765035959165181,false
207153,GNSS_AIDED,2.666,340,7.530386,0.088958279173414,0.11878997684282225,1.6777755573511453,0.2346276125221516,false
207245,GNSS_AIDED,2.666,340,7.530386,0.06335553687510866,0.17371725888554657,2.004679432018541,0.17498365242425218,false
207353,GNSS_AIDED,2.666,541,7.530386,0.07448346087867859,0.1872877421808534,2.1822665921838005,0.15731585510786786,false
207448,GNSS_AIDED,2.666,541,7.530386,0.09221840422827081,0.23188203812879157,2.5141504700210775,0.1569510735909117,false
207554,GNSS_AIDED,2.666,743,7.530386,0.06511096897601616,0.16652832926617817,2.1026485866906874,0.2147902957819137,false
207646,GNSS_AIDED,2.666,743,7.530386,0.06284393789145108,0.16073015263258855,1.7995184150076653,0.3983681045816784,false
207751,GNSS_AIDED,2.666,945,7.530386,0.05495325418487094,0.13822131168032153,1.4980229869830466,0.21847132697018737,false
207848,GNSS_AIDED,2.666,945,7.530386,0.03424902213776813,0.08712404839223542,1.7009135063303054,0.16770967411729,false
207947,GNSS_AIDED,2.7,145,7.9905477,0.01249068280731435,0.08969025605906553,0.9589269772271708,0.12923290413355415,false
208047,GNSS_AIDED,2.7,145,7.9905477,0.04930576210624938,0.11139710628396504,1.54464526056381,0.04787572416315913,false
208149,GNSS_AIDED,2.7,346,7.9905477,-0.027280586946695048,0.18446571718256535,1.8645493451707469,0.1465632575637566,false
208249,GNSS_AIDED,2.7,346,7.9905477,0.04357266444826832,0.12253651094404006,1.328612915878708,0.2143306223622719,false
208350,GNSS_AIDED,2.7,546,7.9905477,0.08294513128770463,0.11512807728976837,1.4367785711075804,0.1320551370525316,false
208450,GNSS_AIDED,2.7,546,7.9905477,-0.009624087722086016,0.1684514332495864,1.7566196815685127,0.140639982504523,false
208549,GNSS_AIDED,2.7,747,7.9905477,0.05841927908370293,0.1378899000657245,1.6864703912175179,0.09727026146636823,false
208651,GNSS_AIDED,2.7,747,7.9905477,0.07688416770720324,0.13090118077082097,1.553217016608744,0.30734804469302784,false
208749,GNSS_AIDED,2.7,949,7.9905477,0.05078159989973866,0.13925457955141354,1.6896216721734163,0.11000313536752152,false
208851,GNSS_AIDED,2.7,949,7.9905477,0.0023282616099459443,0.15076035855577682,1.5317328016445209,0.037230789690020284,false
208951,GNSS_AIDED,2.7,149,8.128493,0.062210055529228626,0.15421315186670068,1.7677104098267782,0.10105279934284521,false
209050,GNSS_AIDED,2.7,149,8.128493,-0.03414673705988085,0.18214025508379908,1.8781180004021913,0.049199812937502654,false
209164,GNSS_AIDED,2.7,351,8.128493,0.023290050244168973,0.13873374638650374,1.4078327178382652,0.07757075889231967,false
209256,GNSS_AIDED,2.7,351,8.128493,0.03531410589283698,0.09199279033277868,1.0046142810133647,0.041441913999439736,false
209368,GNSS_AIDED,2.7,552,8.128493,0.0321110576263976,0.07889597719936436,1.0924080315743592,0.21430751008478185,false
209452,GNSS_AIDED,2.7,552,8.128493,0.034315257717083714,0.08431163563456483,1.5843769626666695,0.3092639107582371,false
209565,GNSS_AIDED,2.7,754,8.128493,0.05213120696826957,0.026399651479117225,1.1571256407777495,0.13320230507876252,false
209653,GNSS_AIDED,2.7,754,8.128493,0.018244741554235677,0.039424318934517776,0.9683485724839387,0.1274634074761876,false
209766,GNSS_AIDED,2.7,956,8.128493,0.013501054080173902,0.027391047191031016,0.3575047372506552,0.10701365181623776,false
209853,GNSS_AIDED,2.7,956,8.128493,0.015776421557974124,0.03200733104496254,0.6587769810496366,0.13913076468183985,false
209962,GNSS_AIDED,2.716,159,8.953593,0.028926806602939996,0.0026140260944766264,0.3433856514113223,0.13999172159427384,false
210059,GNSS_AIDED,2.716,159,8.953593,0.00559709799457126,0.012631649883989578,0.7049888911506565,0.16411893128525515,false
210164,GNSS_AIDED,2.716,372,8.953593,0.06256749736350213,-0.044279965776057605,0.8964669723989399,0.14324526689090866,false
210253,GNSS_AIDED,2.716,372,8.953593,0.003358514654750887,0.007913176548728026,0.5240166469953144,0.09368153368052473,false
210354,GNSS_AIDED,2.716,372,8.953593,0.006009204378319377,0.014069949143149204,0.5804344612715474,0.16758604827704954,false
210454,GNSS_AIDED,2.716,573,8.953593,0.011108441111856424,0.026487381152161104,0.623929730228649,0.1852706089350386,false
210555,GNSS_AIDED,2.716,573,8.953593,0.04765942039934996,-0.024557204407458098,0.6888691003557269,0.13739444547241284,false
210657,GNSS_AIDED,2.716,774,8.953593,-0.0012495438242560869,-0.0031421828558688423,0.6635540693013608,0.05319354903520367,false
210757,GNSS_AIDED,2.716,774,8.953593,0.026469660828206378,0.0690775856797216,1.2030417907191058,0.13824229394339504,false
210858,GNSS_AIDED,2.716,999,8.953593,0.03116045831969136,0.08315440815250695,1.3449466720261538,0.07393548144247282,false
210960,GNSS_AIDED,2.716,999,8.953593,0.020090210316393034,0.05305717267287997,0.6960219793730356,0.1473495698664211,false
211058,GNSS_AIDED,2.74,206,8.629318,0.04345438052202232,0.1147606985910294,1.2263395807049189,0.15353149893741716,false
211158,GNSS_AIDED,2.74,206,8.629318,0.047104980899046786,0.12919332446070012,1.5816057211053873,0.2670421867347874,false
211258,GNSS_AIDED,2.74,410,8.629318,0.033951767800326445,0.09018683850727346,1.130387755323555,0.13332910061620026,false
211358,GNSS_AIDED,2.74,410,8.629318,0.007854815919985303,0.02178627396273255,0.7979292551437875,0.15683410272214504,false
211458,GNSS_AIDED,2.74,610,8.629318,0.05656397650710156,-0.04804213035763518,0.952826854620747,0.07570381917652844,false
211559,GNSS_AIDED,2.74,610,8.629318,-7.665193964151617E-4,-0.0019729478635731415,0.21735808381109492,0.155950098408352,false
211660,GNSS_AIDED,2.74,811,8.629318,-0.013632776337503103,0.026178137707990125,1.209222687989105,0.28491039023875164,false
211759,GNSS_AIDED,2.74,811,8.629318,-0.004022856486260104,-0.010923311188359163,1.0574484613280921,0.3017202585832395,false
211858,GNSS_AIDED,2.74,1012,8.629318,0.00711287506301764,0.01903799964840923,1.8061856945031136,0.13069778796962034,false
211958,GNSS_AIDED,2.74,1012,8.629318,0.037371503975425775,0.0012584458914588288,1.4954403473906466,0.10031356196134154,false
212059,GNSS_AIDED,2.76,214,8.875356,0.00201811234120889,0.0060102698248835325,1.3643964427330324,0.2390868253816408,false
212158,GNSS_AIDED,2.76,214,8.875356,0.02872902448492576,0.1425946766454579,1.6790550620673215,0.3122086455548726,false
212258,GNSS_AIDED,2.76,414,8.875356,0.04682077719855479,0.11605055378696945,2.7316697089909296,0.862254407764053,false
212358,GNSS_AIDED,2.76,414,8.875356,0.048048704337843556,0.11629174342094917,2.096920679724915,0.5214815299682656,false
212460,GNSS_AIDED,2.76,614,8.875356,-0.003367853174175109,0.1808462495610667,2.0387038904020525,0.984376190027692,false
212560,GNSS_AIDED,2.76,614,8.875356,0.049287688098142095,0.12817268760989495,1.5257702971331815,1.2867224419250736,false
212660,GNSS_AIDED,2.76,815,8.875356,0.20251509427107306,0.13751771989673173,2.4636247004784217,0.5047469527279018,false
212760,GNSS_AIDED,2.76,815,8.875356,0.25169997081812023,0.020955832851213958,2.519407121002791,0.7096846761685872,false
212860,GNSS_AIDED,2.76,1016,8.875356,0.15873926246820308,0.1623602741925657,2.8832687139213045,1.2023031390377927,false
212960,GNSS_AIDED,2.76,1016,8.875356,0.04358101024753257,0.010709783172685023,1.0090106733174211,0.7654494958376626,false
213061,GNSS_AIDED,2.766,220,9.556848,0.04632238650998659,0.0533192112806716,1.2302960298452554,0.27110244903690867,false
213165,GNSS_AIDED,2.766,220,9.556848,0.011577749494804335,0.013477928744882099,2.4954405456560314,0.4061340687946544,false
213264,GNSS_AIDED,2.766,426,9.556848,-0.027106132939159006,-0.03155488279196533,1.0280729008778333,0.5326706713118472,false
213372,GNSS_AIDED,2.766,426,9.556848,0.05856298130947831,0.06487812035096589,2.330140740239233,0.9048371237958118,false
213465,GNSS_AIDED,2.766,626,9.556848,0.27446229550300116,0.3040589369135159,5.694107724631607,1.4991211026760327,false
213562,GNSS_AIDED,2.766,626,9.556848,0.11891054445404864,0.37004106609455756,3.8766547455141227,0.5415408522700849,false
213663,GNSS_AIDED,2.766,827,9.556848,-0.047818840045957704,0.23864220450761106,3.5548918606079187,1.6443156640578547,false
213769,GNSS_AIDED,2.766,827,9.556848,0.006747999829466852,-0.049948529261537145,5.113058337142488,1.4120068521217217,false
213863,GNSS_AIDED,2.766,1028,9.556848,-0.023297686990092915,-0.027875651242762707,2.035651159548969,0.29668272031174775,false
213962,GNSS_AIDED,2.766,1028,9.556848,0.03781064052735183,-0.03598704629285779,0.7159625791895282,0.4458778654006211,false
214064,GNSS_AIDED,2.8,230,9.378754,0.06964808142103984,0.1213374041404182,1.862696532248209,0.36436550334716516,false
214162,GNSS_AIDED,2.8,230,9.378754,0.15400678083189104,0.1405508756757534,2.316133461342175,0.42333869500771043,false
214264,GNSS_AIDED,2.8,430,9.378754,0.07483403275912823,0.20746975177757843,2.365716697550847,0.03585720280672663,false
214364,GNSS_AIDED,2.8,430,9.378754,0.10656043826791949,0.16629088996526095,2.1036313969980744,0.09396745651323056,false
214465,GNSS_AIDED,2.8,631,9.378754,0.08781270366319095,0.19312793834903066,2.179178891705623,0.2514062485208452,false
214564,GNSS_AIDED,2.8,631,9.378754,0.06269542917544296,0.1970118419047542,2.0638955306096003,0.25122611565265257,false
214664,GNSS_AIDED,2.8,831,9.378754,0.11559545636936769,0.08724181065492548,1.9605305206239638,0.20333922046369207,false
214764,GNSS_AIDED,2.8,831,9.378754,0.03614747516436185,0.16254522813174405,1.7071335222958601,0.3045993323397995,false
214865,GNSS_AIDED,2.8,1032,9.378754,0.0410899170100141,0.08048548121363652,1.3595508211348546,0.29317572268578146,false
214965,GNSS_AIDED,2.8,1032,9.378754,0.03613445737225594,0.006307471974278057,0.7203142888860256,0.2319993846966228,false
215065,GNSS_AIDED,2.84,232,9.538833,0.004903974845861419,0.01277529191725691,0.2978401169749185,0.14907672205637346,false
215165,GNSS_AIDED,2.84,232,9.538833,0.05326598050538142,0.042427224865092726,0.8136325850312408,0.5229695200669087,false
215266,GNSS_AIDED,2.84,434,9.538833,0.042862450669551154,-0.013860230636803172,1.1883423287187975,0.2698588323180418,false
215367,GNSS_AIDED,2.84,434,9.538833,0.05234127096115325,0.12482414254867231,1.5463880901736082,0.38816828530755754,false
215467,GNSS_AIDED,2.84,636,9.538833,0.07409545850630263,0.1980170846560484,2.1540343976331626,0.3455039977737705,false
215567,GNSS_AIDED,2.84,636,9.538833,0.0864189612940369,0.22172664647454832,2.6342902877275245,0.31492877340567804,false
215668,GNSS_AIDED,2.84,836,9.538833,0.06792409103107061,0.16802488073729735,2.1647353360896595,0.10856614547277141,false
215767,GNSS_AIDED,2.84,836,9.538833,0.07496040963983537,0.17969851274941342,3.093019140006493,0.13142806852781405,false
215868,GNSS_AIDED,2.84,1037,9.538833,0.09104139196039124,0.21661765974275207,2.7146818050000583,0.18207393685803208,false
215969,GNSS_AIDED,2.84,1037,9.538833,-0.018943255400479805,0.0884335341585313,0.9167084161134108,0.4465115886263391,false
216069,GNSS_AIDED,2.85,239,9.713838,-0.006941034647983068,0.12692727130676615,1.3132525496560126,0.166131951312806,false
216173,GNSS_AIDED,2.85,239,9.713838,0.04498183623958732,0.1087198386706857,1.4242901076852117,0.6403971659428355,false
216270,GNSS_AIDED,2.85,440,9.713838,0.050882867145355726,0.22212375616795307,2.285979978178066,0.3838008180702254,false
216370,GNSS_AIDED,2.85,440,9.713838,0.06982792142407176,0.11342717572052571,1.7084414625490956,1.9341449399510084,false
216470,GNSS_AIDED,2.85,640,9.713838,0.009378350083791063,0.025195620097867823,0.5262855670034668,1.4201880553229798,false
216571,GNSS_AIDED,2.85,640,9.713838,-0.08065443835829421,0.14413224977368913,2.001843779200874,0.9276837944863954,false
216672,GNSS_AIDED,2.85,840,9.713838,0.0458069330116548,0.222758080000081,2.4187238755489173,0.5438928687666029,false
216771,GNSS_AIDED,2.85,840,9.713838,0.07310106887411238,0.24327020269702943,2.542137871963224,0.2684332881604811,false
216870,GNSS_AIDED,2.85,1042,9.713838,0.036792697173433114,0.21324974109236217,2.4349830893941125,1.0537800254371659,false
216973,GNSS_AIDED,2.85,1042,9.713838,-0.09695604979292737,0.2712972057998016,2.8896747140007744,1.6942560625631178,false
217071,GNSS_AIDED,2.866,244,8.667407,-0.05471188967113542,0.2938280776588353,2.986840156051124,0.14038530401931718,false
217172,GNSS_AIDED,2.866,244,8.667407,0.0238639247317032,0.28169694310171844,2.8299405607590176,0.40362038854536897,false
217271,GNSS_AIDED,2.866,445,8.667407,0.006237087379332103,0.20941381406993154,2.1109485157351275,0.2849453824509786,false
217372,GNSS_AIDED,2.866,445,8.667407,0.03624663965826038,0.1901561315992506,1.9379800620186685,0.18708058872043648,false
217471,GNSS_AIDED,2.866,646,8.667407,0.03960176499521026,0.18668046940171934,2.0152675917925946,0.24107177847001768,false
217574,GNSS_AIDED,2.866,646,8.667407,-0.032060032655439524,0.17556990051768215,1.781461260084709,0.22888370425071852,false
217674,GNSS_AIDED,2.866,847,8.667407,0.004813159395465296,0.12155038878911871,1.2568010721831382,0.16996918437217748,false
217774,GNSS_AIDED,2.866,847,8.667407,-0.009892378598929778,0.1099832238347526,1.143770904360807,0.1801543831175273,false
217873,GNSS_AIDED,2.866,1049,8.667407,0.005089948660673192,0.04222344330334064,1.0398904280721228,0.2957188538658308,false
217974,GNSS_AIDED,2.866,1049,8.667407,0.0032743958548414626,0.030148003077762185,0.7287259310955728,0.11218594699970301,false
218073,GNSS_AIDED,2.9,251,7.85672,0.0014189710471848868,0.010196155971888766,0.48326424895103826,0.14151341589772717,false
218173,GNSS_AIDED,2.9,251,7.85672,0.0015754976917821725,0.00943075998168101,0.42239336176548925,0.12962589154256424,false
218277,GNSS_AIDED,2.9,453,7.85672,0.012102191186147384,0.06323008584997418,0.6790863968782753,0.10565392707395241,false
218376,GNSS_AIDED,2.9,453,7.85672,0.015847549538295095,0.08134765494359403,0.8669304135760391,0.21365257838169455,false
218476,GNSS_AIDED,2.9,654,7.85672,0.005396732998895255,0.02612334648740326,0.9135733661039906,0.10726900901899228,false
218578,GNSS_AIDED,2.9,654,7.85672,0.06841163172067596,-0.00975610048885324,0.745024877042531,0.16968765897984472,false
218678,GNSS_AIDED,2.9,855,7.85672,0.01140705429022641,-0.011271827476992536,0.1601714374396699,0.08582103315040994,false
218779,GNSS_AIDED,2.9,855,7.85672,-0.014089494484290858,-0.018038677717652708,0.6451866170274382,0.10634514778810587,false
218878,GNSS_AIDED,2.9,1057,7.85672,0.008427312519662613,0.02447469732655088,0.9096653275892019,0.06925869371385814,false
218979,GNSS_AIDED,2.9,1057,7.85672,0.017114622792858556,0.03441052341047032,0.44513307049178696,0.15671385247590514,false
219077,GNSS_AIDED,2.9,259,7.143315,0.019341285095989917,0.058939203955912164,0.6279289877146327,0.06377870307860008,false
219180,GNSS_AIDED,2.9,259,7.143315,-0.03439159591621442,0.09565086242064216,1.0252265378270402,0.1804479815085258,false
219280,GNSS_AIDED,2.9,461,7.143315,-0.009951922843088372,0.041558668876197455,0.4408317061202121,0.13071816079369272,false
219380,GNSS_AIDED,2.9,461,7.143315,-0.012528214223465894,0.019933166147763248,1.2028321400255864,0.042733098725004706,false
219478,GNSS_AIDED,2.9,662,7.143315,0.015317091580827164,0.15757126323016607,1.6589716591534933,0.2118690957282218,false
219578,GNSS_AIDED,2.9,662,7.143315,0.01950460302880114,0.07695975822726035,1.0262642371787818,0.20573235178017638,false
219677,GNSS_AIDED,2.9,863,7.143315,0.03128235867090883,0.0492343158458809,0.7718184787928496,0.2515846894780198,false
219779,GNSS_AIDED,2.9,863,7.143315,0.011642244799169574,0.03905407404786885,0.9457415347467399,0.13854117240109368,false
219879,GNSS_AIDED,2.9,1063,7.143315,0.029499233306180917,0.10314320366535844,1.5173857225428797,0.28775730452450393,false
219980,GNSS_AIDED,2.9,1063,7.143315,0.09293014959468782,0.05382740827129009,1.1825032388312413,0.09096370103449422,false
220078,GNSS_AIDED,2.9,263,6.8720565,-0.019645903958348865,5.168383732447482E-4,0.34611739638813166,0.17530751517731277,false
220178,GNSS_AIDED,2.9,263,6.8720565,0.07333915647459202,0.04004610171286466,0.8592053092197998,0.2139469390615458,false
220279,GNSS_AIDED,2.9,465,6.8720565,0.09097994553380924,0.05760942561911683,1.1245034346445075,0.0686462526255722,false
220379,GNSS_AIDED,2.9,465,6.8720565,-0.021733018551152266,0.06428252705285732,0.6789704607577648,0.006709494756741284,false
220489,GNSS_AIDED,2.9,667,6.8720565,0.04833673974174271,0.02957204735149015,0.8974216149158891,0.07660884156887895,false
220581,GNSS_AIDED,2.9,667,6.8720565,0.018675694491029148,0.05286272794171533,0.7089377885656153,0.14752205092997397,false
220684,GNSS_AIDED,2.9,869,6.8720565,0.05120494732012744,0.09258006680113107,1.1354347893830599,0.2556154587733761,false
220781,GNSS_AIDED,2.9,869,6.8720565,0.05669279542061937,0.08787318682661337,1.0537960243510711,0.16959998366352516,false
220889,GNSS_AIDED,2.9,1071,6.8720565,0.05633196893187002,0.13833532907494644,1.5296715668291399,0.03706641700966898,false
220983,GNSS_AIDED,2.9,1071,6.8720565,0.06319413689114071,0.15518686614728558,1.743690401005328,0.1136318124014157,false
221084,GNSS_AIDED,2.9,272,5.9465857,0.049503889622771365,0.12589499893177378,1.473461593401761,0.14452422907419615,false
221183,GNSS_AIDED,2.9,272,5.9465857,0.01834937442326112,0.09953653845953525,1.0097085055457966,0.06682725200348179,false
221290,GNSS_AIDED,2.9,473,5.9465857,0.036506104312384026,0.13023148857519679,1.4189493441545593,0.22740132328262716,false
221394,GNSS_AIDED,2.9,473,5.9465857,0.05326596082584175,0.14197158219810327,1.5395600516611232,0.1174715894085676,false
221482,GNSS_AIDED,2.9,674,5.9465857,0.0529416431015276,0.14110716710557705,1.7860169388911349,0.2413975317676922,false
221583,GNSS_AIDED,2.9,674,5.9465857,0.010262346543801705,0.14015848335020403,1.4880299378083575,0.0876532637568573,false
221684,GNSS_AIDED,2.9,875,5.9465857,0.09708331979071466,0.10432538496561462,1.4222839798917015,0.15150045893803238,false
221798,GNSS_AIDED,2.9,875,5.9465857,0.02315187801973832,0.08280341337946058,1.2950136257787586,0.18265741029908156,false
221885,GNSS_AIDED,2.9,1076,5.9465857,0.10486346017358097,0.015049034264989629,1.0981134564398718,0.1700744747752358,false
221983,GNSS_AIDED,2.9,1076,5.9465857,0.10051093139448271,0.022311230526424964,1.0469531392908857,0.1435164359056074,false
222083,GNSS_AIDED,2.9,276,5.360317,0.022098073151067692,0.012365767009465005,0.2525855409431425,0.06562705655256636,false
222193,GNSS_AIDED,2.9,276,5.360317,0.006924569821865439,0.019062460630060306,0.33027788583494344,0.19909775277713687,false
222283,GNSS_AIDED,2.9,476,5.360317,0.008975971210838265,0.024709707927685346,0.6428084052386105,0.0997886250097891,false
222390,GNSS_AIDED,2.9,476,5.360317,0.016126295141295384,0.043752764230231354,0.6403354482601217,0.2846004851501143,false
222485,GNSS_AIDED,2.9,677,5.360317,-0.020927644631575988,0.024099368029888157,0.4691087674399994,0.24260017924200308,false
222585,GNSS_AIDED,2.9,677,5.360317,-0.014116999436211761,0.04819049223178194,0.7270447310473165,0.19624002478613572,false
222694,GNSS_AIDED,2.9,878,5.360317,0.0016169955619887379,0.0047934022240957155,0.07005252525156765,0.12693802935842974,false
222787,GNSS_AIDED,2.9,878,5.360317,-0.0031518784709504495,-0.00934339068571823,0.22416016684487747,0.22110694952239981,false
222896,GNSS_AIDED,2.9,1081,5.360317,-0.008857518986139805,-0.02566092957418346,0.46692270883677034,0.2184105130635732,false
222989,GNSS_AIDED,2.9,1081,5.360317,0.007761872913150532,0.02248675667529348,0.3489905601293563,0.11801215300558399,false
223094,GNSS_AIDED,2.9,283,4.263959,0.009364900556261928,0.024838722393176523,0.7022714779277123,0.13325090829770955,false
223193,GNSS_AIDED,2.9,283,4.263959,0.03734332766728561,-0.029215441192714638,0.8166025963649342,0.3893128742999591,false
223297,GNSS_AIDED,2.9,484,4.263959,-0.0484996380318759,0.03443696797886939,0.8517072243674464,0.14183824339386017,false
223387,GNSS_AIDED,2.9,484,4.263959,0.004174261613457824,0.011196229503330187,1.6117988037743756,0.11840044594094015,false
223495,GNSS_AIDED,2.9,685,4.263959,0.01516401200626689,0.04011421661888677,0.46835000343752564,0.26632422293900887,false
223590,GNSS_AIDED,2.9,685,4.263959,0.01225422052600236,0.03241678102553037,0.7153332074618136,0.20787683254588826,false
223698,GNSS_AIDED,2.9,887,4.263959,0.0039056295372521944,0.010240861442139591,0.3468814060380989,0.12136221251761954,false
223789,GNSS_AIDED,2.9,887,4.263959,0.01276225453248222,0.03346361428032929,0.3891921813237235,0.14047826374709912,false
223894,GNSS_AIDED,2.9,1089,4.263959,-0.014692278054397205,-0.03760677286450343,0.6108915280392769,0.21693740649262036,false
223988,GNSS_AIDED,2.9,1089,4.263959,0.00782813638674806,0.02003712058530512,0.4219336725975495,0.16057736258642807,false
224093,GNSS_AIDED,2.92,289,6.5138097,0.004980359162731424,0.013048055101045347,0.2843902101930909,0.042984033945752946,false
224189,GNSS_AIDED,2.92,289,6.5138097,-0.004763548268980325,-0.012200327753253918,0.5074921935930428,0.03796026361035898,false
224296,GNSS_AIDED,2.92,491,6.5138097,0.003907491535160741,0.010446845520847464,0.8086680169346288,0.16973214965683558,false
224390,GNSS_AIDED,2.92,491,6.5138097,0.04596736770656366,0.003706433726872332,0.5071148441302306,0.042457306727811554,false
224492,GNSS_AIDED,2.92,692,6.5138097,0.016800822849860075,-0.06311876876010546,0.8173837159165865,0.2563480752144332,false
224592,GNSS_AIDED,2.92,692,6.5138097,-0.006123450154433535,-0.015680021615681338,0.5603432474655466,0.10686454001676472,false
224691,GNSS_AIDED,2.92,894,6.5138097,-0.012696866720958351,-0.03152694217511877,0.7514105230938962,0.0586633085862673,false
224792,GNSS_AIDED,2.92,894,6.5138097,-0.001519812708688842,-0.00365402287608287,0.889143022910427,0.02942181490962743,false
224894,GNSS_AIDED,2.92,1096,6.5138097,0.007234193285956177,0.01713946315085855,0.5008957339615656,0.09632094582328253,false
224993,GNSS_AIDED,2.92,1096,6.5138097,0.005993215096487903,0.014630002748981312,0.7058220580343616,0.09752283912309061,false
225093,GNSS_AIDED,2.933,298,6.359393,0.027692225181340863,0.004601972923584691,0.3501851500690813,0.05780950294003043,false
225193,GNSS_AIDED,2.933,298,6.359393,0.0218760418310387,0.05585525249677899,0.8452579702325095,0.14651464460281613,false
225313,GNSS_AIDED,2.933,504,6.359393,0.0015992498672600078,0.03158956622662192,0.6772758309398386,0.09094600313567927,false
225392,GNSS_AIDED,2.933,504,6.359393,0.014817377024019108,0.03470732943428098,0.5319880369232101,0.14718504506309296,false
225493,GNSS_AIDED,2.933,504,6.359393,0.015343391789114902,0.04827457594692158,0.6362214351750765,0.10559350982502372,false
225594,GNSS_AIDED,2.933,707,6.359393,0.020234317870748024,0.05029438945702172,0.5441436551984999,0.05314322203695807,false
225695,GNSS_AIDED,2.933,707,6.359393,-0.01684386224910116,0.01689320422642114,0.2785225213470079,0.07674517850133898,false
225794,GNSS_AIDED,2.933,910,6.359393,0.011188140641116572,0.029082502723213978,0.6966363561467181,0.19538160544456315,false
225897,GNSS_AIDED,2.933,910,6.359393,0.013597083707054642,0.03453668603815978,0.4152647818420193,0.1927711411188944,false
225997,GNSS_AIDED,2.933,1112,6.359393,0.01884959544200627,0.047480757355583256,0.7791898594859994,0.07749885594811011,false
226098,GNSS_AIDED,2.933,1112,6.359393,0.01823180464721966,0.045078459989942005,0.5341413963575348,0.3917891745186423,false
226198,GNSS_AIDED,2.96,311,6.442778,-0.011837300679035481,-0.029591999236926438,1.4252256484196224,0.35146750615463973,false
226297,GNSS_AIDED,2.96,311,6.442778,-0.09204695935475743,-0.0024467290415769783,0.9214767420159952,0.14470848497669395,false
226398,GNSS_AIDED,2.96,510,6.442778,-0.03182014404702395,-0.013611409894058148,0.5296364743619513,0.20791295552902436,false
226497,GNSS_AIDED,2.96,510,6.442778,-0.001757732330951429,-0.005430096350958447,0.6807868969959255,0.12721004291417534,false
226599,GNSS_AIDED,2.96,711,6.442778,-0.005046535214857694,-0.015622137368860095,0.3725780677577327,0.08567031465720823,false
226699,GNSS_AIDED,2.96,711,6.442778,-0.007874775753142976,-0.023753891258578453,0.538106259278243,0.07181582885631421,false
226799,GNSS_AIDED,2.96,912,6.442778,-0.0010405362284972269,-0.0030957956298995155,0.41369555107778666,0.15162341344330904,false
226898,GNSS_AIDED,2.96,912,6.442778,7.364383882684811E-4,0.002150602125246555,0.7194021483016877,0.1064890529968342,false
226997,GNSS_AIDED,2.96,1112,6.442778,0.003918750758067476,-0.010530708773802711,0.5262423377786108,0.03191412780831043,false
227098,GNSS_AIDED,2.96,1112,6.442778,0.010274606754987106,0.032133155695697316,0.42134085889438455,0.0955203357808723,false
227197,GNSS_AIDED,2.96,313,6.5287366,0.006812394184372923,0.020794507137460692,0.8057882702802588,0.07388032589116086,false
227297,GNSS_AIDED,2.96,313,6.5287366,-0.023834905417175988,-0.03531826656443788,0.42497681557017475,0.10682059868709645,false
227397,GNSS_AIDED,2.96,513,6.5287366,2.5577721837014958E-5,8.837251616751152E-5,0.5154223591331821,0.04551516165377368,false
227498,GNSS_AIDED,2.96,513,6.5287366,0.00686382453654343,0.002555050323462903,0.6137608506963214,0.1466843516287872,false
227599,GNSS_AIDED,2.96,714,6.5287366,-0.013539753259645411,-0.04435852520123225,0.7041599294648713,0.08348478701524852,false
227706,GNSS_AIDED,2.96,916,6.5287366,1.0192577598622827E-4,3.5867462834774375E-4,0.2394717592125834,0.02275200752878262,false
227800,GNSS_AIDED,2.96,916,6.5287366,0.009033291915424634,0.03184174349574971,0.41514669652003544,0.07396407282736099,false
227900,GNSS_AIDED,2.96,916,6.5287366,-0.04618526506101663,0.0134876001863939,0.5503133351818598,0.0465869361544478,false
228000,GNSS_AIDED,2.96,128,6.64352,-0.03564652989059912,0.015300304064080986,0.4744576161409422,0.11303894067448533,false
228099,GNSS_AIDED,2.96,128,6.64352,0.0033448948516315163,0.012531018823458261,0.31652956978886276,0.04985177537708057,false
228199,GNSS_AIDED,2.96,334,6.64352,0.004552893570453844,0.01625583901634202,0.1896865956677652,0.0779528031203674,false
228300,GNSS_AIDED,2.96,334,6.64352,-0.0012522286236920502,-0.004444090369547097,0.5300385829537321,0.09938679539404857,false
228401,GNSS_AIDED,2.96,536,6.64352,-9.323188821422149E-4,-0.003420974580156519,0.14366871981618917,0.09565872202319034,false
228502,GNSS_AIDED,2.96,536,6.64352,-0.002732507937900089,-0.009998171084574152,0.3519638840647124,0.044260935245591916,false
228603,GNSS_AIDED,2.96,750,6.64352,0.01405091764481737,-0.004839141044490413,0.23826062725601663,0.21674663118154283,false
228702,GNSS_AIDED,2.96,750,6.64352,-0.008514118407467056,-0.027763186336776133,0.4338765404394291,0.10265467537423642,false
228804,GNSS_AIDED,2.96,960,6.64352,-0.021986958030139257,0.007999064236249631,0.33841340571016126,0.14314792174875393,false
228902,GNSS_AIDED,2.96,960,6.64352,0.006905042352978955,0.0754718869029635,0.7949763153895144,0.12962630387188973,false
229004,GNSS_AIDED,2.92,160,6.3660846,-0.002068218910274151,-0.006909495078974639,0.7986720408739469,0.24525431136006448,false
229107,GNSS_AIDED,2.92,160,6.3660846,0.10034309137193138,-0.03589098685668233,1.0651749328083862,0.44198227872559737,false
229208,GNSS_AIDED,2.92,363,6.3660846,0.0038142708871051825,0.04213382473223743,0.42820794304931475,0.20538103759127047,false
229304,GNSS_AIDED,2.92,363,6.3660846,0.005635063864462158,0.016542113426932594,0.6968511053429038,0.056462622746317755,false
229403,GNSS_AIDED,2.92,564,6.3660846,0.00689819837964878,0.01966607414835817,0.8660115475164506,0.07918149761644118,false
229505,GNSS_AIDED,2.92,564,6.3660846,2.3946583467177653E-4,0.04361515645719488,0.4481248827537507,0.13779476383326852,false
229604,GNSS_AIDED,2.92,766,6.3660846,0.010953457473038889,0.03490079392493903,0.9809927243876537,0.11772888793087717,false
229705,GNSS_AIDED,2.92,766,6.3660846,3.5759287139787844E-4,0.06987436164353847,1.1152548974742658,0.0850757783246749,false
229804,GNSS_AIDED,2.92,967,6.3660846,0.00410650100257842,0.07344003710907233,0.8100494366351312,0.13103997833726366,false
229906,GNSS_AIDED,2.92,967,6.3660846,0.02695298492886207,0.029554161565866065,1.0133809603150017,0.12511682270876817,false
230004,GNSS_AIDED,2.88,171,5.992911,0.012825444693172065,0.04010486613203941,0.6370780208595284,0.15063367536583636,false
230105,GNSS_AIDED,2.88,171,5.992911,0.02640756258005981,0.08229549099594638,1.1340434598510984,0.17908902599922874,false
230205,GNSS_AIDED,2.88,372,5.992911,0.018258954778083765,0.057499203813477485,0.8212528128595981,0.1451895607885041,false
230305,GNSS_AIDED,2.88,372,5.992911,0.018343322671326122,0.055943240357282785,0.8918056011236462,0.02079561262422971,false
230406,GNSS_AIDED,2.88,572,5.992911,0.05939187450798476,0.11240326658106475,1.2848651103842905,0.07904369935423418,false
230507,GNSS_AIDED,2.88,572,5.992911,0.014417029780685243,0.08700620434127114,0.9683338797017466,0.09757445837105866,false
230606,GNSS_AIDED,2.88,773,5.992911,0.004388878897951888,0.09501184031502996,0.9652598044259326,0.15365642141150865,false
230708,GNSS_AIDED,2.88,773,5.992911,0.03674477854597292,0.11399297920685936,1.2755172538680508,0.11445734757778085,false
230807,GNSS_AIDED,2.88,975,5.992911,0.05020740761854417,0.15414413024052995,1.7122664619543628,0.17934696728385327,false
230908,GNSS_AIDED,2.88,975,5.992911,0.034401931660748473,0.10274522022575829,1.2350189289918416,0.06563333041257136,false
231007,GNSS_AIDED,2.866,176,5.9563656,0.01909343687826951,0.13529540181739222,1.386758645317207,0.06932511839658656,false
231108,GNSS_AIDED,2.866,176,5.9563656,0.06867201734447657,0.10255549794223241,1.2897794965848985,0.1559926994745764,false
231208,GNSS_AIDED,2.866,377,5.9563656,0.05409491672735345,0.11016969560745518,1.2884576762064253,0.15571833622896866,false
231308,GNSS_AIDED,2.866,377,5.9563656,0.03751387844315473,0.12267897767694931,1.2856506146478055,0.1084573095831681,false
231408,GNSS_AIDED,2.866,578,5.9563656,0.02455733372292198,0.07817473571845203,0.8258098870383361,0.07848144589326936,false
231510,GNSS_AIDED,2.866,578,5.9563656,0.03143122934617406,0.09655392178188077,1.0344862013895935,0.19589603331247124,false
231609,GNSS_AIDED,2.866,779,5.9563656,0.02863136038486231,0.08766508147455115,0.9482977843936964,0.15276305008681595,false
231711,GNSS_AIDED,2.866,779,5.9563656,0.04309966660117805,0.10839599832534037,1.177700130328923,0.1525308350654929,false
231809,GNSS_AIDED,2.866,980,5.9563656,0.11789498528426852,0.11911169384556716,1.675408773348995,0.09477360493900565,false
231912,GNSS_AIDED,2.866,980,5.9563656,0.04505099155160274,0.13238135478820262,1.4234079806350457,0.08420728601348394,false
232011,GNSS_AIDED,2.833,182,5.9522476,-0.0037931434321119306,0.1302310968377639,1.4551462143244096,0.07754961659027543,false
232115,GNSS_AIDED,2.833,182,5.9522476,-0.005926318317007846,0.14409203367932807,1.4515671894069813,0.23008083330308193,false
232236,GNSS_AIDED,2.833,384,5.9522476,0.04431997104431367,0.11805820374970302,1.2992232387405585,0.04109068039618186,false
232314,GNSS_AIDED,2.833,384,5.9522476,0.05038070167744327,0.13420259543359342,1.4470055003996147,0.10904322861334903,false
232411,GNSS_AIDED,2.833,585,5.9522476,0.047759633818031305,0.12933798885016534,1.545513220439362,0.15008651009424626,false
232513,GNSS_AIDED,2.833,585,5.9522476,0.038603857522187916,0.10406908562672137,1.1197145429100648,0.022771627227255568,false
232611,GNSS_AIDED,2.833,787,5.9522476,0.029261848626045122,0.1522523791983568,1.5557083806610614,0.07528264034854235,false
232714,GNSS_AIDED,2.833,787,5.9522476,0.040288612211599586,0.12125995357470395,1.3482736048374298,0.0908025543145403,false
232812,GNSS_AIDED,2.833,988,5.9522476,0.04238536272829129,0.11298859059081168,1.2148506459713972,0.17114668745719896,false
232913,GNSS_AIDED,2.833,988,5.9522476,0.0345873941729523,0.08957472735883625,0.9581745741514555,0.0716749511874328,false
233012,GNSS_AIDED,2.8,189,6.486015,0.029060743656792135,0.10140945266833054,1.2130415272098747,0.16476302052336028,false
233113,GNSS_AIDED,2.8,189,6.486015,0.029344551529287246,0.10291422393498348,1.0968537927105095,0.11562866418672013,false
233213,GNSS_AIDED,2.8,391,6.486015,0.015494807911229622,0.05738475064438379,0.6714293305316952,0.03358471977878416,false
233313,GNSS_AIDED,2.8,391,6.486015,0.025816420238994952,0.04742947210247326,0.6744140941608145,0.13973320562366584,false
233413,GNSS_AIDED,2.8,592,6.486015,0.009399190374857142,0.03947289585345083,0.739646667155703,0.050471435216860226,false
233515,GNSS_AIDED,2.8,592,6.486015,0.01812883187514092,0.03080356234149821,0.623303251153521,0.050984023036104976,false
233616,GNSS_AIDED,2.8,793,6.486015,0.006655949941305267,0.025862687668943132,0.5052109990280972,0.040021402816014934,false
233718,GNSS_AIDED,2.8,793,6.486015,0.0033809246915406386,0.01313472657392156,0.4721846195141439,0.07079942451239171,false
233822,GNSS_AIDED,2.8,994,6.486015,0.0036158153960604953,0.013383653623631997,0.37159016972102804,0.05355034789241041,false
233917,GNSS_AIDED,2.8,994,6.486015,0.014536195279300692,0.05424240052279771,0.6651420918771255,0.048552016596716985,false
234017,GNSS_AIDED,2.8,195,6.5045447,0.01731486427398513,0.06658646202181899,0.7170188149906576,0.08439230052860529,false
234118,GNSS_AIDED,2.8,195,6.5045447,0.008629499255894166,0.0315249972983784,0.6095191790645604,0.07483957702893572,false
234217,GNSS_AIDED,2.8,396,6.5045447,0.010217993173101554,0.035559554768759265,0.5128497236808999,0.04251674879559073,false
234318,GNSS_AIDED,2.8,396,6.5045447,0.014748727510074642,0.05341627618020112,0.6588638051656955,0.0494572228296827,false
234418,GNSS_AIDED,2.8,597,6.5045447,0.03019678657973519,0.08032067587233821,0.8559421962414262,0.0703512908140062,false
234518,GNSS_AIDED,2.8,597,6.5045447,-0.026185074499172428,0.08116608560581298,0.8990051221876294,0.138581167608297,false
234621,GNSS_AIDED,2.8,799,6.5045447,0.0132109825922383,0.022731137777456455,0.2859371531484135,0.03974764667385559,false
234719,GNSS_AIDED,2.8,799,6.5045447,0.007335155176851052,0.0298335945089686,0.7071656224413199,0.05785093307654757,false
234817,GNSS_AIDED,2.8,1000,6.5045447,0.018673572491021924,0.07407448110015961,0.927925258159943,0.09326912345678917,false
234919,GNSS_AIDED,2.8,1000,6.5045447,0.02096027176817526,0.079919733665749,0.8335452568349381,0.04817042363357077,false
235018,GNSS_AIDED,2.78,201,6.2420363,0.020101818252821032,0.08261893527123446,0.8502813682852763,0.08248325802836702,false
235119,GNSS_AIDED,2.78,201,6.2420363,0.036925443675584854,0.0651191186519711,0.76007606716608,0.10071065403885118,false
235222,GNSS_AIDED,2.78,401,6.2420363,0.049378831209588976,0.03807235008466345,0.6237599220772315,0.1507509386336623,false
235321,GNSS_AIDED,2.78,401,6.2420363,0.02087112520668756,0.07138823411939983,0.8915976716823869,0.034215551496856664,false
235419,GNSS_AIDED,2.78,602,6.2420363,0.020502359361799484,0.06743577286603802,1.0144519471276043,0.04775762748719168,false
235520,GNSS_AIDED,2.78,602,6.2420363,0.01820824988984609,0.05873455357729241,0.6483744999834004,0.07661109878041734,false
235631,GNSS_AIDED,2.78,803,6.2420363,0.019190788500362703,0.05942955319491296,0.6456949134645541,0.11745586607078443,false
235721,GNSS_AIDED,2.78,803,6.2420363,0.049051314564156547,0.145673578504897,1.6124126833021,0.09780026292063926,false
235820,GNSS_AIDED,2.78,1004,6.2420363,0.05454644184959261,0.16851553787444096,1.7928862126743448,0.0743753643858712,false
235921,GNSS_AIDED,2.78,1004,6.2420363,0.040080724147813024,0.17457280186705693,1.8446480117279107,0.12755057115058724,false
236020,GNSS_AIDED,2.76,206,6.876689,0.05686636017576094,0.1706698802455241,1.8201030570122916,0.15848770131293874,false
236120,GNSS_AIDED,2.76,206,6.876689,-0.007279830404509802,0.15890061255006854,1.6884120871331336,0.11432499595336916,false
236220,GNSS_AIDED,2.76,407,6.876689,0.05270675147461025,0.13371424517548391,1.4665176123722181,0.08364775497198301,false
236321,GNSS_AIDED,2.76,407,6.876689,0.063990147936772,0.10793603849224867,1.272625226574845,0.1704412141376127,false
236437,GNSS_AIDED,2.76,607,6.876689,0.023026790385779494,0.06802832882361069,0.7489387336064278,0.16883486617634552,false
236523,GNSS_AIDED,2.76,607,6.876689,0.03183214857461833,0.09404210635162999,1.0339237891651694,0.17102609920292636,false
236629,GNSS_AIDED,2.76,808,6.876689,0.0324291718576435,0.09129216791681341,1.093465094188768,0.028984861456327175,false
236724,GNSS_AIDED,2.76,808,6.876689,0.024908114639693387,0.0701194527618555,0.83765481562362,0.10466604192369425,false
236831,GNSS_AIDED,2.76,1010,6.876689,0.05711415301701291,0.0934848687357861,1.0954620771073054,0.10910209380355715,false
236924,GNSS_AIDED,2.76,1010,6.876689,0.04789218508310913,0.14856661790567194,1.588044525107546,0.10257321275059499,false
237026,GNSS_AIDED,2.74,213,6.713522,0.03638500208771179,0.11672327075119154,1.2896315303554458,0.05155369760091819,false
237124,GNSS_AIDED,2.74,213,6.713522,-0.019842809201543472,0.1488192146317241,1.4977115839729385,0.09725549096173693,false
237224,GNSS_AIDED,2.74,414,6.713522,0.04264025332434955,0.11567545364277075,1.2404061423056996,0.05660832630517691,false
237323,GNSS_AIDED,2.74,414,6.713522,0.09517506610362286,0.10034214730630073,1.3794041639932044,0.09060926966635531,false
237424,GNSS_AIDED,2.74,615,6.713522,0.036911446194735284,0.10622670349382159,1.1278341231819204,0.066132860230872,false
237526,GNSS_AIDED,2.74,615,6.713522,0.018829777036614388,0.11294689686440956,1.142106036041478,0.0508500939260563,false
237624,GNSS_AIDED,2.74,817,6.713522,0.035390358220443695,0.10044156303598215,1.069130442547712,0.07693741423038358,false
237726,GNSS_AIDED,2.74,817,6.713522,0.037262960973710145,0.08650512741522948,1.08158657743159,0.12700101645545886,false
237827,GNSS_AIDED,2.74,1018,6.713522,0.028846038596160525,0.07360955791520796,0.7912944694338994,0.1775070570647354,false
237926,GNSS_AIDED,2.74,1018,6.713522,0.043700605811121666,0.11102942624682408,1.203010402613877,0.06606924044409443,false
238029,GNSS_AIDED,2.733,218,6.2729197,0.04597251832864014,0.1463432448717203,1.5534931764362199,0.04657170004095231,false
238127,GNSS_AIDED,2.733,218,6.2729197,0.035304406501145545,0.09493626009991013,1.0786744065208027,0.047792098305702434,false
238232,GNSS_AIDED,2.733,419,6.2729197,0.03609745689092908,0.09877475112634104,1.1743698503859705,0.12672135882654392,false
238327,GNSS_AIDED,2.733,419,6.2729197,0.01660941115855374,0.04544892063998783,0.5482268525337597,0.17938951542366177,false
238426,GNSS_AIDED,2.733,619,6.2729197,0.03398284885558016,0.09190535306228587,1.0271061153970633,0.12432932383899428,false
238527,GNSS_AIDED,2.733,619,6.2729197,0.030256539518462064,0.0878582855441166,0.9269015474834346,0.07867096098643203,false
238642,GNSS_AIDED,2.733,819,6.2729197,0.0517496279428534,0.12482661552626531,1.4713929286701948,0.04224820299756099,false
238728,GNSS_AIDED,2.733,819,6.2729197,0.04868369455432836,0.11743119833135952,1.3862816516553444,0.18120026499353786,false
238841,GNSS_AIDED,2.733,1020,6.2729197,0.03612738612321276,0.08686775826695925,1.3151980351604216,0.1449135885965101,false
238929,GNSS_AIDED,2.733,1020,6.2729197,0.05153699923267439,0.12391994194874506,1.3666178733970233,0.56138062050149,false
239041,GNSS_AIDED,2.7,221,6.305862,-0.06417613044448418,-0.15662900165028176,3.1033545147531747,0.5672331793147474,false
239138,GNSS_AIDED,2.7,221,6.305862,0.4296545535908841,0.1664913930157326,4.72747488889739,0.7927518028739584,false
239235,GNSS_AIDED,2.7,423,6.305862,-0.16489364634564008,0.15202430859789057,2.2610184114287084,0.38988182894835255,false
239330,GNSS_AIDED,2.7,423,6.305862,0.09680647268073979,0.16892788772422618,2.4813152586749996,0.39712337144605386,false
239438,GNSS_AIDED,2.7,624,6.305862,0.06219138803470593,0.10992960839763438,2.996384112861873,0.7117459560345553,false
239531,GNSS_AIDED,2.7,624,6.305862,0.0927348591770682,0.16391830245782488,2.1714993996620104,0.4458205607392756,false
239630,GNSS_AIDED,2.7,824,6.305862,-0.28074085512387575,0.1275305990993391,3.1405349208774758,0.29151910843400214,false
239732,GNSS_AIDED,2.7,824,6.305862,0.18161173254715157,0.17370408280602023,2.561426391407231,0.27114381848350433,false
239835,GNSS_AIDED,2.7,1024,6.305862,-0.054340213407260106,0.09620980925544337,1.2032052314715203,0.8180529183918237,false
239931,GNSS_AIDED,2.7,1024,6.305862,0.06905735682432454,0.029907192696231828,0.9260609166249005,0.6805722432478638,false
240039,GNSS_AIDED,2.7,226,6.3429217,-0.3340749886597396,-0.021799674942043056,4.081590909449639,0.821560065669789,false
240131,GNSS_AIDED,2.7,226,6.3429217,0.07334067398216645,0.21210096045755075,2.767700345861705,0.35978929761327866,false
240235,GNSS_AIDED,2.7,427,6.3429217,-0.03622368643744134,0.08367490320565023,1.084482943544319,0.17850896524942003,false
240331,GNSS_AIDED,2.7,427,6.3429217,0.14084344851224329,0.1282915821063973,2.2846247291039807,0.3717400178949654,false
240436,GNSS_AIDED,2.7,628,6.3429217,-0.1465347771870855,0.012996279203970172,1.7858493085508944,0.29736502626859007,false
240534,GNSS_AIDED,2.7,628,6.3429217,0.12789512360237681,0.16655245328032756,2.5629642359070255,0.8878031231557675,false
240656,GNSS_AIDED,2.7,830,6.3429217,-1.2177156861411305E-4,-4.6215091168677895E-4,2.5228086742023854,0.32979265324114104,false
240738,GNSS_AIDED,2.7,830,6.3429217,0.02986524505884031,0.11334542528092612,2.0302940724360123,0.6292519251703999,false
240838,GNSS_AIDED,2.7,1032,6.3429217,-0.010785852616777052,-0.038485661459964376,3.371619470183965,0.3936559313032571,false
240933,GNSS_AIDED,2.7,1032,6.3429217,0.05295329697207117,0.18894590282887166,2.192180864685301,0.6588967478868939,false
241034,GNSS_AIDED,2.7,234,6.116959,-0.04209307825533558,0.14302147961827394,1.7200744840693782,0.39473017390954523,false
241134,GNSS_AIDED,2.7,234,6.116959,0.001447046768291892,0.0463969333548135,0.4636490717177311,0.48360047383048427,false
241246,GNSS_AIDED,2.7,435,6.116959,-0.0704422375171727,0.0336776791954022,0.8858509358756919,0.5614017376892252,false
241341,GNSS_AIDED,2.7,435,6.116959,0.09852307904389176,-0.017194870466394088,1.518522555339429,0.6494980365819896,false
241449,GNSS_AIDED,2.7,636,6.116959,-0.27307467196827245,0.04483856740680776,2.991359892921862,0.4418149482321485,false
241540,GNSS_AIDED,2.7,636,6.116959,0.16397156646653874,-0.04153082981134123,2.149377772310239,0.6790144457264208,false
241652,GNSS_AIDED,2.7,836,6.116959,-0.1601748112422268,0.02950655420846725,1.6527641818132222,0.3547442527949403,false
241738,GNSS_AIDED,2.7,836,6.116959,-0.011676583992399764,-0.03639709761276944,1.5481322818722474,0.8405014318611925,false
241847,GNSS_AIDED,2.7,1037,6.116959,-0.12241693093412055,0.1105205164544791,1.9380608522561036,0.8398998118017685,false
241940,GNSS_AIDED,2.7,1037,6.116959,0.018460246357563347,0.04587323101430595,3.7342758461780727,0.38225039623382984,false
242050,GNSS_AIDED,2.7,239,6.415498,0.03172167159218372,0.08978766112826995,1.5113472357579576,0.2426395022129144,false
242137,GNSS_AIDED,2.7,239,6.415498,-0.004360072708811651,0.06558549966320765,1.233840191588085,0.15869382833080362,false
242252,GNSS_AIDED,2.7,440,6.415498,0.16072686429631775,0.019906550785889158,1.6317648766262038,0.2645900786062347,false
242339,GNSS_AIDED,2.7,440,6.415498,0.003707419706307925,0.06070075888978129,1.2365134089341245,0.16515882706618676,false
242449,GNSS_AIDED,2.7,641,6.415498,0.047835013780814006,0.06708608469296526,0.8272532525393115,0.06355680398708573,false
242540,GNSS_AIDED,2.7,641,6.415498,0.007909157385642797,0.05477451198344434,0.6747780813330346,0.12935218826539407,false
242647,GNSS_AIDED,2.7,843,6.415498,0.011818922962419667,0.07671335237644888,0.887537175791593,0.058097759589298026,false
242739,GNSS_AIDED,2.7,843,6.415498,0.013831404644114866,0.08977581304988959,0.9241400358573889,0.10351455051719465,false
242838,GNSS_AIDED,2.7,1044,6.415498,0.020461944535825036,0.13642694754901685,1.3827798041629824,0.13219315649831345,false
242940,GNSS_AIDED,2.7,1044,6.415498,0.018382350101564325,0.12688967632421733,1.3352209430216524,0.06598603891195302,false
243038,GNSS_AIDED,2.7,245,6.8772035,0.013663985772546834,0.09821272752868582,1.0624020898219988,0.1422806766718679,false
243139,GNSS_AIDED,2.7,245,6.8772035,0.01055066084265087,0.07036233287692813,0.8655448335536006,0.1302562984174919,false
243239,GNSS_AIDED,2.7,447,6.8772035,0.04958802505531111,0.008547767209101038,0.511225623550643,0.14747252849557044,false
243339,GNSS_AIDED,2.7,447,6.8772035,0.0697823588925792,0.0778791013050195,1.3182945210553598,0.09276413039146927,false
243440,GNSS_AIDED,2.7,648,6.8772035,0.01950984317136298,0.11259182789588659,1.2030361336849391,0.1807026237452518,false
243541,GNSS_AIDED,2.7,648,6.8772035,0.018234262936825358,0.04269160413003398,0.4896795567568185,0.09577558840473484,false
243642,GNSS_AIDED,2.7,850,6.8772035,0.01601873164482834,0.07862683226140293,0.8949633775027718,0.09918591102581636,false
243753,GNSS_AIDED,2.7,850,6.8772035,0.024555544276336796,0.10558127977179163,1.1529613202946167,0.06487880352870645,false
243843,GNSS_AIDED,2.7,1051,6.8772035,0.02622303797702229,0.11275098926584808,1.2602071647323148,0.08042100358144647,false
243942,GNSS_AIDED,2.7,1051,6.8772035,0.0251379258676072,0.102901193375668,1.172644313128161,0.16182925269474702,false
244044,GNSS_AIDED,2.7,254,7.132506,0.020607201503454062,0.07677092928361905,0.8373043268131524,0.2558748093239095,false
244141,GNSS_AIDED,2.7,254,7.132506,0.02619193074136428,0.10323529652332757,1.364048764341202,0.1298624313163532,false
244241,GNSS_AIDED,2.7,254,7.132506,0.03587518978124068,0.13470235566945746,1.6436031842161403,0.17889557652107888,false
244342,GNSS_AIDED,2.7,455,7.132506,0.0720415360645075,0.12314058308363819,1.4387541621365507,0.2505415530484062,false
244444,GNSS_AIDED,2.7,455,7.132506,-0.049396542996174846,0.12269278259619608,1.3272978337231098,0.5024543344573671,false
244550,GNSS_AIDED,2.7,658,7.132506,-0.14773073246100574,0.1324676755165472,1.9872757698783972,0.37321237825160414,false
244646,GNSS_AIDED,2.7,658,7.132506,-0.035840664811993606,0.15642596563860678,1.6732433467412609,0.5377976649480899,false
244745,GNSS_AIDED,2.7,860,7.132506,0.027008706659469684,0.1795276096559943,1.8120290077679124,0.44134029590989743,false
244844,GNSS_AIDED,2.7,860,7.132506,-0.03841242660641686,0.12756280385221197,1.6402568351040971,0.7204463932560794,false
244944,GNSS_AIDED,2.7,1060,7.132506,-0.1335138444765276,0.052825120837002894,1.6080385957338519,0.6378714920191384,false
245045,GNSS_AIDED,2.7,1060,7.132506,-0.06296848378862836,0.017641427162934303,0.7623615177304373,0.15426798932363642,false
245146,GNSS_AIDED,2.7,259,6.212697,0.023987713412203748,0.09813402011979884,1.0187013895273984,0.20196624719095937,false
245249,GNSS_AIDED,2.7,259,6.212697,-0.004704953362970499,0.06358445501078508,0.8058377623815977,0.24048761059059337,false
245346,GNSS_AIDED,2.7,462,6.212697,-0.002968430079872161,0.040116446286542304,0.48975247948900397,0.24324868884089718,false
245446,GNSS_AIDED,2.7,462,6.212697,-0.0012759421302818786,0.020499867156449723,0.6029869580486449,0.4500806192493832,false
245548,GNSS_AIDED,2.7,664,6.212697,0.053478938849626456,0.005214217289842853,0.5400397293300424,0.20336921836811855,false
245647,GNSS_AIDED,2.7,664,6.212697,-0.003720572153374403,0.04134705582398821,1.1925429808556618,0.2422255974240636,false
245747,GNSS_AIDED,2.7,865,6.212697,0.01783707933169255,0.05916276536939367,0.8101837552479675,0.12377117607260885,false
245847,GNSS_AIDED,2.7,865,6.212697,0.017612644368540025,0.04645522782339128,0.5987680629735859,0.22712061812997694,false
245949,GNSS_AIDED,2.7,1067,6.212697,0.04580537610249605,0.016614893437159974,0.7110482874312145,0.19966011534917255,false
246048,GNSS_AIDED,2.7,1067,6.212697,9.374068445725013E-4,0.003129076760960983,0.6979736387288513,0.11053242853024509,false
246147,GNSS_AIDED,2.683,292,6.8741155,-0.02336307220290174,0.045058231945860915,0.5064295093944045,0.22121308019110505,false
246247,GNSS_AIDED,2.683,292,6.8741155,0.03285361674888808,0.09926689005977897,1.1765221887040977,0.4936583113349608,false
246347,GNSS_AIDED,2.683,493,6.8741155,0.1216695429124882,0.12017396285820674,1.7917049841176622,0.38674800373369933,false
246448,GNSS_AIDED,2.683,493,6.8741155,0.12821656989809752,0.08660505346557984,1.6259660143785981,0.24360293729502935,false
246550,GNSS_AIDED,2.683,694,6.8741155,0.07509996046682255,0.13812061013038926,1.988274540240741,0.29788853491166845,false
246649,GNSS_AIDED,2.683,694,6.8741155,0.057766534613933475,0.24045068641426875,2.4678114406103284,0.3601362155389521,false
246750,GNSS_AIDED,2.683,895,6.8741155,0.017860592991160256,0.28274934460981166,2.825818083409711,0.13758402595195296,false
246850,GNSS_AIDED,2.683,895,6.8741155,0.04549329311841392,0.2590721248516365,2.684170109363438,0.1276866500640298,false
246949,GNSS_AIDED,2.683,96,6.9055133,0.010212604599799967,0.20183384723749545,2.1818987918109567,0.11037773652607061,false
247055,GNSS_AIDED,2.683,96,6.9055133,0.0030848085069640186,0.22100317017077825,2.229435460119075,0.062173559064773495,false
247149,GNSS_AIDED,2.683,297,6.9055133,0.054022884822135214,0.24187133570738978,2.531006506950906,0.19725854959791148,false
247249,GNSS_AIDED,2.683,297,6.9055133,0.09832282054852075,0.2299398875607142,2.536230058697958,0.17057785018534927,false
247352,GNSS_AIDED,2.683,497,6.9055133,0.03892872533219776,0.26677299909152896,2.723811715462701,0.10326616888411501,false
247452,GNSS_AIDED,2.683,497,6.9055133,0.0834862612859046,0.19522621150688152,2.1895130075325566,0.1101150454774219,false
247552,GNSS_AIDED,2.683,697,6.9055133,0.06803217385390598,0.19757981677512276,2.2213009483025674,0.08701501181562785,false
247652,GNSS_AIDED,2.683,697,6.9055133,0.06559478329804748,0.19130977487872236,2.151764679625679,0.11586606871238903,false
247752,GNSS_AIDED,2.683,897,6.9055133,0.058926131769068184,0.1690229642818906,1.8597853997212956,0.033122820556122395,false
247852,GNSS_AIDED,2.683,897,6.9055133,0.008220911762347452,0.2470470230658046,2.4744523315681617,0.03836933714224944,false
247968,GNSS_AIDED,2.68,112,7.1150055,0.0603364232701719,0.18809001892030086,1.9810818319900285,0.17620136643867257,false
248051,GNSS_AIDED,2.68,112,7.1150055,0.05655364264861942,0.17629775083219737,1.8497418467097035,0.1956612596056466,false
248155,GNSS_AIDED,2.68,313,7.1150055,0.03487012113765231,0.2839860188631313,2.854115938046371,0.17722898584425648,false
248255,GNSS_AIDED,2.68,313,7.1150055,0.08868131632311907,0.2633910164640747,2.80749813611054,0.19398554201288612,false
248353,GNSS_AIDED,2.68,514,7.1150055,0.07120162030187406,0.2248578543518002,2.393853734931438,0.10377334712700007,false
248454,GNSS_AIDED,2.68,514,7.1150055,0.033019341706528864,0.17255941842573203,1.7882659872331763,0.09578840386338507,false
248555,GNSS_AIDED,2.68,715,7.1150055,0.0585735424667758,0.1799415680187899,1.8902775985133722,0.08600387594772718,false
248655,GNSS_AIDED,2.68,715,7.1150055,0.050156825191741486,0.1549916070841097,1.6359523187556353,0.09637003074423235,false
248755,GNSS_AIDED,2.68,917,7.1150055,0.05132298525201034,0.1645084368747866,1.7876525724461156,0.0713420318593697,false
248856,GNSS_AIDED,2.68,917,7.1150055,0.034806413404244396,0.1158094457436986,1.234781094649715,0.02075413866033415,false
248956,GNSS_AIDED,2.7,118,6.5210156,0.02452157342741622,0.08549411762697258,0.9252669929807438,0.06238850611915299,false
249057,GNSS_AIDED,2.7,118,6.5210156,0.005872110794103796,0.07419310469211539,0.7941003772197842,0.11243008519297286,false
249156,GNSS_AIDED,2.7,319,6.5210156,0.007004710296960345,0.02396992469337387,0.35353232016701913,0.05540446336059853,false
249259,GNSS_AIDED,2.7,319,6.5210156,0.007494093384773133,0.05424681131480029,0.5876177654754663,0.08658467619123902,false
249360,GNSS_AIDED,2.7,519,6.5210156,0.011521453616762625,0.041543203933793245,0.654280328679705,0.16276832011601264,false
249460,GNSS_AIDED,2.7,519,6.5210156,0.0192196007322586,0.06852789053564202,1.101589019215998,0.2773207395540007,false
249557,GNSS_AIDED,2.7,720,6.5210156,0.010334511145298247,0.03697927747602502,0.6002316965583858,0.15585480034622373,false
249660,GNSS_AIDED,2.7,720,6.5210156,0.01952176012624688,0.07075227608348136,0.733739876584054,0.07672331195392912,false
249760,GNSS_AIDED,2.7,923,6.5210156,0.01817144753350898,0.06708354917637842,0.788312640528903,0.1653816644845495,false
249860,GNSS_AIDED,2.7,923,6.5210156,0.019341641091826216,0.06956117292455989,0.7647313871645596,0.07643822724009694,false
249957,GNSS_AIDED,2.72,123,6.116959,0.02953672011259141,0.1004628125737323,1.2345894322003026,0.03855361648314409,false
250058,GNSS_AIDED,2.72,123,6.116959,0.02593622026651124,0.09068310686034,0.9753880477801998,0.14922807683726427,false
250157,GNSS_AIDED,2.72,327,6.116959,0.03492962347801375,0.09180927422040608,0.9855916925481848,0.05952356741825497,false
250284,GNSS_AIDED,2.72,327,6.116959,0.035151670355607866,0.11379564276890546,1.1960008350400786,0.0629053738072872,false
250357,GNSS_AIDED,2.72,527,6.116959,0.031365721761944486,0.1015394839762344,1.3529549408724708,0.036909616112877894,false
250459,GNSS_AIDED,2.72,527,6.116959,0.02800095446234617,0.08668657389578865,0.9222411379285534,0.20834170536177615,false
250558,GNSS_AIDED,2.72,729,6.116959,0.04757955292563132,0.0927331178991272,1.0617962634897495,0.2031750629232457,false
250660,GNSS_AIDED,2.72,729,6.116959,0.060149104186296744,0.1302667967336494,1.454830235597413,0.24994425096864936,false
250758,GNSS_AIDED,2.72,930,6.116959,0.04445144835577145,0.13336399034410362,1.4425281357529922,0.10194032250134158,false
250859,GNSS_AIDED,2.72,930,6.116959,-0.002180665515508051,0.09877743530289311,1.0021798988485544,0.15721759362891502,false
250958,GNSS_AIDED,2.76,133,5.949674,0.02595198797445842,0.07514347503457859,0.8272536890520387,0.07036143001875159,false
251058,GNSS_AIDED,2.76,133,5.949674,0.030486556799968503,0.054358031729711896,0.8250916816091968,0.03409852675682782,false
251159,GNSS_AIDED,2.76,333,5.949674,-0.015329706101739506,0.08893913853312344,0.9489966976307835,0.16842130552410428,false
251266,GNSS_AIDED,2.76,333,5.949674,0.02389983502145681,0.09696354743847058,1.340021773922596,0.1807158516078412,false
251362,GNSS_AIDED,2.76,533,5.949674,0.011784686272150222,0.047811417332849805,0.8961464150868002,0.23603574443402695,false
251460,GNSS_AIDED,2.76,533,5.949674,0.10184991077605882,0.10247795072736042,1.5231854800812779,0.05353347067490774,false
251563,GNSS_AIDED,2.76,734,5.949674,0.02087764564616455,0.17347264559958364,1.7429482281556516,0.03618065035283092,false
251666,GNSS_AIDED,2.76,734,5.949674,0.013809206282436178,0.21171407228241815,2.1178636996076063,0.04313804479609286,false
251768,GNSS_AIDED,2.76,935,5.949674,0.0072358996409433805,0.16469617429704886,1.709529690487715,0.04376293010864694,false
251864,GNSS_AIDED,2.76,935,5.949674,0.03138603211566382,0.12144981474685965,1.2766866975530577,0.08211861410380097,false
251966,GNSS_AIDED,2.78,135,5.352082,0.05217216085935816,0.08029941220780744,1.0279213006728916,0.0467272418540032,false
252064,GNSS_AIDED,2.78,135,5.352082,0.022963512576954972,0.09545548589087541,1.0604429391048844,0.16139802607839748,false
252164,GNSS_AIDED,2.78,337,5.352082,-0.04861121255055657,0.1345197146908163,1.4341329640124623,0.35470368334875707,false
252262,GNSS_AIDED,2.78,337,5.352082,-0.019043511485195057,0.1451520174899835,1.4801164877244586,0.1303008644828564,false
252362,GNSS_AIDED,2.78,538,5.352082,0.02521415581409355,0.12121074712865353,1.364383259002383,0.08363437918474646,false
252464,GNSS_AIDED,2.78,538,5.352082,0.026728809884831888,0.1232523138243483,1.3424411646816552,0.12488063353604274,false
252564,GNSS_AIDED,2.78,739,5.352082,-0.01850970573511018,0.18372932250357527,1.9200181779080943,0.0718312056844864,false
252665,GNSS_AIDED,2.78,739,5.352082,0.04245846527095638,0.16507050356580905,1.7414731979376246,0.08232153804718623,false
252764,GNSS_AIDED,2.78,945,5.352082,0.05445687325575061,0.2190035543327282,2.543564442446005,0.1392556966222386,false
252865,GNSS_AIDED,2.78,945,5.352082,0.03762466324342348,0.14736468599319044,1.9023734770024119,0.3821543398206206,false
252964,GNSS_AIDED,2.783,147,6.168946,-0.12087403473299026,0.22079097407887868,2.8699025636663964,0.5400981854518399,false
253065,GNSS_AIDED,2.783,147,6.168946,-0.057434762441728446,0.15593260850021878,1.6666086649459453,0.18821084085303386,false
253164,GNSS_AIDED,2.783,348,6.168946,0.036434202728103854,0.20267088358491311,2.2488832723108265,0.26368862878923666,false
253265,GNSS_AIDED,2.783,348,6.168946,0.09289028944315833,0.2893428122242251,3.0360026048075612,0.1509977353967427,false
253365,GNSS_AIDED,2.783,548,6.168946,0.040027608614100305,0.2515607651571732,2.71599723395537,0.3505312933737704,false
253468,GNSS_AIDED,2.783,548,6.168946,0.06379669792172322,0.14912924745593253,1.7972410046148768,0.5103850434621188,false
253574,GNSS_AIDED,2.783,751,6.168946,-0.03135444266673939,0.48993155209086614,4.923915670436965,0.4310239735672426,false
253668,GNSS_AIDED,2.783,751,6.168946,0.04042771972231398,0.16455125429542541,1.9737705193881274,0.3889507243683995,false
253767,GNSS_AIDED,2.783,953,6.168946,-0.06271221955068836,0.22756263982336497,2.3830942772952537,0.3287900078176065,false
253868,GNSS_AIDED,2.783,953,6.168946,-0.08699640165071312,0.26292829057422656,3.763005828016592,0.33635959058152903,false
253970,GNSS_AIDED,2.8,156,6.7907305,0.04709818085080068,0.21631127614825976,3.445622380803488,0.134238801957387,false
254067,GNSS_AIDED,2.8,156,6.7907305,0.03571605934545596,0.3913599952644408,3.952995214001589,0.2255748276925607,false
254169,GNSS_AIDED,2.8,358,6.7907305,-0.013577342455370272,0.42662475263511884,4.285422430551366,0.21763000227155618,false
254268,GNSS_AIDED,2.8,358,6.7907305,-0.049826273238657785,0.3553397395587645,4.206113944118654,0.19893041523920008,false
254368,GNSS_AIDED,2.8,559,6.7907305,-0.024807785322386266,0.406484766430434,4.3917071448247516,0.03366705307238462,false
254471,GNSS_AIDED,2.8,559,6.7907305,-0.04416287811214184,0.5680005824041936,5.8154484167066185,0.23059408361727962,false
254568,GNSS_AIDED,2.8,760,6.7907305,-0.047160311464550464,0.5474305480359114,5.551643868747687,0.11105665261761281,false
254671,GNSS_AIDED,2.8,760,6.7907305,-0.029683030866026715,0.5085177649305751,5.118598724938461,0.05022061912160434,false
254784,GNSS_AIDED,2.8,962,6.7907305,-0.08049506204253458,0.50185964359871,5.157537007548125,0.09298160965365265,false
254871,GNSS_AIDED,2.8,962,6.7907305,-0.19008394561931335,0.46860290074349803,5.310002648616187,0.10251929227773496,false
254996,GNSS_AIDED,2.8,163,7.5128856,-0.15536544410213704,0.4769823366439815,5.276546707114605,0.19044712579395626,false
255073,GNSS_AIDED,2.8,163,7.5128856,-0.3211538161687496,0.4408383705418429,5.912344433456254,0.23547610107306774,false
255182,GNSS_AIDED,2.8,365,7.5128856,-0.1159352015946937,0.5853026622579232,6.110126495648469,0.08905652638696837,false
255271,GNSS_AIDED,2.8,365,7.5128856,-0.34760212550048686,0.3446732765210067,6.0298924103895875,0.11391953697959604,false
255381,GNSS_AIDED,2.8,566,7.5128856,-0.07730057169542148,0.5162719974368898,5.663336923781175,0.15010142457693024,false
255472,GNSS_AIDED,2.8,566,7.5128856,-0.3263011514990451,0.22705368190843106,5.782402808787229,0.13750561735180633,false
255581,GNSS_AIDED,2.8,767,7.5128856,-0.08792132522401767,0.4812680811496597,5.072573858707581,0.035031243155191155,false
255675,GNSS_AIDED,2.8,767,7.5128856,-0.24452063306137856,0.22152189513218729,4.416989408462925,0.15471079970856927,false
255777,GNSS_AIDED,2.8,967,7.5128856,-0.007939042974949129,0.4137395510471844,4.227528488853378,0.10815013601272723,false
255874,GNSS_AIDED,2.8,967,7.5128856,-0.0454216022015027,0.43811946292743914,4.433361847484389,0.04498969698434261,false
255981,GNSS_AIDED,2.8,161,7.89378,-0.022620191782946608,0.5302323066201773,5.297070060540087,0.28439808224790325,false
256072,GNSS_AIDED,2.8,161,7.89378,-0.2693994944095365,0.30089923797243545,5.048777775015624,0.27707896332838544,false
256174,GNSS_AIDED,2.8,362,7.89378,-0.02471316767770714,0.4922481974413795,5.098797990114183,0.383530276416818,false
256273,GNSS_AIDED,2.8,362,7.89378,0.032149931913449996,0.5748617041317936,5.787118387220693,0.5846419640493098,false
256387,GNSS_AIDED,2.8,564,7.89378,-0.3171312236591757,0.407582387215556,6.091937061443168,0.3627483747303476,false
256473,GNSS_AIDED,2.8,564,7.89378,-0.28281235613619227,0.3634752009531753,6.031570820055759,0.2895493971832372,false
256576,GNSS_AIDED,2.8,764,7.89378,-0.1940041389068765,0.5114125686886207,6.66745263786908,0.19100772784771508,false
256677,GNSS_AIDED,2.8,764,7.89378,-0.25992329095805894,0.47099592152707737,5.835654177465769,0.5186104413497871,false
256782,GNSS_AIDED,2.8,965,7.89378,-0.1368926498210413,0.4302387892595319,5.449554990753655,0.7236822472983727,false
256878,GNSS_AIDED,2.8,965,7.89378,-0.3403359202589285,0.3588248089462587,5.98939752584478,0.3540507293831358,false
256985,GNSS_AIDED,2.78,172,8.133126,-0.13778788291190203,0.5281018533685898,5.490022084278285,0.1425543329405129,false
257078,GNSS_AIDED,2.78,172,8.133126,-0.31146293058639596,0.4768530569314079,6.210692947638351,0.2578205250115638,false
257177,GNSS_AIDED,2.78,377,8.133126,-0.19910469905160952,0.5494061428735135,5.98871492457103,0.2791207219338953,false
257277,GNSS_AIDED,2.78,377,8.133126,-0.1955289109382946,0.4820849735431938,5.368659274511227,0.09010373920681478,false
257378,GNSS_AIDED,2.78,577,8.133126,-0.14478006525548276,0.4284160004294953,4.920288449834312,0.080018644875831,false
257477,GNSS_AIDED,2.78,577,8.133126,-0.0700510568910146,0.42777958976741964,4.913166666307949,0.15104925113761122,false
257577,GNSS_AIDED,2.78,779,8.133126,0.1837591138770657,0.39407269118585775,5.802646377358514,0.07862778619598577,false
257678,GNSS_AIDED,2.78,779,8.133126,-0.1447925102392839,0.548731698055974,5.808349026122455,0.25007064498636633,false
257795,GNSS_AIDED,2.78,981,8.133126,0.1617754986606479,0.29928330784733465,4.470334061395318,0.1815652114447123,false
257879,GNSS_AIDED,2.78,981,8.133126,0.1509609791818079,0.27927653803853925,4.569508627648119,0.14635149928641714,false
257993,GNSS_AIDED,2.76,184,7.719804,0.15449181088023828,0.2725738036754129,4.727132230439533,0.2542787090551807,false
258081,GNSS_AIDED,2.76,184,7.719804,0.1803165550093027,0.318137051954379,4.68900102092024,0.07434267041481211,false
258191,GNSS_AIDED,2.76,386,7.719804,-0.05003577991450025,0.5304629754510033,5.3454970522150695,0.11615179227443453,false
258280,GNSS_AIDED,2.76,386,7.719804,0.15722177370995716,0.4655646566384962,5.638115004899051,0.12117137256864141,false
258408,GNSS_AIDED,2.76,589,7.719804,-0.06408018074746565,0.5689791497941465,5.78972282559231,0.053949397320213664,false
258480,GNSS_AIDED,2.76,589,7.719804,0.24228068819874837,0.46169250075228496,5.556786626972014,0.26904002277712247,false
258581,GNSS_AIDED,2.76,791,7.719804,0.04718368164654973,0.6017682935343993,6.1012814053552455,0.3378801341809245,false
258680,GNSS_AIDED,2.76,791,7.719804,2.4785031226274434E-4,0.6970185439840016,7.599001877724319,0.03310841582143822,false
258779,GNSS_AIDED,2.76,791,7.719804,-0.12969141957028424,0.7626156453446946,8.316468685977167,0.4153884495724098,false
258889,GNSS_AIDED,2.76,993,7.719804,0.28820965106492,0.5378893140123481,7.580332723724565,0.1589880414705734,false
258981,GNSS_AIDED,2.76,993,7.719804,0.25498706280655076,0.4758855776975511,7.218116555499165,0.04689139522666589,false
259080,GNSS_AIDED,2.74,192,7.8706174,0.06446697957581314,0.6294210118071898,6.730763127255281,0.42904578724545317,false
259181,GNSS_AIDED,2.74,192,7.8706174,0.17006946536411524,0.6728609012495301,7.244743755585717,1.453974008274445,false
259281,GNSS_AIDED,2.74,393,7.8706174,0.11769377414065325,0.6071337749369614,6.78972967772233,0.7348515258228484,false
259387,GNSS_AIDED,2.74,594,7.8706174,-0.2768974632702996,0.559226234355063,7.518411444355711,0.2369673490791613,false
259483,GNSS_AIDED,2.74,594,7.8706174,0.11636720876207639,0.06135485038407832,6.8216893734585335,0.4193152441800813,false
259583,GNSS_AIDED,2.74,594,7.8706174,-0.02839195195437071,0.5539612652891833,5.591234138846555,0.2806422775705147,false
259684,GNSS_AIDED,2.74,794,7.8706174,-0.04086018639021616,0.4066003530016988,4.078887452075582,0.12756555081871876,false
259784,GNSS_AIDED,2.74,794,7.8706174,-0.01698330221200451,0.3354808919562527,3.3505616871781227,0.07968975377954512,false
259885,GNSS_AIDED,2.74,996,7.8706174,-0.009498268146760558,0.3168986091603857,3.221878168448864,0.11871757767881104,false
259984,GNSS_AIDED,2.74,996,7.8706174,0.11852253401258736,0.2933535164678117,3.5622936689899825,0.18429838337849838,false
260083,GNSS_AIDED,2.72,197,8.035329,-0.08758070701377849,0.43300872271914065,4.651769437724659,0.40077079322493153,false
260183,GNSS_AIDED,2.72,197,8.035329,-0.06751319315373877,0.5406994234801975,5.625901657767047,0.07402315019947983,false
260285,GNSS_AIDED,2.72,406,8.035329,-0.03980422873600844,0.6191673569909202,6.387923737105776,0.11139931200248207,false
260388,GNSS_AIDED,2.72,406,8.035329,-0.1790439306251693,0.6221515293613726,7.252109959820515,0.24508667562998598,false
260485,GNSS_AIDED,2.72,606,8.035329,-0.15100732972343076,0.7192023703406007,8.066163009711351,0.17635053788031663,false
260586,GNSS_AIDED,2.72,606,8.035329,-0.19572735575455102,0.7597698649572467,8.24422092881894,0.16426772326046726,false
260686,GNSS_AIDED,2.72,819,8.035329,0.1290342091132139,0.07123894307884553,8.089792160113683,0.3165143389454535,false
260786,GNSS_AIDED,2.72,819,8.035329,-0.16389373423141032,0.6350442684523359,7.390408762499906,0.38488443006597617,false
260886,GNSS_AIDED,2.72,1038,8.035329,-0.19802087498762097,0.7462014253509137,8.181353964796255,0.3187271539920706,false
260987,GNSS_AIDED,2.72,1038,8.035329,-0.22086723015787701,0.8254804204990714,8.694167613759268,0.3797849748431089,false
261091,GNSS_AIDED,2.716,240,7.995695,-0.3757367758118166,0.7922039795628427,10.03952585282107,0.6189495992735151,false
261191,GNSS_AIDED,2.716,240,7.995695,-0.24759115654553546,0.7367637409686844,8.326738644287698,0.09211110161610112,false
261287,GNSS_AIDED,2.716,441,7.995695,0.14439840623997918,0.11997561126354137,8.199650513294406,0.19497068875511261,false
261388,GNSS_AIDED,2.716,441,7.995695,-0.2963051737239641,0.6206117365684689,8.144469164180308,0.08973237738354327,false
261488,GNSS_AIDED,2.716,642,7.995695,-0.1236352084964065,0.6714338708306244,7.860209297566603,0.42086871410411425,false
261589,GNSS_AIDED,2.716,642,7.995695,-0.00684111508499334,0.7978190727558714,8.228702828681444,0.35429903558145054,false
261687,GNSS_AIDED,2.716,843,7.995695,-0.10390904452819479,0.9410341201982604,9.619942986694474,0.6254945329065995,false
261790,GNSS_AIDED,2.716,843,7.995695,-0.24377228148074112,0.8069604084618823,10.159274194374591,0.36423919974817676,false
261888,GNSS_AIDED,2.716,1044,7.995695,-0.24613151727221663,0.5714888086314904,8.777901629320855,0.3598786047605177,false
261990,GNSS_AIDED,2.716,1044,7.995695,-0.1260633090983047,0.5015746569112275,6.53947970386534,0.32174927248622454,false
262098,GNSS_AIDED,2.7,244,8.157832,-0.17281025986058107,0.6876358895715461,8.468527317305762,0.06337696704089608,false
262191,GNSS_AIDED,2.7,244,8.157832,-0.083183960636049,-0.01565867328142265,9.351314602852204,0.16772335961168136,false
262288,GNSS_AIDED,2.7,445,8.157832,-0.23387287402956386,0.8404007649943674,9.233274500245523,0.24869609650214147,false
262388,GNSS_AIDED,2.7,445,8.157832,-0.20677603257171412,0.7178532555140735,8.056738301381218,0.2701985844566836,false
262489,GNSS_AIDED,2.7,646,8.157832,-0.2828959634367742,0.6199695382710929,7.334817902614764,0.1281861421368124,false
262592,GNSS_AIDED,2.7,646,8.157832,-0.2230703355750655,0.5696609615725533,6.995409933352696,0.13650780088612208,false
262690,GNSS_AIDED,2.7,847,8.157832,-0.11471173178784083,0.6331084592251166,7.0301567748349125,0.027424638889544724,false
262795,GNSS_AIDED,2.7,847,8.157832,-0.18601974261887566,0.7901424849565606,8.823586583290155,0.1004490097110323,false
262892,GNSS_AIDED,2.7,1048,8.157832,-0.1886594475619984,0.813754824771586,8.872465555571317,0.18021304365390492,false
262993,GNSS_AIDED,2.7,1048,8.157832,-0.1623467681019405,0.7446339920458503,8.233277943354711,0.07519143559485139,false
263092,GNSS_AIDED,2.7,247,7.4958997,0.25651683322952945,0.5034425016710576,7.931017440892385,0.09982244542334547,false
263191,GNSS_AIDED,2.7,247,7.4958997,-0.1604443105931636,0.6463691356112441,7.326994283686331,0.07713511876887202,false
263290,GNSS_AIDED,2.7,449,7.4958997,-0.11165710449915618,0.6666607062495882,7.341844021561861,0.07870322907838359,false
263392,GNSS_AIDED,2.7,449,7.4958997,-0.18191149970879472,0.7445044330690792,8.13748253959596,0.1704493803837795,false
263493,GNSS_AIDED,2.7,650,7.4958997,-0.2162988048094442,0.7101618596744939,7.869097882551164,0.23777439296904473,false
263595,GNSS_AIDED,2.7,650,7.4958997,-0.25654044762298145,0.6557427328768471,7.674670491577617,0.21894219231464138,false
263693,GNSS_AIDED,2.7,851,7.4958997,-0.26797851337783846,0.7190064694574537,8.15489990192649,0.1838331254566367,false
263795,GNSS_AIDED,2.7,851,7.4958997,-0.2475004755558665,0.6934478047783162,8.010343841592901,0.20136486003689968,false
263893,GNSS_AIDED,2.7,1053,7.4958997,-0.140970493803674,0.6542067469321754,7.426316110152895,0.2592130638527462,false
263995,GNSS_AIDED,2.7,1053,7.4958997,-0.027304675771308917,0.716196662577676,7.653063822899065,0.3779093553176439,false
264095,GNSS_AIDED,2.7,258,7.0537534,-0.03478557241776498,0.7562870550373757,7.927458967961525,0.676485274280016,false
264194,GNSS_AIDED,2.7,258,7.0537534,-0.003834655762379366,0.6622837598559359,7.326420878090931,0.7854609969872692,false
264298,GNSS_AIDED,2.7,459,7.0537534,-0.0924140070159876,0.6616547714744373,8.0193811229114,0.3006591689558987,false
264399,GNSS_AIDED,2.7,459,7.0537534,-0.018356615344747394,0.6075858211873362,6.628115886135919,0.3120829217877884,false
264498,GNSS_AIDED,2.7,661,7.0537534,0.36072925531849603,0.3316940024346192,8.175405938704307,0.17502372006406117,false
264598,GNSS_AIDED,2.7,661,7.0537534,-0.09464165870145856,0.8158734704869909,8.32841401568525,0.08738032662648601,false
264699,GNSS_AIDED,2.7,862,7.0537534,-0.08955239945799377,0.6108166008586953,6.352901907215656,0.2685960433530663,false
264799,GNSS_AIDED,2.7,862,7.0537534,0.16432034660402425,0.4067072660146147,5.921960606314538,0.09744720039743247,false
264900,GNSS_AIDED,2.7,1063,7.0537534,0.17048369116271292,0.40850542176479127,6.087197018318724,0.06377222607298239,false
264999,GNSS_AIDED,2.7,1063,7.0537534,-0.10488062194291872,0.5924686318757646,6.5118272614106045,0.15582961521640404,false
265097,GNSS_AIDED,2.7,265,7.5715637,-0.055234817407143894,0.6274722795672995,6.5134536415349285,0.19315702872983717,false
265196,GNSS_AIDED,2.7,265,7.5715637,-0.061543457254450165,0.7295890438998122,7.367092250835698,0.14903512956751153,false
265297,GNSS_AIDED,2.7,466,7.5715637,-0.11369715053820913,0.6637769187159909,6.863719574156861,0.10293397426720648,false
265397,GNSS_AIDED,2.7,466,7.5715637,-0.1501736842376808,0.631697876278794,7.093824418278764,0.17657428185225277,false
265497,GNSS_AIDED,2.7,667,7.5715637,-0.08923459137014915,0.654575976166009,7.028582277407425,0.04546635106750757,false
265599,GNSS_AIDED,2.7,667,7.5715637,-0.1715486602652764,0.662650129813145,7.412732512237945,0.1725673406460222,false
265698,GNSS_AIDED,2.7,868,7.5715637,0.2556813235306328,0.5480816804844715,8.148790430268928,0.2541038972244153,false
265800,GNSS_AIDED,2.7,868,7.5715637,0.009001639441890023,0.7354377012574436,8.035212753548512,0.15647265536581073,false
265898,GNSS_AIDED,2.7,1070,7.5715637,-0.057490079848271605,0.7146923674184221,7.77663134132997,0.11418093906503701,false
265999,GNSS_AIDED,2.7,1070,7.5715637,0.024337980959703368,0.7441735734114714,7.8602407348282,0.11106744915127552,false
266099,GNSS_AIDED,2.7,271,7.860323,-0.06512831061876914,0.81718413043098,8.914611358962006,0.2593145635950621,false
266199,GNSS_AIDED,2.7,271,7.860323,-0.1318863609788238,0.7831331410569581,8.60616283165261,0.10841164988160723,false
266312,GNSS_AIDED,2.7,472,7.860323,-0.11231938714018547,0.6969625027561961,8.19843861956681,0.18622963142800728,false
266399,GNSS_AIDED,2.7,472,7.860323,-0.41602255534359467,0.4672304445572373,8.884704702953632,0.42263487330194294,false
266501,GNSS_AIDED,2.7,676,7.860323,-0.2029640843472217,0.5479888679291691,7.596156691180709,0.4267766547029061,false
266602,GNSS_AIDED,2.7,676,7.860323,0.1657893860838465,0.6885260179405128,8.048194872502194,0.1577695744910158,false
266700,GNSS_AIDED,2.7,878,7.860323,0.14850946672221396,0.5735852414886512,7.922698971842777,0.7998722730299348,false
266800,GNSS_AIDED,2.7,878,7.860323,0.08601812843656421,0.7858644044988392,8.683707346609571,0.2402409976813775,false
266904,GNSS_AIDED,2.7,1080,7.860323,0.042114660069082946,0.861844789283947,9.790251132163746,0.4662123270513047,false
267002,GNSS_AIDED,2.7,1080,7.860323,0.20486481652839442,0.8239070937074227,9.247514397444984,0.5855404176758005,false
267103,GNSS_AIDED,2.66,282,7.836131,0.3327973088366792,0.5617191004271883,7.331232766151508,0.6758624415860632,false
267201,GNSS_AIDED,2.66,282,7.836131,0.29263178603665707,0.8714035285067246,9.35116859340185,0.702294666112614,false
267301,GNSS_AIDED,2.66,484,7.836131,0.20477529650053206,0.714570014440571,7.882091914741589,0.836775491979799,false
267406,GNSS_AIDED,2.66,484,7.836131,0.1389837410792307,0.5401475555965173,5.943749207920698,0.5968462875612237,false
267501,GNSS_AIDED,2.66,685,7.836131,0.13012480492315484,0.5709953512537261,6.109729339523863,0.486381437965246,false
267603,GNSS_AIDED,2.66,685,7.836131,0.1580276738339805,0.6728835005046307,7.189714832308069,0.13145303046256848,false
267702,GNSS_AIDED,2.66,886,7.836131,-0.0057893755516328785,0.6708119014159105,6.720514267476939,0.24399264967171044,false
267803,GNSS_AIDED,2.66,886,7.836131,0.19129400826785029,0.8474314393265687,9.041456650229216,0.4485311565922837,false
267903,GNSS_AIDED,2.66,1088,7.836131,-0.34099821082197995,0.39087680845943373,8.407350537336061,0.17753239277055896,false
268004,GNSS_AIDED,2.66,1088,7.836131,0.055787798927895885,0.6568394186056087,7.610198198468697,0.23225756428727232,false
268106,GNSS_AIDED,2.633,290,8.01474,0.0614758616520626,0.6666826294515021,7.524004255845459,0.35835504767356163,false
268204,GNSS_AIDED,2.633,290,8.01474,0.1520920897399694,0.7701260646198149,8.574897938812054,0.07016341577110397,false
268305,GNSS_AIDED,2.633,492,8.01474,0.08814278279976959,0.738839357137283,8.00018754329157,0.4254053945301419,false
268404,GNSS_AIDED,2.633,492,8.01474,0.07426025306347118,0.5915687575656741,6.361366573287904,0.20649243878981632,false
268512,GNSS_AIDED,2.633,693,8.01474,-0.11062933198571404,0.5106588744043902,6.351331307771287,0.3685527932792778,false
268606,GNSS_AIDED,2.633,693,8.01474,-0.13300408226988666,0.613939483534981,7.670454618843061,0.5089838058343616,false
268716,GNSS_AIDED,2.633,894,8.01474,0.14452094066461757,0.6379103342563891,6.942199836878001,0.38346717283978693,false
268808,GNSS_AIDED,2.633,894,8.01474,-0.086568809151944,0.6245122231545335,7.302535702058823,0.6293089515187089,false
268912,GNSS_AIDED,2.633,1096,8.01474,0.23636439728093522,0.7087730476713774,7.538770296514501,0.675066340140603,false
269008,GNSS_AIDED,2.633,1096,8.01474,0.2510939852391813,0.6495356191360019,7.240047276962017,0.1711563926282179,false
269140,GNSS_AIDED,2.58,297,7.3759694,0.27967197146883616,0.5653844744365981,7.096206461566008,0.2777952519875471,false
269207,GNSS_AIDED,2.58,297,7.3759694,0.15949545968572312,0.24790330640911745,6.041131270650484,0.746847718108037,false
269307,GNSS_AIDED,2.58,498,7.3759694,-0.08171465023248026,0.6183441862967155,6.785305465228295,0.7241170428581574,false
269407,GNSS_AIDED,2.58,498,7.3759694,-0.14619894403806624,0.6908002917816572,7.829077629500459,0.6550626074506658,false
269509,GNSS_AIDED,2.58,699,7.3759694,-0.0370744760730466,0.762758293355849,7.983132109688556,0.385673411439322,false
269610,GNSS_AIDED,2.58,699,7.3759694,0.05259923044212827,0.7286066041219613,7.455032069901512,0.24060538873746726,false
269715,GNSS_AIDED,2.58,899,7.3759694,0.10143269523520167,0.6708771278212149,6.961129039246455,0.27341782537624376,false
269808,GNSS_AIDED,2.58,899,7.3759694,-0.1725515251636074,0.49367917099722713,6.581794752192636,0.07804025794734212,false
269908,GNSS_AIDED,2.58,1099,7.3759694,0.07317075333184035,0.5882589094433163,6.634364859997658,0.13535791438929545,false
270010,GNSS_AIDED,2.58,1099,7.3759694,0.0726150887664574,0.4836908530719883,5.615758484430617,0.19955401000595552,false
270111,GNSS_AIDED,2.583,302,7.8912063,0.0623178145094007,0.5384624872222874,5.743018472597121,0.08965533909044243,false
270211,GNSS_AIDED,2.583,302,7.8912063,0.12179150591827241,0.6270943128529118,6.926651603717757,0.1664779223007415,false
270309,GNSS_AIDED,2.583,503,7.8912063,0.1988311594554617,0.7092341810515808,7.906604926535751,0.04516865595693418,false
270409,GNSS_AIDED,2.583,503,7.8912063,0.14177760244182824,0.7352937775811441,8.057527149440242,0.13950321318444792,false
270520,GNSS_AIDED,2.583,703,7.8912063,0.22191480028427413,0.7487275372746507,8.51678429107613,0.09436056588300717,false
270612,GNSS_AIDED,2.583,703,7.8912063,-0.15211716759806185,0.08706068773782943,9.499923509435202,0.18333329279409005,false
270712,GNSS_AIDED,2.583,904,7.8912063,0.28006443640307155,0.8274002622377523,9.59209184114369,0.03903845926733773,false
270812,GNSS_AIDED,2.583,904,7.8912063,0.19177112400979826,0.7904297114887875,8.840633492545374,0.17931807279469694,false
270911,GNSS_AIDED,2.583,1103,7.8912063,0.21441703729740313,0.8307578535381651,9.235934264977242,0.21616233756488135,false
271013,GNSS_AIDED,2.583,1103,7.8912063,0.2242016695845025,0.7538837653050336,8.193742749356675,0.4376515788765004,false
271124,GNSS_AIDED,2.566,305,7.8824563,0.23472419453402454,0.7114357043187279,7.938356328675139,0.3290973090378253,false
271213,GNSS_AIDED,2.566,305,7.8824563,-0.11286428819692973,0.3933783501220242,6.989722149152382,0.24536587759449238,false
271320,GNSS_AIDED,2.566,506,7.8824563,0.13419410609898202,0.6154549663797508,6.996453630330762,0.4450654444333968,false
271413,GNSS_AIDED,2.566,506,7.8824563,-0.1547471066894915,0.15432781670395226,8.230574478305876,0.9227370869841081,false
271521,GNSS_AIDED,2.566,706,7.8824563,0.263233410763008,0.6772544627807598,8.558007702081378,0.419266082200669,false
271614,GNSS_AIDED,2.566,706,7.8824563,0.4061310356977279,0.14868702742521558,7.641419380053344,0.48934724400103374,false
271724,GNSS_AIDED,2.566,906,7.8824563,0.2594092261714384,0.642753912989735,8.348789342020577,0.6118128437151727,false
271814,GNSS_AIDED,2.566,906,7.8824563,0.031364509988908607,-0.005641357265075748,9.045553463895013,0.3146708224161679,false
271923,GNSS_AIDED,2.566,1107,7.8824563,0.1951019418278782,0.7403223467810628,9.083403689544756,0.5953640927921136,false
272018,GNSS_AIDED,2.566,1107,7.8824563,0.39286892766081505,0.7131231803005211,8.538680915528339,0.3256205401084789,false
272120,GNSS_AIDED,2.566,308,7.8762794,0.12034715286451812,0.6491556774008603,6.606109620607074,0.7269552063325408,false
272216,GNSS_AIDED,2.566,308,7.8762794,0.09094067409626107,0.4546100085990117,4.928999047098029,0.5546110326425588,false
272321,GNSS_AIDED,2.566,509,7.8762794,0.0674252134895437,0.36278431506796605,4.91856275081111,0.23951852638392596,false
272417,GNSS_AIDED,2.566,509,7.8762794,0.06568103393908743,0.3533996805845179,4.722946858631845,0.42900487968026246,false
272517,GNSS_AIDED,2.566,710,7.8762794,0.23798812734578684,0.5457054336504781,6.304327374093476,0.5034498409576575,false
272618,GNSS_AIDED,2.566,710,7.8762794,0.1137036247218232,0.6484909464519106,6.707302344801352,0.07012269782303299,false
272717,GNSS_AIDED,2.566,913,7.8762794,0.05809200797645079,0.6349814138359489,6.448416219879404,0.09537822597968629,false
272819,GNSS_AIDED,2.566,913,7.8762794,0.0507568889684275,0.5432149875880784,5.64595411195011,0.09022421937181073,false
272926,GNSS_AIDED,2.616,115,7.246774,0.07570080238999823,0.5641941255370172,6.006630331471236,0.18350019243610008,false
273017,GNSS_AIDED,2.616,115,7.246774,0.3611176254803487,0.31523686316806493,6.479393372167458,0.6105949059968717,false
273121,GNSS_AIDED,2.616,316,7.246774,0.004354757529289844,0.6996736467583201,7.567622821950978,0.3243540535776765,false
273218,GNSS_AIDED,2.616,316,7.246774,-0.13159268817947545,0.7407410622251615,8.309701773707795,0.1596051424791725,false
273317,GNSS_AIDED,2.616,517,7.246774,0.31450022823943563,0.5447303159856012,9.245790082497226,0.2631311117735044,false
273418,GNSS_AIDED,2.616,517,7.246774,-0.22397153917806548,0.8010664759602945,9.17559691869237,0.27184067590901645,false
273519,GNSS_AIDED,2.616,719,7.246774,-0.17671395947334279,0.6683731138611716,7.719517808489199,0.08333167548020018,false
273618,GNSS_AIDED,2.616,719,7.246774,-0.12062029069519754,0.747680210560888,8.03425976380545,0.08719942018035394,false
273719,GNSS_AIDED,2.616,922,7.246774,-0.04503897299864512,0.8108327181172712,8.262292758960989,0.24214843165385325,false
273820,GNSS_AIDED,2.616,922,7.246774,-0.0964808042317712,0.7322157612897592,7.8262468207206455,0.28865379439401745,false
273919,GNSS_AIDED,2.633,124,7.4109707,-0.002291726822458162,0.6606260047381967,6.970901484974341,0.1918929073663273,false
274019,GNSS_AIDED,2.633,124,7.4109707,0.02003331440635892,0.6498207291150987,6.7658863986235085,0.18129474758483283,false
274119,GNSS_AIDED,2.633,325,7.4109707,0.24411226084592136,0.49207285193381434,6.65641117460088,0.3762070524834563,false
274223,GNSS_AIDED,2.633,325,7.4109707,0.02155498082866689,0.577545768674642,6.0444849020799705,0.14662945006079853,false
274330,GNSS_AIDED,2.633,526,7.4109707,-0.037461110441989756,0.4815897512520619,5.116039193261002,0.08481632913073808,false
274420,GNSS_AIDED,2.633,526,7.4109707,0.24674524642155804,0.4264346130869118,5.413027028535139,0.34502634274610866,false
274529,GNSS_AIDED,2.633,727,7.4109707,-0.030194323392757183,0.40363148415812916,5.012559479969893,0.2183669276913699,false
274620,GNSS_AIDED,2.633,727,7.4109707,0.1554136990781662,0.20222571968436193,5.614336728316364,0.5107915038548377,false
274733,GNSS_AIDED,2.633,928,7.4109707,0.043366860168756224,0.4362488977923226,4.372937088703751,0.3775655653881693,false
274822,GNSS_AIDED,2.633,928,7.4109707,0.15424694492760838,0.39150402882456614,4.326203447275659,0.22067520169814364,false
274921,GNSS_AIDED,2.66,130,7.5576663,0.07875644389118512,0.36480162296866214,3.7521003456844753,0.15437883891830995,false
275023,GNSS_AIDED,2.66,130,7.5576663,0.12847961111195022,0.23178340497378014,2.83569435651142,0.2188642894523749,false
275123,GNSS_AIDED,2.66,333,7.5576663,0.04011124029039517,0.17221018679635586,2.1015669118106977,0.30081196498518625,false
275222,GNSS_AIDED,2.66,333,7.5576663,-0.01093546315356716,0.18175647517003646,1.833186791054978,0.2743008970784801,false
275324,GNSS_AIDED,2.66,533,7.5576663,-0.067134812062319,0.27129991757854516,2.7882867939119165,0.17953871153052273,false
275424,GNSS_AIDED,2.66,533,7.5576663,-0.05361535985502265,0.3446182044507522,3.501322764764828,0.1966265565786566,false
275525,GNSS_AIDED,2.66,735,7.5576663,-0.07371707560320805,0.40188227845052665,4.096309676590725,0.10152953608363655,false
275625,GNSS_AIDED,2.66,735,7.5576663,-0.06360963594554205,0.47904177183978613,4.981468371377044,0.15418035926338633,false
275726,GNSS_AIDED,2.66,936,7.5576663,-0.06463659940078306,0.5273531672673797,5.5547765870473675,0.09070833805616589,false
275826,GNSS_AIDED,2.66,936,7.5576663,-0.04727759638604481,0.5858740814537025,6.232409170155803,0.09575457568435751,false
275925,GNSS_AIDED,2.66,936,7.5576663,-0.09132533387877569,0.6027165667721944,6.600437799883622,0.08721373859445977,false
276025,GNSS_AIDED,2.633,138,7.777453,-0.1681708870868773,0.6274822779147264,6.860446114812934,0.11119300413893496,false
276125,GNSS_AIDED,2.633,138,7.777453,-0.12715735862319044,0.6325620232109426,6.943655428331856,0.14893102856631346,false
276225,GNSS_AIDED,2.633,338,7.777453,-0.021052904131890763,0.6129368665864007,6.4102818988813395,0.11595147083008238,false
276331,GNSS_AIDED,2.633,540,7.777453,-0.12837901622020842,0.6116909114794635,6.722205655690551,0.0850947677310815,false
276427,GNSS_AIDED,2.633,540,7.777453,0.11500751634252626,0.04978040106588457,7.041234688886206,0.1641846295579919,false
276527,GNSS_AIDED,2.633,540,7.777453,-0.15400175070148509,0.6482708511362584,6.931283515416701,0.08711179830014494,false
276627,GNSS_AIDED,2.633,759,7.777453,0.0011540696137573568,0.6068783209449149,6.2906530521366735,0.2993127126143712,false
276728,GNSS_AIDED,2.633,759,7.777453,0.05838346843403604,0.5743827236823325,6.145338745533634,0.2584870962749726,false
276827,GNSS_AIDED,2.633,961,7.777453,-0.1243617662171983,0.6063213861444142,6.484027621068119,0.27231527648536896,false
276928,GNSS_AIDED,2.633,961,7.777453,0.20977406318876274,0.27201145281906414,6.468001114270933,0.05681674615009473,false
277027,GNSS_AIDED,2.616,162,8.178936,-0.05390378342423742,0.5488351379620039,6.238490181145519,0.1419549467340718,false
277127,GNSS_AIDED,2.616,162,8.178936,-0.07222032018118428,0.546735057625572,6.227889622865696,0.0817863464051795,false
277230,GNSS_AIDED,2.616,365,8.178936,-0.1261279777627414,0.5294226219728349,6.520387797728527,0.26583305030730675,false
277327,GNSS_AIDED,2.616,365,8.178936,0.009913125026321282,0.4895744707345422,5.776553270042391,0.2379725079908774,false
277428,GNSS_AIDED,2.616,567,8.178936,-0.10966596243958927,0.6427241031772772,6.599476085787189,0.4346724510572246,false
277530,GNSS_AIDED,2.616,567,8.178936,-0.16197588309214128,0.6540986143715107,6.948180350053985,0.2507214783253207,false
277629,GNSS_AIDED,2.616,772,8.178936,0.00334723349076667,0.6270185481005962,6.287238704641686,0.3041794025594621,false
277730,GNSS_AIDED,2.616,772,8.178936,-0.0817926544295728,0.46395367491700124,4.784025627022374,0.40034003253951744,false
277829,GNSS_AIDED,2.616,973,8.178936,-0.1329280897795792,0.3492794370497083,4.185372760259383,0.24895114884410818,false
277930,GNSS_AIDED,2.616,973,8.178936,-0.03322174665509551,0.37331364332132944,3.9530572018954886,0.15449539477557583,false
278032,GNSS_AIDED,2.54,179,7.7223773,-0.04334664172442374,0.5154859685973516,5.2789548007681635,0.11125762138125307,false
278132,GNSS_AIDED,2.54,179,7.7223773,0.10680844757675689,0.5019514208394387,5.506673803434697,0.1396166751470568,false
278230,GNSS_AIDED,2.54,380,7.7223773,0.008177892768287029,0.5000660708847634,5.205104695012738,0.1807787006968652,false
278330,GNSS_AIDED,2.54,380,7.7223773,0.02440058918983998,0.49963762820643454,5.337761768678313,0.08717888006126184,false
278431,GNSS_AIDED,2.54,580,7.7223773,-0.01439449641992172,0.5374754021671548,5.898234423072258,0.06601325291209416,false
278542,GNSS_AIDED,2.54,580,7.7223773,-0.11740591500722132,0.6363516309100427,7.059024935601396,0.49286269596260235,false
278631,GNSS_AIDED,2.54,788,7.7223773,0.2962672073858435,0.24569079430578677,7.472471394642922,0.22761258083988764,false
278733,GNSS_AIDED,2.54,788,7.7223773,-0.11002487437488041,0.7058001893147685,7.456507824241422,0.06917252697977783,false
278832,GNSS_AIDED,2.54,989,7.7223773,-0.02090620456999498,0.6897572847333672,7.192656319488352,0.051712246284481754,false
278933,GNSS_AIDED,2.54,989,7.7223773,-0.0666920522029021,0.6746401784433861,7.392942329383247,0.06532017245014904,false
279032,GNSS_AIDED,2.55,190,7.5813437,-0.04290223274926451,0.6265393177198817,7.076610851928211,0.04570669658278324,false
279133,GNSS_AIDED,2.55,190,7.5813437,-0.0632511975546265,0.7256894665248675,7.812751067103164,0.12976805399668626,false
279232,GNSS_AIDED,2.55,392,7.5813437,-0.09955825992654328,0.7605041402407792,8.09519870641546,0.07208291804576006,false
279333,GNSS_AIDED,2.55,392,7.5813437,-0.16104742545906855,0.6811919486193749,7.604710184578225,0.08131871020185784,false
279435,GNSS_AIDED,2.55,592,7.5813437,-0.14802058267245283,0.6109966131518295,6.645042954142468,0.0858002943585476,false
279535,GNSS_AIDED,2.55,592,7.5813437,-0.1528449251127552,0.6233509294649886,6.766811437330341,0.06176709296147457,false
279635,GNSS_AIDED,2.55,793,7.5813437,-0.16461903082935345,0.6600254162250292,7.005400446073149,0.14588220178750722,false
279737,GNSS_AIDED,2.55,793,7.5813437,-0.1896730539794532,0.638939089789433,7.2691877790655735,0.19277952697739772,false
279837,GNSS_AIDED,2.55,995,7.5813437,-0.12202848679036556,0.6234778385393674,6.853493108046057,0.020933973785800947,false
279937,GNSS_AIDED,2.55,995,7.5813437,-0.20955038633112455,0.6516096838087457,7.574513125676713,0.1445392539748929,false
280037,GNSS_AIDED,2.533,196,7.234421,-0.15079190927631728,0.6786844596849514,7.384030062702047,0.06930022698499243,false
280143,GNSS_AIDED,2.533,196,7.234421,-0.036018606265243745,-0.006457267282912385,7.393381163682697,0.07269551643509746,false
280241,GNSS_AIDED,2.533,397,7.234421,-0.21130101156779496,0.7136528738725063,7.9771508007257665,0.1518861892071702,false
280341,GNSS_AIDED,2.533,397,7.234421,0.05269898342974414,0.028225736638431764,8.623957836567378,0.6357348644356307,false
280437,GNSS_AIDED,2.533,597,7.234421,0.1780989992427707,0.09539036848588239,7.26361176782913,0.1801094624000487,false
280538,GNSS_AIDED,2.533,597,7.234421,-0.22627858845985072,0.7805954478254928,8.349920044610307,0.4903806835658531,false
280638,GNSS_AIDED,2.533,797,7.234421,-0.20025577560417382,0.668730682526179,8.100719212384739,0.15606867989409973,false
280738,GNSS_AIDED,2.533,797,7.234421,-0.23879907544206805,0.5669770414284167,7.0514911839776335,0.07224374418575462,false
280837,GNSS_AIDED,2.533,998,7.234421,-0.13766405448057722,0.4697810535126501,5.949683376851658,0.23987946504097588,false
280938,GNSS_AIDED,2.533,998,7.234421,-0.09775364236754165,0.5581087661568256,6.251240473898265,0.06853882846965648,false
281036,GNSS_AIDED,2.516,200,6.4757204,-0.23967650258188397,0.6032085093852854,6.714094270296414,0.42322193035727534,false
281139,GNSS_AIDED,2.516,200,6.4757204,-0.18646855016049763,0.6137426090005271,6.480840972892409,0.2749179122238441,false
281237,GNSS_AIDED,2.516,401,6.4757204,-0.15873460644057294,0.5659532587508842,5.979862954707216,0.06415988095731766,false
281339,GNSS_AIDED,2.516,401,6.4757204,-0.16102343755558832,0.493853777352813,5.4646100348904465,0.18462842079966446,false
281442,GNSS_AIDED,2.516,602,6.4757204,-0.07797334381910621,0.515435639094147,5.847228294134932,0.18486816825305094,false
281540,GNSS_AIDED,2.516,602,6.4757204,-0.10304377762931657,0.623115198028619,6.817866724341485,0.12446978025611007,false
281639,GNSS_AIDED,2.516,802,6.4757204,-0.14749266446379078,0.6184264119941771,6.769632561573088,0.08570802408544809,false
281741,GNSS_AIDED,2.516,802,6.4757204,-0.17488056394390744,0.6099022140739447,6.683615946945469,0.1252525377526989,false
281840,GNSS_AIDED,2.516,1003,6.4757204,-0.198758390639905,0.6102547187748499,6.679630551897891,0.08791270651734609,false
281940,GNSS_AIDED,2.516,1003,6.4757204,-0.13287231211193598,0.5895069635636192,6.311743725468659,0.06542082725693846,false
282040,GNSS_AIDED,2.52,205,6.8854394,-0.1616437795686084,0.5999434828858029,6.565029847288328,0.07351859546772554,false
282140,GNSS_AIDED,2.52,205,6.8854394,-0.1888767931997573,0.6169842028603713,6.800162711724772,0.09783779207873511,false
282241,GNSS_AIDED,2.52,406,6.8854394,-0.11932952442950652,0.6078058735186108,6.828709164674355,0.10919616829492945,false
282341,GNSS_AIDED,2.52,406,6.8854394,-0.17457160703521915,0.6712021286256947,7.474350988480037,0.09251752915251642,false
282441,GNSS_AIDED,2.52,607,6.8854394,-0.13366889591549783,0.7085652116239187,7.776301625829661,0.09195495191583652,false
282543,GNSS_AIDED,2.52,607,6.8854394,-0.21989766020618373,0.6697969155411261,7.581488232581214,0.047262524100141035,false
282641,GNSS_AIDED,2.52,810,6.8854394,-0.24064839671347044,0.6227034097733942,7.311006073764422,0.08464172062251298,false
282743,GNSS_AIDED,2.52,810,6.8854394,-0.23237523833398693,0.6611593461149464,7.2131128904110335,0.20954562512569563,false
282842,GNSS_AIDED,2.52,1012,6.8854394,-0.17614893906285672,0.6265522469265232,6.846258778050648,0.04567819432919021,false
282943,GNSS_AIDED,2.52,1012,6.8854394,-0.16166645397071586,0.55411562673128,6.15924752412828,0.1279171582099049,false
283059,GNSS_AIDED,2.516,218,7.4310446,-0.27639374932916294,0.3173093470362938,5.73368178826672,0.25221300250018297,false
283142,GNSS_AIDED,2.516,218,7.4310446,-0.27823477136980923,0.31942290243693056,5.681303309572703,0.16728601493922704,false
283244,GNSS_AIDED,2.516,427,7.4310446,-0.02698422571706883,0.5564479713737489,5.802204676452299,0.1886524282633762,false
283343,GNSS_AIDED,2.516,427,7.4310446,0.28669780856722904,0.4588123784666119,6.348048438798957,0.10779439857120011,false
283443,GNSS_AIDED,2.516,629,7.4310446,0.31426288790701357,0.514838703698338,7.031549770552513,0.11800977304004259,false
283546,GNSS_AIDED,2.516,629,7.4310446,0.10122293644103383,0.5285502259567436,5.828254803254195,0.44402511423110047,false
283646,GNSS_AIDED,2.516,830,7.4310446,0.313268412800964,0.407556564769394,6.123580472861377,0.1728474512536788,false
283746,GNSS_AIDED,2.516,830,7.4310446,-0.024618663666521684,0.6034879965079055,6.8817905365951635,0.3437421709994355,false
283845,GNSS_AIDED,2.516,1032,7.4310446,0.08774187323558123,0.5910885762581524,6.686296296020099,0.276264425941415,false
283945,GNSS_AIDED,2.516,1032,7.4310446,0.03022946870577995,0.7029319279133339,7.439190572425681,0.13284345240070758,false
284047,GNSS_AIDED,2.5,232,7.4598694,0.022102073429601236,0.7384470712165302,7.898455628925751,0.31978711369631924,false
284147,GNSS_AIDED,2.5,232,7.4598694,0.027609183518703714,0.6339070969342241,7.345872311676035,0.36143783244608224,false
284248,GNSS_AIDED,2.5,434,7.4598694,-0.04719769959525086,0.5636071947961959,6.575363678297239,0.6340243553524442,false
284346,GNSS_AIDED,2.5,434,7.4598694,0.045188879617314194,0.5222347596073801,5.7763566533607476,0.22169739547557393,false
284453,GNSS_AIDED,2.5,635,7.4598694,0.07593211476040994,0.6341145337446198,6.602429144412998,0.2668202701909147,false
284548,GNSS_AIDED,2.5,635,7.4598694,0.2851452079573906,0.3383973486365892,6.24618009737685,0.35422550989302976,false
284656,GNSS_AIDED,2.5,837,7.4598694,-0.03175768643760106,0.588440062914842,5.933135208846999,0.3371125896120803,false
284749,GNSS_AIDED,2.5,837,7.4598694,0.2567463066539514,0.28585044802329873,5.274519117024825,0.06551861402907055,false
284857,GNSS_AIDED,2.5,1039,7.4598694,0.002360902524691181,0.5770969703419176,5.895099429806331,0.05603131900619539,false
284948,GNSS_AIDED,2.5,1039,7.4598694,0.2831868328350566,0.3485027824443396,6.503769282885017,0.34758310558764943,false
285061,GNSS_AIDED,2.5,240,7.8145127,0.04537365304989802,0.587516563253721,6.7015503047500085,0.17898367477715352,false
285151,GNSS_AIDED,2.5,240,7.8145127,0.3068720043244891,0.44040017299090967,6.556075845444861,0.3404166752547071,false
285253,GNSS_AIDED,2.5,441,7.8145127,0.06798753223298394,0.5988797231785481,6.526846431892808,0.23317686237739924,false
285348,GNSS_AIDED,2.5,441,7.8145127,0.3010592515086297,0.26098482736095624,6.710586424911868,0.09998568576616333,false
285451,GNSS_AIDED,2.5,641,7.8145127,0.09907592075982143,0.5003583101746002,6.160793628395219,0.3326347575561581,false
285551,GNSS_AIDED,2.5,641,7.8145127,0.17712659759602273,0.547620918317295,6.368968684077876,1.0259370740856828,false
285657,GNSS_AIDED,2.5,842,7.8145127,-0.12455399515725984,0.6695256340269122,7.304331502452617,0.24086832724648724,false
285751,GNSS_AIDED,2.5,842,7.8145127,0.10519886765955218,0.055969991865978744,5.724225276988255,0.2721033546343134,false
285860,GNSS_AIDED,2.5,1044,7.8145127,0.1825562332645937,0.10065793420027119,3.5908792679463506,0.46072922612479433,false
285951,GNSS_AIDED,2.5,1044,7.8145127,0.17789543660537482,0.09808806213918125,3.6545394450541355,0.14377269547769797,false
286055,GNSS_AIDED,2.5,246,7.847455,-0.06123997837220735,0.22933647605362195,2.527671287892954,0.2573057008718596,false
286150,GNSS_AIDED,2.5,246,7.847455,-0.07456771503183104,0.1743538846552374,2.3846930158488155,0.08384915934272834,false
286252,GNSS_AIDED,2.5,447,7.847455,-0.027328819135751383,0.2004720787221371,2.343436830352439,0.04974527517257188,false
286351,GNSS_AIDED,2.5,447,7.847455,-0.023585185737489658,0.1869319255465141,1.9836388707270602,0.1545070280029399,false
286453,GNSS_AIDED,2.5,648,7.847455,-0.023889272442691362,0.2702982831066262,3.1329546632058203,0.08969010098839808,false
286553,GNSS_AIDED,2.5,648,7.847455,-0.028676214852885587,0.3713919422448819,4.057364242016725,0.06474508124045195,false
286653,GNSS_AIDED,2.5,849,7.847455,-0.01857318170776883,0.42591177602713376,4.390844984128522,0.03312321938905182,false
286754,GNSS_AIDED,2.5,849,7.847455,-0.0020644355630527918,0.506301292823764,5.089325706802798,0.05839248568224564,false
286854,GNSS_AIDED,2.5,1050,7.847455,-0.011644082987039058,0.4885404839862525,4.9112448003677205,0.11481343913440846,false
286954,GNSS_AIDED,2.5,1050,7.847455,-0.028381731624753208,0.5075870825013021,5.270289726921656,0.05209855222564972,false
287075,GNSS_AIDED,2.483,253,8.099154,-0.04166954083882443,0.59265022330779,6.499518711997138,0.097091641878728,false
287156,GNSS_AIDED,2.483,253,8.099154,0.2963521733884956,0.2791696649486234,6.8043506135056,0.05676851287034282,false
287281,GNSS_AIDED,2.483,454,8.099154,-0.02081256787219508,0.6542205124717537,6.8919697492005865,0.04724113154801643,false
287357,GNSS_AIDED,2.483,454,8.099154,0.3040459904803494,0.2693416962776721,6.977307518783966,0.1522402028838862,false
287466,GNSS_AIDED,2.483,654,8.099154,0.09004747632654729,0.5980111724626486,6.325411680864711,0.11729587172975864,false
287558,GNSS_AIDED,2.483,654,8.099154,0.3318561388625893,0.4102139003720539,6.359350356437961,0.16135686332593463,false
287670,GNSS_AIDED,2.483,856,8.099154,0.07172305732321153,0.6195932999375049,6.625219533820187,0.18467497190387128,false
287758,GNSS_AIDED,2.483,856,8.099154,0.32461642379863365,0.4925989026878467,6.936204065156391,0.09593283483066685,false
287863,GNSS_AIDED,2.483,1057,8.099154,0.3088319773802818,0.4403182147213745,6.382122550646943,0.17123230413976578,false
287958,GNSS_AIDED,2.483,1057,8.099154,0.30718572627082014,0.43797106674903663,6.525226974900944,0.057038191338048175,false
288081,GNSS_AIDED,2.466,258,8.794029,0.07660283345385002,0.6027867852186042,6.5791375687706095,0.18456422396951364,false
288156,GNSS_AIDED,2.466,258,8.794029,0.2990124780990191,0.5170127795914652,6.825468220524171,0.15976855958193031,false
288264,GNSS_AIDED,2.466,460,8.794029,0.06011863665012517,0.5791284339699702,6.030845882827576,0.036048529342441495,false
288357,GNSS_AIDED,2.466,460,8.794029,0.1931746989481138,0.5332333048043165,5.862976094729714,0.0762687209217351,false
288457,GNSS_AIDED,2.466,661,8.794029,0.2540703351485448,0.44532797854081346,5.828767126912992,0.18893239519495506,false
288558,GNSS_AIDED,2.466,661,8.794029,0.07323925254153059,0.4764715008832941,5.313885513043418,0.07769572156772692,false
288663,GNSS_AIDED,2.466,865,8.794029,0.04425685552999249,0.5892606301424035,6.196842456086893,0.08721246458085286,false
288758,GNSS_AIDED,2.466,865,8.794029,0.015263825165878772,0.6942592989286027,7.242067798375592,0.10448997677600534,false
288860,GNSS_AIDED,2.466,1069,8.794029,0.09792749651262067,0.6388963671330598,6.831398282843841,0.26112897825173764,false
288960,GNSS_AIDED,2.466,1069,8.794029,0.08465421086549878,0.6398920553091012,6.803414146398765,0.025471227701353957,false
289059,GNSS_AIDED,2.466,1069,8.794029,0.06209753406328398,0.5487482124425966,6.122967970203279,0.1693110863166925,false
289159,GNSS_AIDED,2.466,273,8.781161,0.07723179132360287,0.604888315337954,6.348380420646612,0.07237467928529973,false
289259,GNSS_AIDED,2.466,273,8.781161,0.07973726485533676,0.665265934583736,6.902379130543604,0.19886508942639583,false
289374,GNSS_AIDED,2.466,474,8.781161,0.06044017439063137,0.5909690980729331,6.220003878923037,0.06552222417707503,false
289459,GNSS_AIDED,2.466,474,8.781161,0.015658992210295465,0.5281323902598772,5.6608211968749504,0.2181059200051996,false
289560,GNSS_AIDED,2.466,694,8.781161,0.10787381794380123,0.6082764410816512,6.5370667021065305,0.09501678832393802,false
289661,GNSS_AIDED,2.466,694,8.781161,0.13776313638217128,0.7330155765100927,7.6843252445178365,0.3829466541266331,false
289761,GNSS_AIDED,2.466,893,8.781161,0.21830406869014995,0.6743849725543306,7.446898399188011,0.32234222238332494,false
289862,GNSS_AIDED,2.466,893,8.781161,0.16458529622403634,0.684278159101369,7.29141113276917,0.1222800308389026,false
289961,GNSS_AIDED,2.466,1094,8.781161,0.14921805357725615,0.7394931452849852,7.947201016072545,0.5193218108939148,false
290064,GNSS_AIDED,2.466,1094,8.781161,0.10465636101857742,0.6377560938060329,7.217466566597903,0.2435709705427061,false
290164,GNSS_AIDED,2.46,303,9.360224,0.18454722896775846,0.5340958452897262,6.670880431079078,0.12292047311803667,false
290266,GNSS_AIDED,2.46,303,9.360224,0.21552754456728807,0.4638701944688866,7.359414758956794,0.8732947050616391,false
290365,GNSS_AIDED,2.46,504,9.360224,0.23371871473454353,0.6085176370537277,8.065060421472849,0.9255621751237467,false
290462,GNSS_AIDED,2.46,504,9.360224,0.13750151994983295,0.7375923164032091,9.028403055662938,0.1773261135627372,false
290563,GNSS_AIDED,2.46,705,9.360224,0.2610492332332563,0.7572024522247582,8.484984137203863,0.19277407560450124,false
290663,GNSS_AIDED,2.46,705,9.360224,0.16370223299974992,0.6047847746613282,6.378052902933789,0.2760267254753435,false
290764,GNSS_AIDED,2.46,906,9.360224,0.1337667504593695,0.46196222540387966,5.124053317123598,0.16537815503592326,false
290864,GNSS_AIDED,2.46,906,9.360224,0.05795823719377457,0.44898476628862544,4.793183346736974,0.10029775130544494,false
290964,GNSS_AIDED,2.46,1107,9.360224,0.004375867409727242,0.5150110179939432,5.289396529795383,0.08796863700459673,false
291065,GNSS_AIDED,2.46,1107,9.360224,0.011605966475402784,0.5093027461683731,5.3197708645427495,0.09513740589060002,false
291164,GNSS_AIDED,2.466,310,9.573833,0.02848219852973784,0.5770339779939858,5.898016825018631,0.14934982649601403,false
291266,GNSS_AIDED,2.466,310,9.573833,0.026816565968292672,0.676783516538567,6.8439265701719725,0.11869451729234479,false
291366,GNSS_AIDED,2.466,511,9.573833,0.020070956170934615,0.7280032900720148,7.3351270674246045,0.1650065941692008,false
291465,GNSS_AIDED,2.466,511,9.573833,0.1572097392866617,0.5568686371807718,6.222731841945175,0.18173966579715475,false
291565,GNSS_AIDED,2.466,713,9.573833,0.3273892133263567,0.3510819812209573,6.222492744908849,0.07293144398380165,false
291667,GNSS_AIDED,2.466,713,9.573833,0.08605252656959057,0.7698010638685746,8.233851704985701,0.4245515092831929,false
291766,GNSS_AIDED,2.466,919,9.573833,0.130865162937446,0.6993447447852733,7.818863323888726,0.14884276812344466,false
291866,GNSS_AIDED,2.466,919,9.573833,0.07543255788583236,0.6762434225744388,6.880841833404876,0.17497240901501301,false
291966,GNSS_AIDED,2.48,116,9.223823,0.14757653860456568,0.5750651034624368,6.190489414280721,0.31469649521533516,false
292067,GNSS_AIDED,2.48,116,9.223823,0.10104013209825584,0.804977420343925,8.502653240232277,0.5460657810669008,false
292167,GNSS_AIDED,2.48,317,9.223823,0.09523962269351102,0.6044148019904451,7.183626584564402,0.17159477143364057,false
292267,GNSS_AIDED,2.48,317,9.223823,0.10040461134514134,0.48819363568897817,6.4953692490421915,0.25054552153132154,false
292368,GNSS_AIDED,2.48,518,9.223823,0.3465267606940264,0.23111905383329936,6.059336552876834,0.509998493876493,false
292469,GNSS_AIDED,2.48,518,9.223823,0.21510259206498397,0.474159466136031,6.091366581920209,0.14119493455072143,false
292568,GNSS_AIDED,2.48,719,9.223823,0.276096229350672,0.08939097737518452,6.957240427820637,0.27933124820160105,false
292669,GNSS_AIDED,2.48,719,9.223823,0.006554134020030988,0.6896729748065805,6.97419964435394,0.15495025437926185,false
292768,GNSS_AIDED,2.48,921,9.223823,0.04932934856617376,0.5612438862886783,5.936929015078042,0.328131001615291,false
292870,GNSS_AIDED,2.48,921,9.223823,0.03940531063423223,0.5952960198729118,6.3917130213473605,0.45192561706969175,false
292970,GNSS_AIDED,2.483,125,10.12716,-0.034720083486978665,0.7229718541119053,8.450015221039529,1.47061558515923,false
293070,GNSS_AIDED,2.483,125,10.12716,0.08331598480200748,0.8553843631571185,9.974988388167072,0.6288012743491129,false
293179,GNSS_AIDED,2.483,327,10.12716,0.2677529209727689,0.6799619738646021,7.582219660107076,0.8816290237103975,false
293269,GNSS_AIDED,2.483,327,10.12716,0.47633495861579234,0.49917235251165143,7.156300533013172,1.084963647182336,false
293369,GNSS_AIDED,2.483,528,10.12716,0.40697942669053305,0.5638493984924619,7.27465954406002,1.2853311593806491,false
293529,GNSS_AIDED,2.483,528,10.12716,0.1972438485916859,0.4966132139330491,6.524309129452875,0.7090281541603696,false
293571,GNSS_AIDED,2.483,741,10.12716,0.14925782987079414,0.0010380266176674808,7.1116431381816145,1.3115275158304918,false
293671,GNSS_AIDED,2.483,741,10.12716,0.07778759543887231,1.082913431495261,11.776759101641025,0.8358543342785385,false
293772,GNSS_AIDED,2.483,945,10.12716,-0.03817514937420705,0.8870941782242601,10.218835345954082,0.8626157694320689,false
293882,GNSS_AIDED,2.483,945,10.12716,0.020863200063579734,0.5857166126960868,6.502001034221032,0.8131550520760766,false
293972,GNSS_AIDED,2.5,146,9.297427,0.2573847321182711,0.22166406874165745,3.997618406705838,0.5913935411708046,false
294081,GNSS_AIDED,2.5,146,9.297427,0.09369026261333219,0.32506581600056295,3.3864937013838765,0.22129501323243214,false
294173,GNSS_AIDED,2.5,347,9.297427,0.2396603676297287,0.14282534230104973,4.7221508879168566,0.588601224087621,false
294282,GNSS_AIDED,2.5,347,9.297427,0.06257482232012009,0.5282302915213348,5.335558665551079,0.43911851763435245,false
294384,GNSS_AIDED,2.5,562,9.297427,-0.004784904711513724,0.47091399204604184,4.97859027373378,0.46257267933893265,false
294480,GNSS_AIDED,2.5,562,9.297427,0.06241857383586036,0.5988910747848054,6.218416801231137,0.622942855271415,false
294585,GNSS_AIDED,2.5,763,9.297427,0.10760850530256608,0.5719774589859352,6.230953903705564,1.2278604340272046,false
294680,GNSS_AIDED,2.5,763,9.297427,-0.04844110104204812,0.5724627579101753,6.5718255296647605,0.9198490112095876,false
294783,GNSS_AIDED,2.5,964,9.297427,-0.07818542369046655,0.6360146728125512,7.476511324834847,0.5619831766703797,false
294880,GNSS_AIDED,2.5,964,9.297427,0.2828267685516378,0.21299708080644214,8.732866339772814,0.567484948147124,false
294983,GNSS_AIDED,2.5,165,9.7292795,-0.1624497434890043,0.7860242796100527,8.795988664504101,0.45905136870317004,false
295080,GNSS_AIDED,2.5,165,9.7292795,-0.09934609658223592,0.782458450116642,8.48603577353947,0.40658390028026414,false
295185,GNSS_AIDED,2.5,367,9.7292795,-0.30109749460983054,0.8242609230681001,9.514424370923205,0.5069647642100251,false
295279,GNSS_AIDED,2.5,367,9.7292795,0.003132295090636467,0.0014090952691062394,9.284678419412657,0.6109307347586693,false
295383,GNSS_AIDED,2.5,569,9.7292795,-0.3084467136388935,0.6840727476798483,8.94498304689334,0.5755054668951739,false
295479,GNSS_AIDED,2.5,569,9.7292795,-0.016854613392432355,-0.005299073779982294,8.644921169720886,0.2646902229991331,false
295582,GNSS_AIDED,2.5,770,9.7292795,0.03600510868124491,0.01037036595390779,8.442054075659534,0.5607029435953877,false
295678,GNSS_AIDED,2.5,770,9.7292795,0.011152736224272023,0.003212265155398657,8.58021733379761,0.7680052489694971,false
295782,GNSS_AIDED,2.5,970,9.7292795,-0.2031375826188275,0.7616620068699972,8.480634855073559,0.618643215173446,false
295879,GNSS_AIDED,2.5,970,9.7292795,0.07442057356867982,0.028344249735133678,8.266105438285233,0.19878811175801234,false
295981,GNSS_AIDED,2.5,169,10.15547,-0.24315854755975408,0.818570969589088,8.793774790466566,0.28924263674243383,false
296078,GNSS_AIDED,2.5,169,10.15547,-0.2179110924816754,0.7851208427624258,8.233039393234598,0.11930767753447968,false
296180,GNSS_AIDED,2.5,370,10.15547,-0.2690473847044921,0.8026274835336811,8.884157214201833,0.2582888086907095,false
296277,GNSS_AIDED,2.5,370,10.15547,-0.19392731193576904,0.7700295853460364,8.184465056435565,0.13184548779657784,false
296380,GNSS_AIDED,2.5,570,10.15547,-0.12142817625887617,0.6576513132115395,6.876706972355969,0.23867204797282712,false
296478,GNSS_AIDED,2.5,570,10.15547,-0.161706218324743,0.7113551287923362,8.241160846521778,0.22256659679083213,false
296580,GNSS_AIDED,2.5,771,10.15547,-0.1823200744991487,0.5695978245150649,8.23528110296925,0.5059267778917927,false
296679,GNSS_AIDED,2.5,771,10.15547,-0.08147910141777927,0.45497891029262866,7.368594487450264,0.3660930538369461,false
296795,GNSS_AIDED,2.5,984,10.15547,-0.005841558525253926,0.6660677077203284,7.712841265902884,0.4959769881891215,false
296892,GNSS_AIDED,2.5,984,10.15547,-0.1646737650625925,0.4912002961287705,5.432270470568805,0.37601516298861254,false
296987,GNSS_AIDED,2.5,185,11.008879,-0.32584072414035103,0.618482923109763,7.049119219090066,0.6443345672593527,false
297091,GNSS_AIDED,2.5,185,11.008879,-0.21560251831756988,0.6402072057604059,6.887278901810238,0.355868475962375,false
297195,GNSS_AIDED,2.5,385,11.008879,-0.13011614303202443,0.5857077185874289,6.716003048628266,0.16469756843348066,false
297291,GNSS_AIDED,2.5,385,11.008879,-0.06005792227264556,0.5821595113352309,7.283074688591367,0.22774780925929206,false
297394,GNSS_AIDED,2.5,586,11.008879,-0.04474053304139514,0.7028234911947362,8.596723968479441,0.27373176495574925,false
297490,GNSS_AIDED,2.5,586,11.008879,-0.07890046929153875,0.7851607074978443,8.758103015561929,0.1582870846693553,false
297595,GNSS_AIDED,2.5,787,11.008879,-0.09642263657200822,0.8772075841164082,9.09348473866213,0.08260189114845205,false
297687,GNSS_AIDED,2.5,787,11.008879,-0.14029131781621315,0.782305185287389,8.084271999464066,0.14644391782215235,false
297789,GNSS_AIDED,2.5,1000,11.008879,-0.17033065741240924,0.6380285446605692,6.89013076317511,0.09253006596255342,false
297888,GNSS_AIDED,2.5,1000,11.008879,-0.1492920168193943,0.6116954005270794,7.009875642730927,0.18937884697452698,false
297990,GNSS_AIDED,2.5,1000,11.008879,-0.12670014325378987,0.6065262201285889,6.901100843680345,0.2554736455770336,false
298088,GNSS_AIDED,2.5,202,11.302785,0.2157132743584692,0.2109112011783661,8.053048753846618,0.4407914862800959,false
298190,GNSS_AIDED,2.5,202,11.302785,-0.20577649808870652,0.6403096486138131,7.997075345302711,0.1628047728200531,false
298288,GNSS_AIDED,2.5,432,11.302785,-0.11586234934796107,0.6821696995268168,7.430497855412583,0.39116734716115587,false
298389,GNSS_AIDED,2.5,432,11.302785,-0.26482990258341366,0.9091243058785368,9.766995923038312,0.570576933345028,false
298485,GNSS_AIDED,2.5,632,11.302785,0.15501621907421242,0.11266364337535648,9.163044727029511,0.25541478773208887,false
298586,GNSS_AIDED,2.5,632,11.302785,-0.23023078043693007,0.5449291996790845,8.39214536755271,0.439617261739866,false
298687,GNSS_AIDED,2.5,851,11.302785,0.16565645589345623,0.12483111444459521,6.496570137944604,0.4235168879397616,false
298786,GNSS_AIDED,2.5,851,11.302785,-0.07124888551769198,0.5703077357609938,7.432066137846725,0.3446653746565799,false
298887,GNSS_AIDED,2.5,1052,11.302785,-0.09419276776047052,0.7126755657517386,8.164905046836736,0.24646546604014685,false
298987,GNSS_AIDED,2.5,1052,11.302785,-0.25934551910127945,0.9042429578869898,10.227501740206113,0.6069284248751056,false
299086,GNSS_AIDED,2.48,254,10.656294,-0.2687524350647987,0.8715903382445608,9.826716361262058,0.48771668211585906,false
299185,GNSS_AIDED,2.48,254,10.656294,-0.17096252108149687,0.7100462555627803,8.241368783345385,0.1920012448295123,false
299286,GNSS_AIDED,2.48,456,10.656294,-0.13266800084063085,0.6677382310530079,8.141957962109638,0.39138542251292063,false
299390,GNSS_AIDED,2.48,456,10.656294,-0.09111070286789023,0.7324139717172611,8.576131148120114,0.1032713702845456,false
299486,GNSS_AIDED,2.48,656,10.656294,-0.07627097721299532,0.9288574555053496,10.759050274366547,0.23553935119958763,false
299588,GNSS_AIDED,2.48,656,10.656294,-0.04767454707180146,1.0747509384922798,11.997462510255998,0.24785131381504089,false
299701,GNSS_AIDED,2.48,857,10.656294,0.12252557589668166,0.9079340901566709,10.096738672460607,0.11631447911747135,false
299801,GNSS_AIDED,2.48,857,10.656294,0.15963223503747526,0.8517908625999783,9.727476047318781,0.19389955024551503,false
299900,GNSS_AIDED,2.48,1058,10.656294,-0.29796955181970325,0.48838051231143087,9.164365075674421,0.15970854491537603,false
299988,GNSS_AIDED,2.48,1058,10.656294,0.17606678295623868,0.8423474425235221,9.530980668533015,0.14631911873553083,false
300088,GNSS_AIDED,2.46,260,10.668133,0.25003998116540815,0.9157788929146875,10.532115487919006,0.25016681766137566,false
300200,GNSS_AIDED,2.46,260,10.668133,0.3732224031899278,0.8126964602388889,9.943825521723198,0.352145371579881,false
300288,GNSS_AIDED,2.46,460,10.668133,-0.014023302233876753,0.6767606620595259,9.75203270798927,0.3834701873718976,false
300399,GNSS_AIDED,2.46,460,10.668133,0.29080917133489564,0.5632913353887682,9.522349044429902,0.4803078695183154,false
300489,GNSS_AIDED,2.46,664,10.668133,0.2353512620774465,-0.014328993744834857,8.253451074499528,0.32375435122107676,false
300599,GNSS_AIDED,2.46,664,10.668133,0.13087183999325339,0.6880376192188656,7.901755310635354,0.21678774104348983,false
300697,GNSS_AIDED,2.46,865,10.668133,0.20945466386259462,0.7643399304892566,7.9567963988225605,0.1948600353928175,false
300798,GNSS_AIDED,2.46,865,10.668133,0.26295149562502673,0.7608739607371268,8.05142547873103,0.21380888638542378,false
300897,GNSS_AIDED,2.46,1066,10.668133,0.043096440507839326,0.7017589417199629,7.378425015643777,0.16188964790155325,false
300995,GNSS_AIDED,2.46,1066,10.668133,0.2716721161704788,0.5867217636112186,6.935035240872734,0.2024481594655653,false
301097,GNSS_AIDED,2.45,268,10.752032,0.3436426063936311,0.7079873670023813,8.546959564290448,0.13066131248587004,false
301197,GNSS_AIDED,2.45,268,10.752032,-0.1330283031973532,0.6893045356554086,9.341071870760349,0.1416982821998856,false
301296,GNSS_AIDED,2.45,469,10.752032,0.19110353946058964,0.773267496439486,9.233163567664805,0.17463890329810514,false
301397,GNSS_AIDED,2.45,469,10.752032,0.34796028902689874,0.7383386348452304,9.430127133691718,0.5698571585767871,false
301496,GNSS_AIDED,2.45,670,10.752032,0.4376345682619436,0.9475429968117688,11.581028302656192,0.42893688455237167,false
301596,GNSS_AIDED,2.45,670,10.752032,0.400422590847428,0.845232620840932,10.532402193049467,0.18764470191195223,false
301697,GNSS_AIDED,2.45,871,10.752032,0.2195113948643376,-0.0642854310085736,10.821192519653337,0.0460929657085321,false
301796,GNSS_AIDED,2.45,871,10.752032,0.24764880645863505,-0.06873900954310844,11.213707187776976,0.3440030572210336,false
301895,GNSS_AIDED,2.45,1072,10.752032,0.3035299495468087,-0.08753777712462098,11.264394707804797,0.47209135725320445,false
301996,GNSS_AIDED,2.45,1072,10.752032,0.7196516913670062,0.714722300274303,12.577866249701279,1.0692189018518468,false
302095,GNSS_AIDED,2.42,274,10.149293,0.6031909829195526,0.8353297395010761,12.872122807986603,0.8030433240837376,false
302197,GNSS_AIDED,2.42,274,10.149293,0.4122572039331636,-2.2824690535433125E-4,11.172462263821751,0.4007701997116308,false
302299,GNSS_AIDED,2.42,475,10.149293,0.3224390450732061,0.6240646403685775,10.266912471264114,0.34338389792716717,false
302396,GNSS_AIDED,2.42,475,10.149293,0.33053868461441316,-0.023419020925981384,10.330046515598209,0.19859656891528207,false
302499,GNSS_AIDED,2.42,677,10.149293,0.34467919747960374,0.7327083141481223,9.330947403019296,0.22720479825869194,false
302596,GNSS_AIDED,2.42,677,10.149293,-0.29427691299171393,0.6296116250244789,10.907636606688998,0.4259974477037402,false
302700,GNSS_AIDED,2.42,880,10.149293,0.2864519764562432,0.8064141969897004,8.794628579110189,0.38704151559999045,false
302798,GNSS_AIDED,2.42,880,10.149293,-0.21475633390244,0.3700470271245839,7.623900540784043,0.20892496539757824,false
302911,GNSS_AIDED,2.42,1081,10.149293,0.25305389984525006,0.5581833653400173,7.758055510931404,0.43429913697771794,false
303011,GNSS_AIDED,2.42,1081,10.149293,0.21170896439717,0.6237195071122316,8.32545989210029,0.12703111495142244,false
303098,GNSS_AIDED,2.416,281,10.362388,0.3955388315055834,0.10780919829610161,8.911297809232511,0.1777612108813289,false
303210,GNSS_AIDED,2.416,281,10.362388,0.31869090645808357,0.7153194212169396,8.297029007337235,0.09403157377662431,false
303309,GNSS_AIDED,2.416,483,10.362388,0.4909286858936975,0.6520147113769693,8.380234343287926,0.7271012048647034,false
303407,GNSS_AIDED,2.416,483,10.362388,0.38352562632893883,0.712313479888673,8.271979046952953,0.46818765908633986,false
303509,GNSS_AIDED,2.416,684,10.362388,0.3243333664036606,0.8253798273684289,8.950389592669504,0.17716883379594436,false
303608,GNSS_AIDED,2.416,684,10.362388,0.22486170417848353,0.8284776266343751,8.562299727804843,0.41061990408902055,false
303711,GNSS_AIDED,2.416,886,10.362388,0.2149234507175203,0.523163868786381,6.591924053163473,0.6449225839548104,false
303808,GNSS_AIDED,2.416,886,10.362388,0.221182494414117,0.5531552441011938,8.255527802311844,1.3703480925994684,false
303911,GNSS_AIDED,2.416,1087,10.362388,0.2287242853689476,0.3441433635732529,8.885080319568441,1.4334366746966127,false
304008,GNSS_AIDED,2.416,1087,10.362388,0.26315202049750425,0.524918843119538,9.610323897693737,0.7357595469055851,false
304109,GNSS_AIDED,2.4,289,11.166899,-0.24161103926942884,1.0059698655037606,12.534163109542321,0.5376204343206731,false
304207,GNSS_AIDED,2.4,289,11.166899,-0.4178210285463897,0.9736646588566463,10.95572755682843,0.5244244051397166,false
304311,GNSS_AIDED,2.4,490,11.166899,-0.050862382126617436,0.8386746339557513,8.441041473108262,0.10551806067422738,false
304407,GNSS_AIDED,2.4,490,11.166899,0.14159648026602625,0.7980395750613988,8.352420055683863,0.204242152815661,false
304511,GNSS_AIDED,2.4,691,11.166899,0.09850080832018857,0.6207327908065695,7.543878340665002,0.23429775494574914,false
304605,GNSS_AIDED,2.4,691,11.166899,0.12492102236589954,0.49482140413102466,8.39762779141157,0.27996189291079526,false
304710,GNSS_AIDED,2.4,892,11.166899,0.10056554130983392,0.6251756883188463,9.459293327115086,0.3877210236506365,false
304806,GNSS_AIDED,2.4,892,11.166899,0.055297596928736176,0.9092932337732222,11.362258870782544,0.3116772107596287,false
304912,GNSS_AIDED,2.4,1093,11.166899,0.0654405263558808,0.8630749386191284,9.163682892841592,0.2401808293581142,false
305007,GNSS_AIDED,2.4,1093,11.166899,0.342180474476315,0.7956736812312317,8.844952130186131,0.4531657566746219,false
305110,GNSS_AIDED,2.4,295,11.61831,0.37938923673245045,0.8835049585790934,9.601179951410561,0.48128663860271687,false
305205,GNSS_AIDED,2.4,295,11.61831,0.5841416883528822,0.643890715991866,9.036529727375848,0.31953561563851196,false
305310,GNSS_AIDED,2.4,496,11.61831,0.18994353160026436,0.692384034366962,8.249665833039046,0.5662733868037668,false
305406,GNSS_AIDED,2.4,496,11.61831,0.32929016565391656,0.25685901104042774,8.110202170419438,0.6077509387973403,false
305509,GNSS_AIDED,2.4,697,11.61831,0.16163017366993915,0.3779013812639783,7.9514846279953355,0.5019744013659699,false
305604,GNSS_AIDED,2.4,697,11.61831,-0.03961938873218909,0.018591317461395643,8.258409481813374,0.3341614434592346,false
305705,GNSS_AIDED,2.4,898,11.61831,0.042374225068225406,0.8391061454616342,9.44952027935495,0.6692647518177669,false
305802,GNSS_AIDED,2.4,898,11.61831,-0.042254487195394326,1.0758095800460832,10.96348363051736,0.15530124056146172,false
305906,GNSS_AIDED,2.4,1099,11.61831,0.048831915262623565,0.8923050633768831,9.13008459738789,0.18637444021563057,false
306002,GNSS_AIDED,2.4,1099,11.61831,0.14451295004250705,0.7122048489591571,7.8483618171067375,0.2718833648714703,false
306102,GNSS_AIDED,2.4,308,11.9606,0.1196374850500102,0.5774567893934041,7.67262861818303,0.20184190082078837,false
306205,GNSS_AIDED,2.4,308,11.9606,0.18051102187552537,0.6220432348409868,9.020709586444376,0.15710053276107425,false
306303,GNSS_AIDED,2.4,508,11.9606,0.20469891691783712,0.759223499657872,10.830518195476056,0.2350963744332424,false
306452,GNSS_AIDED,2.4,508,11.9606,0.12182478742594001,0.902592167418891,10.898905112489487,0.2987627767086371,false
306503,GNSS_AIDED,2.4,709,11.9606,-0.2561280463550301,0.07430721511199753,11.385724275665279,0.47913525122684836,false
306604,GNSS_AIDED,2.4,709,11.9606,0.03237343849581237,0.8362612629516156,9.916204647917851,0.10252483547931059,false
306724,GNSS_AIDED,2.4,910,11.9606,0.07801612935619107,0.753010895380339,8.58416634851283,0.22062450689630653,false
306804,GNSS_AIDED,2.4,910,11.9606,0.30950824226553414,0.05062494185487824,8.014247966019974,0.4905997863622098,false
306903,GNSS_AIDED,2.416,112,11.734122,0.21597650235508037,0.710025303003865,7.998815075635363,0.6653499769377711,false
307014,GNSS_AIDED,2.416,112,11.734122,0.1386786828604513,0.0076276642067189745,8.304255350674099,0.36524710145201617,false
307112,GNSS_AIDED,2.416,322,11.734122,0.026110952766148006,0.001150243328756718,7.568630877763173,0.08513302100577579,false
307213,GNSS_AIDED,2.416,322,11.734122,0.10548762078210212,0.66829768981842,7.440105909540374,0.1696575621234594,false
307307,GNSS_AIDED,2.416,322,11.734122,0.06124102725716589,0.006047583371278383,9.365887416673393,0.49928390858406974,false
307407,GNSS_AIDED,2.416,523,11.734122,-0.10655162764662222,0.8093352352694999,8.487675469405477,0.2874426027619063,false
307511,GNSS_AIDED,2.416,523,11.734122,0.1339559119404364,0.6509483017367806,7.329921092012729,0.27110787939557207,false
307607,GNSS_AIDED,2.416,725,11.734122,0.14562255608928956,0.6187349957594165,7.1749342383594366,0.23897777787392838,false
307706,GNSS_AIDED,2.416,725,11.734122,0.22242667719103437,0.549390835430407,7.067443765045804,0.2843628088070528,false
307808,GNSS_AIDED,2.416,926,11.734122,0.1732322399719228,0.5856581588656388,6.866552125208621,0.2261580299620757,false
307907,GNSS_AIDED,2.416,926,11.734122,0.08878889433238021,0.8167862733389006,8.568429645577723,0.10416580528277448,false
308008,GNSS_AIDED,2.44,126,11.387714,0.05188178682598853,0.8419986086169056,8.675523056247012,0.05131152986796571,false
308109,GNSS_AIDED,2.44,126,11.387714,0.011228754210157938,0.8752514695259104,9.027506231956943,0.234844712601067,false
308208,GNSS_AIDED,2.44,335,11.387714,0.18074982231219403,0.8282153064518362,8.695325710471176,0.5839733989963246,false
308309,GNSS_AIDED,2.44,335,11.387714,0.3857545622631914,0.2227155303404352,7.620821307740141,0.5798882329205012,false
308410,GNSS_AIDED,2.44,544,11.387714,0.06483177592915818,0.6279046451313594,7.870720663939331,0.516559322290785,false
308510,GNSS_AIDED,2.44,544,11.387714,0.12503890833913991,0.6602413784727015,8.910644240125638,0.478030939692234,false
308610,GNSS_AIDED,2.44,747,11.387714,0.13793764933473854,0.890469609942161,10.883401779053044,1.0375865815069922,false
308710,GNSS_AIDED,2.44,747,11.387714,0.24405036680031722,0.6090608342841193,7.751338088655674,0.27285834104312356,false
308810,GNSS_AIDED,2.44,948,11.387714,0.19969620071955335,0.795120214314332,9.122144020963738,0.34987569604790186,false
308910,GNSS_AIDED,2.44,948,11.387714,0.10656655603778731,0.8644102618596025,9.424687960924642,0.3051157580216615,false
309010,GNSS_AIDED,2.45,150,12.016191,0.13534704922407162,0.8972171826068401,9.82241263616689,0.29864975236247726,false
309112,GNSS_AIDED,2.45,150,12.016191,0.21403647397090078,0.8296979838824946,9.049207730428904,0.39231273414227397,false
309210,GNSS_AIDED,2.45,352,12.016191,0.15746506119163858,0.7526402352150425,8.784619270187841,0.4379745766300278,false
309311,GNSS_AIDED,2.45,352,12.016191,0.07591477896564348,0.7025586873914752,8.373272336113834,0.6007767943113271,false
309413,GNSS_AIDED,2.45,552,12.016191,0.036501441065699046,0.7620275147256683,8.65815499727236,0.7062176085918038,false
309512,GNSS_AIDED,2.45,552,12.016191,0.031244060984241952,0.8174901703833166,8.935363226560488,0.44477949982338844,false
309613,GNSS_AIDED,2.45,756,12.016191,0.0015774245534689276,0.7973335144135325,8.346376099680098,0.6878790163627827,false
309711,GNSS_AIDED,2.45,756,12.016191,-0.02901379774657621,0.8463397020355695,8.646827343525135,0.4805325290649133,false
309813,GNSS_AIDED,2.45,957,12.016191,-0.006109801488185187,0.7744098172156962,7.793329031236572,0.1611279449849614,false
309913,GNSS_AIDED,2.45,957,12.016191,0.05631656840633149,0.6457090038027503,6.869907238425642,0.3358866693261268,false
310016,GNSS_AIDED,2.483,159,12.383187,0.1286418193652849,0.7398474658565769,7.834611636433179,0.44469761006714736,false
310117,GNSS_AIDED,2.483,159,12.383187,0.12496600741758493,0.8020788813995455,8.953960209149338,1.1443784689723637,false
310213,GNSS_AIDED,2.483,360,12.383187,-0.007273472279266546,5.60184580475017E-4,11.873566369969186,1.572536225758273,false
310315,GNSS_AIDED,2.483,360,12.383187,0.1271255604124742,0.786920227459099,10.523294389008159,0.22839444088743432,false
310415,GNSS_AIDED,2.483,568,12.383187,0.13345394896063284,0.6681334301211265,11.080569008136365,0.5788722530543662,false
310514,GNSS_AIDED,2.483,568,12.383187,0.22015563975499536,0.12710693498426637,9.804674479590995,1.2861351085765813,false
310616,GNSS_AIDED,2.483,773,12.383187,-0.3613977505860682,0.8976537597891605,12.1022481794123,0.7957895455769572,false
310717,GNSS_AIDED,2.483,773,12.383187,-0.2962818846557217,1.0372080600516564,12.648702804676786,0.3579596334290654,false
310817,GNSS_AIDED,2.483,974,12.383187,-0.11559744924109622,1.0548178370601744,12.656432110965035,0.3168878469634221,false
310918,GNSS_AIDED,2.483,974,12.383187,0.20422919994438182,0.06375495420849249,12.28842431825857,0.09595635727031804,false
311019,GNSS_AIDED,2.54,175,12.48047,0.025799390776247485,0.9706447636533239,12.442232172566602,0.7120618937488493,false
311117,GNSS_AIDED,2.54,175,12.48047,0.13598575967745702,1.0159606821314828,14.164007351141045,0.6855552745882662,false
311218,GNSS_AIDED,2.54,378,12.48047,-0.13213255204457175,0.8192841820945693,11.851488486792574,0.28085433773247637,false
311317,GNSS_AIDED,2.54,378,12.48047,-0.10863169266629134,0.7861594144015804,11.736062399711876,0.5097465818135625,false
311417,GNSS_AIDED,2.54,579,12.48047,-0.029138832160951113,0.7945511861567769,10.847913685776039,0.2782616391554715,false
311519,GNSS_AIDED,2.54,579,12.48047,-0.09872890110690773,1.0793496093215065,12.047994490212645,0.7458654879792485,false
311618,GNSS_AIDED,2.54,780,12.48047,-0.0037566992352683587,1.1253473030793286,12.480825974157371,0.1948941329297583,false
311718,GNSS_AIDED,2.54,780,12.48047,0.04107689440163377,0.9959597143606883,12.192441803657713,0.4851391550548104,false
311818,GNSS_AIDED,2.54,983,12.48047,0.04078606979488775,0.9335486588569558,11.603175708070161,0.09290058165409537,false
311918,GNSS_AIDED,2.54,983,12.48047,0.3248261594867619,0.1335652192436345,10.015272047382362,0.9485556992759742,false
312018,GNSS_AIDED,2.54,185,11.626546,0.1923243220871213,0.5178618691629274,8.56673124591425,1.3018814896364521,false
312118,GNSS_AIDED,2.54,185,11.626546,0.037492238087336933,0.920616315448299,10.774232387195978,0.4852384923320683,false
312219,GNSS_AIDED,2.54,388,11.626546,-0.11178591251385832,0.9444268162418944,11.002287969187838,0.4065274001893638,false
312318,GNSS_AIDED,2.54,388,11.626546,0.0701832121691007,1.10749514522689,11.907709766438954,0.2759042060847173,false
312420,GNSS_AIDED,2.54,588,11.626546,0.014532333412736635,0.9862610721119395,11.521424349107097,0.45526750177895586,false
312520,GNSS_AIDED,2.54,588,11.626546,-0.010280694711079556,0.8712722760305172,10.546907327810588,0.38657372597211914,false
312620,GNSS_AIDED,2.54,790,11.626546,-0.008907855040935397,0.7839326641937899,9.740620283493723,0.24450735045598762,false
312720,GNSS_AIDED,2.54,790,11.626546,-0.05224845297040593,0.8161692900631383,10.034220631420876,0.43437700958026737,false
312820,GNSS_AIDED,2.54,991,11.626546,0.041412104688537815,0.7847325241447007,9.365331129499916,0.37571248894554365,false
312920,GNSS_AIDED,2.54,991,11.626546,0.055539423784424294,0.8997211027619176,9.625338219549839,0.5585335619657241,false
313022,GNSS_AIDED,2.533,192,11.63684,0.026634831016066157,0.7873354704292272,8.749904890929336,0.1797390676167506,false
313125,GNSS_AIDED,2.533,192,11.63684,-0.07454249391973614,0.6566352099113729,7.298546237842932,0.06946993722074224,false
313224,GNSS_AIDED,2.533,394,11.63684,0.27149035638922997,0.2749186970635173,6.436554538827347,0.24699065614357218,false
313323,GNSS_AIDED,2.533,394,11.63684,-0.043883784693348055,0.68826555279798,6.9505926636645015,0.5198929495111607,false
313421,GNSS_AIDED,2.533,594,11.63684,0.031655837628835434,0.7068716834091235,7.2254515173403515,0.44722460379783163,false
313522,GNSS_AIDED,2.533,594,11.63684,0.02348887258292296,0.635428142461474,6.5692375017167794,0.1771988874859484,false
313623,GNSS_AIDED,2.533,795,11.63684,0.03597855172352489,0.001738513070142292,7.724774525852005,0.1322250798838162,false
313723,GNSS_AIDED,2.533,795,11.63684,-0.024690835788773357,0.4563781375574318,7.221742728608802,0.6526421061665344,false
313824,GNSS_AIDED,2.533,998,11.63684,0.007026998772471506,0.43486331632152575,5.557082182922373,0.6229539291353434,false
313923,GNSS_AIDED,2.533,998,11.63684,-0.03515810759002685,0.8768883497898999,8.980602614645521,0.2041116346565891,false
314023,GNSS_AIDED,2.54,199,11.498895,-0.13824930145841674,1.2014660113567524,12.431689808847288,0.6080715266462292,false
314123,GNSS_AIDED,2.54,199,11.498895,-0.10001768376297936,1.1378838633707762,12.193239133537263,0.475894175723011,false
314224,GNSS_AIDED,2.54,402,11.498895,-0.0812993071405746,0.7070850777023107,9.072505752145439,0.39502513714931636,false
314323,GNSS_AIDED,2.54,402,11.498895,-0.08741498945791576,0.5911970485908481,8.147907314208897,0.23154266736799542,false
314424,GNSS_AIDED,2.54,603,11.498895,0.14860803542237422,0.08579890080305189,8.292879951636825,0.2050737628331418,false
314526,GNSS_AIDED,2.54,603,11.498895,-0.08704705376831313,0.8924614510018973,9.956077160852889,0.12909199972015764,false
314625,GNSS_AIDED,2.54,804,11.498895,0.36210582497476185,0.20264086855831298,10.658362324221125,0.16377283399191395,false
314727,GNSS_AIDED,2.54,804,11.498895,-0.1062586932949752,0.8784357699134135,9.302753805428958,0.14329464210879178,false
314825,GNSS_AIDED,2.54,1006,11.498895,-0.15549429314429097,0.639331020163294,7.384873822067693,0.15047742602729913,false
314926,GNSS_AIDED,2.54,1006,11.498895,-0.1689357647618856,0.5414153383510614,6.941709198360424,0.22380365557171267,false
315030,GNSS_AIDED,2.533,208,11.317198,-0.1676314445599069,0.7382863119337496,8.539311261614994,0.26990121752179774,false
315127,GNSS_AIDED,2.533,208,11.317198,-0.1506165296809216,0.7737119488614751,8.660124702808316,0.465046838638793,false
315226,GNSS_AIDED,2.533,412,11.317198,-0.2246339435167032,0.8960829632851293,9.346058918494977,0.49222408154697733,false
315328,GNSS_AIDED,2.533,412,11.317198,0.23123000566667645,0.26472149873372985,7.0042163694021315,0.5095892423471582,false
315426,GNSS_AIDED,2.533,613,11.317198,-0.03134367402403398,0.50431404792296,6.679728745263966,0.20343339906853944,false
315528,GNSS_AIDED,2.533,613,11.317198,-0.04780136608580343,0.7469519767947583,9.543085823546896,0.46910481976508656,false
315629,GNSS_AIDED,2.533,815,11.317198,-0.09244885440738106,0.8598545940489988,10.055384819839835,0.27411195194649507,false
315731,GNSS_AIDED,2.533,815,11.317198,-0.02173809952544005,0.8787337371257083,10.985969469315938,0.21576927691391437,false
315830,GNSS_AIDED,2.533,1016,11.317198,0.004271801524607985,0.826126586143687,10.920506944930002,0.20920422934005387,false
315929,GNSS_AIDED,2.533,1016,11.317198,0.002229365868995666,0.8635491779207665,10.934437128960788,0.3264145813911242,false
316036,GNSS_AIDED,2.516,218,11.721769,0.21135060024512897,1.025553245728884,11.649321131878395,0.23503731425826008,false
316133,GNSS_AIDED,2.516,218,11.721769,0.1760555252147123,-0.010139284542536032,12.800933748126804,0.16849730543087268,false
316228,GNSS_AIDED,2.516,419,11.721769,0.4084733969909509,0.895856950534264,12.341356912755966,0.2661359425943787,false
316334,GNSS_AIDED,2.516,419,11.721769,0.5778309004858635,0.8154723767647807,12.86345728186183,0.0835920554258812,false
316430,GNSS_AIDED,2.516,619,11.721769,0.6821539800110243,0.7297571414805544,12.727025931571276,0.16843851891379724,false
316532,GNSS_AIDED,2.516,619,11.721769,0.531491381179072,0.6927627015971364,10.208622466701081,0.2815665596089818,false
316632,GNSS_AIDED,2.516,821,11.721769,0.2991601754567646,0.7126312654863876,9.006295618115939,0.3458161368066909,false
316730,GNSS_AIDED,2.516,821,11.721769,0.18344261372506995,0.527997596809523,6.270273410625671,0.2811289811995998,false
316845,GNSS_AIDED,2.516,1021,11.721769,0.12199522079991339,0.2663340562503297,3.052082380995016,0.1435925120472206,false
316931,GNSS_AIDED,2.516,1021,11.721769,0.10943911592381604,0.09900968689727381,2.438180992815806,0.3130259634551357,false
317041,GNSS_AIDED,2.5,223,11.401097,0.08242468728092679,0.13278800060407742,1.558863473150921,0.40157191288186994,false
317132,GNSS_AIDED,2.5,223,11.401097,0.06703046921177468,0.08199824002951055,1.7112004011242965,0.6302383512292218,false
317260,GNSS_AIDED,2.5,425,11.401097,0.06375064806932065,0.08274905992317645,3.5688853797852698,0.6868211288851186,false
317332,GNSS_AIDED,2.5,425,11.401097,0.09140594895530645,0.11864595226095344,2.0218006438231826,0.24057612638974935,false
317436,GNSS_AIDED,2.5,626,11.401097,0.04905718915592197,0.12383527315245998,2.3053967372069737,0.26578354992666503,false
317532,GNSS_AIDED,2.5,626,11.401097,-0.05869494513700057,0.5564856187229985,5.61568666919391,0.6819931817950642,false
317640,GNSS_AIDED,2.5,828,11.401097,0.038146344873392274,0.4589011832890481,4.761851740808709,0.09209709131643533,false
317734,GNSS_AIDED,2.5,828,11.401097,0.1757676550114411,0.1527709125344852,3.0266848174960725,0.5641058414374138,false
317840,GNSS_AIDED,2.5,1028,11.401097,0.1240723531547456,0.158106783201615,3.401950775448736,0.8225249818294246,false
317933,GNSS_AIDED,2.5,1028,11.401097,0.2372497900286623,0.11176818221796761,3.3385155859680697,0.16239497831983818,false
318039,GNSS_AIDED,2.5,231,10.985202,0.09118898372744035,0.043866808353999594,2.9809356596216654,0.22977853517217764,false
318133,GNSS_AIDED,2.5,231,10.985202,0.09249972855614756,0.0444973471521263,3.3857746107675784,0.109889923429203,false
318236,GNSS_AIDED,2.5,432,10.985202,0.06022349375371893,0.1716007315799678,1.9467141431140011,0.349227073695513,false
318336,GNSS_AIDED,2.5,432,10.985202,0.07981802184859728,0.0911819816437815,1.3047975111942836,0.35698382226643227,false
318436,GNSS_AIDED,2.5,633,10.985202,0.11349905147142461,0.07697504124356469,1.9764136136123422,0.423148911630266,false
318537,GNSS_AIDED,2.5,633,10.985202,0.12649488116358837,0.057526016404097,1.9501971696929359,0.19250551548925285,false
318639,GNSS_AIDED,2.5,835,10.985202,0.0497071244736253,0.12873299704016064,1.417296668732937,0.04282704422492462,false
318740,GNSS_AIDED,2.5,835,10.985202,0.027847041790354965,0.012640616973726882,1.1769041681586443,0.21384309969404247,false
318837,GNSS_AIDED,2.5,1036,10.985202,0.013463835395237104,0.08436430234275773,1.2427121562934453,0.09442126017924503,false
318938,GNSS_AIDED,2.5,1036,10.985202,0.0688372676276891,0.03974322034440951,1.2542089920487063,0.23153058215045275,false
319038,GNSS_AIDED,2.516,239,10.951745,0.10924440579799079,0.06366461553556292,2.087938063552737,0.19317595224109158,false
319141,GNSS_AIDED,2.516,239,10.951745,0.05369860453413557,0.024555097009977555,1.2408750878805181,0.23218278404576248,false
319237,GNSS_AIDED,2.516,440,10.951745,0.08831682155858914,0.04038518579389641,1.0884706145291492,0.4432210351679334,false
319343,GNSS_AIDED,2.516,440,10.951745,0.05811960033080462,-0.02935525964220683,0.746171105651884,0.4078611960203415,false
319452,GNSS_AIDED,2.516,642,10.951745,-0.04432096813284006,0.16333674226920003,1.7083825293428945,0.3048690603323726,false
319538,GNSS_AIDED,2.516,642,10.951745,0.03167089692434112,0.012463098570428785,1.9887775079453671,0.268440499966919,false
319651,GNSS_AIDED,2.516,843,10.951745,0.06531178554442954,0.03435221611260553,1.0313639079033163,0.18156633379993764,false
319738,GNSS_AIDED,2.516,843,10.951745,0.07086965260960856,0.03727550245299018,1.3363525962794902,0.12771473568784428,false
319839,GNSS_AIDED,2.516,1046,10.951745,0.049071272006790456,0.02581355491271231,1.802844431686994,0.048198522048697096,false
319939,GNSS_AIDED,2.516,1046,10.951745,0.09072980497547013,0.047800852717497934,1.6501878410541,0.29013798919018724,false
320040,GNSS_AIDED,2.54,247,11.102043,0.1057239187315114,0.05543022409237648,1.4040870315778506,0.12506398589361004,false
320143,GNSS_AIDED,2.54,247,11.102043,0.06092357378563384,0.031789173596091895,1.3722957600010897,0.4374366633594288,false
320240,GNSS_AIDED,2.54,450,11.102043,0.04146572429954365,0.10682540894543248,1.8531678966074059,0.3841513591048497,false
320341,GNSS_AIDED,2.54,450,11.102043,0.007648145379660671,0.22730133850546316,2.475330825606605,0.11386195684496253,false
320439,GNSS_AIDED,2.54,450,11.102043,0.008798433862344099,0.07620787184597037,1.4338369603591947,0.37754986192429907,false
320541,GNSS_AIDED,2.54,652,11.102043,0.11184279436309714,0.05890958351626656,1.3760970082332926,0.42892698420305686,false
320641,GNSS_AIDED,2.54,652,11.102043,0.05415212966888195,0.22337073415786846,2.8302268922671368,0.5944685133508891,false
320741,GNSS_AIDED,2.54,854,11.102043,0.0823369266201163,0.03935873829184163,1.9984680317077925,0.19375522580178953,false
320842,GNSS_AIDED,2.54,854,11.102043,0.02893483268897533,0.19622423054970867,2.3606220093064563,0.1411389890206142,false
320941,GNSS_AIDED,2.54,1055,11.102043,-0.008606538386856922,0.11607518777854162,1.4916559198518033,0.1506521739243253,false
321042,GNSS_AIDED,2.54,1055,11.102043,0.02351326835716034,0.013989766684933954,1.4791933048862915,0.10492502119552354,false
321142,GNSS_AIDED,2.54,257,11.019174,0.03250371198379412,-0.014681778061917857,0.6843589013267508,0.12847047383889057,false
321242,GNSS_AIDED,2.54,257,11.019174,0.10418097856101854,0.06358386293915325,1.2175741159893025,0.1901526800647659,false
321341,GNSS_AIDED,2.54,458,11.019174,-0.007360056356961684,0.13050759961053898,2.1063361700651844,0.18250012231920754,false
321443,GNSS_AIDED,2.54,458,11.019174,-0.04498406991905684,0.1891371257534705,1.945311332263663,0.5969001568155333,false
321544,GNSS_AIDED,2.54,672,11.019174,-0.02798566434042499,0.17479143366523642,2.4489504854426656,0.31831488913612616,false
321644,GNSS_AIDED,2.54,672,11.019174,0.071120065138348,0.04046765141085121,2.4091813880698907,0.16438054349379344,false
321743,GNSS_AIDED,2.54,877,11.019174,0.05829763146001294,0.19394389448869825,3.2519632952949475,0.7595539931221896,false
321845,GNSS_AIDED,2.54,877,11.019174,0.14652043481139831,0.07551600275418878,1.8848360422493704,1.246102935125546,false
321944,GNSS_AIDED,2.54,1080,11.019174,0.18063325594079951,0.09002690543452727,2.9917846415824245,0.4767957458127843,false
322045,GNSS_AIDED,2.54,1080,11.019174,0.025737691323817008,0.012924448056324055,0.7126311130785228,0.42522567005327655,false
322145,GNSS_AIDED,2.533,282,11.5318365,-0.009688967749909039,-0.004795344232229541,0.8420408364483398,0.8232821453591519,false
322244,GNSS_AIDED,2.533,282,11.5318365,-0.055072678604593736,-0.00427783473130337,2.288817461971864,1.162671495561343,false
322345,GNSS_AIDED,2.533,482,11.5318365,-0.05245649080077854,-0.10237796102553,1.7956034141387367,0.9399915278771939,false
322445,GNSS_AIDED,2.533,482,11.5318365,-0.06974531330687697,-0.2346739829527916,2.5042200609391587,0.9533202472887085,false
322648,GNSS_AIDED,2.533,688,11.5318365,0.14729422865489475,0.061002024787426584,0.8988711576376677,1.0307198579575674,false
322746,GNSS_AIDED,2.533,894,11.5318365,0.15858409073033214,0.06601528712483458,2.5977336098253034,2.203536191973693,false
322847,GNSS_AIDED,2.533,894,11.5318365,0.34953758791051937,0.15292169374714912,5.51151273911648,1.5030909687628953,false
322947,GNSS_AIDED,2.533,1107,11.5318365,0.2121367920476468,0.0957113460025605,5.789686750783474,1.4839722138993812,false
323057,GNSS_AIDED,2.533,1107,11.5318365,-0.1069102987163935,0.4842995634003298,5.495546273220449,0.8081608054780441,false
323147,GNSS_AIDED,2.56,309,11.82214,0.047182381280350696,0.02440527936562785,4.0803891673560715,0.8754927953499226,false
323258,GNSS_AIDED,2.56,309,11.82214,0.055624845044715224,0.17785926025950935,2.0084843761955247,0.9986660996355314,false
323357,GNSS_AIDED,2.56,523,11.82214,0.06892484241272931,0.049204383881420614,0.8909569933149627,0.9240786079006564,false
323456,GNSS_AIDED,2.56,523,11.82214,0.07296867524975566,-0.02343087387422296,0.980408900596305,0.6372047202015487,false
323557,GNSS_AIDED,2.56,724,11.82214,0.02252246951288171,0.0017701233360849268,0.24796922906771948,0.1807720182430161,false
323655,GNSS_AIDED,2.56,724,11.82214,0.0426605381251652,0.04113087218677556,0.7954342093697998,0.11827174882952907,false
323756,GNSS_AIDED,2.56,925,11.82214,0.055864714732288,0.046990754436443356,0.7704537735862249,0.20122000791121653,false
323855,GNSS_AIDED,2.56,925,11.82214,0.03066571351352547,0.025794547063166934,0.488795864531954,0.3048646306365121,false
323954,GNSS_AIDED,2.56,1126,11.82214,-0.007066338332739723,-0.005842083601589483,0.4947422710036973,0.22196837352829485,false
324056,GNSS_AIDED,2.56,1126,11.82214,-3.0176712273283083E-4,-2.465057838762744E-4,0.7170777812641435,0.2970685488099805,false
324155,GNSS_AIDED,2.54,327,11.579706,0.05591202351161072,0.04567309075628071,0.8312850005092046,0.4182771704425739,false
324256,GNSS_AIDED,2.54,327,11.579706,0.05000531511278147,0.04011927197418123,0.962108551177407,0.3533291963345648,false
324356,GNSS_AIDED,2.54,528,11.579706,0.08526325358616467,0.06668690456564086,1.4300217049551334,1.1819318379035442,false
324455,GNSS_AIDED,2.54,528,11.579706,0.19151539959632727,0.14650219735575767,2.5883758925006726,0.4850531960460115,false
324554,GNSS_AIDED,2.54,729,11.579706,0.06442088169432555,0.18919997767627073,2.012460358806668,0.391746640271631,false
324656,GNSS_AIDED,2.54,729,11.579706,0.032848756201581425,0.024031348149422718,2.618391293316267,0.6485811830787422,false
324754,GNSS_AIDED,2.54,931,11.579706,0.0016148825415756244,0.0011445419075536319,1.5943915396744166,0.6919395520212208,false
324851,GNSS_AIDED,2.54,931,11.579706,-0.05246323075546576,0.1172784235051702,1.5012413231616115,0.7239440151396866,false
324952,GNSS_AIDED,2.52,130,11.7001505,0.02384088820024283,0.017305824472190055,1.0493327828888064,0.13649451093231155,false
325051,GNSS_AIDED,2.52,130,11.7001505,0.09276900836497365,-0.07405619843281806,1.4905746857266793,0.5346416518130498,false
325151,GNSS_AIDED,2.52,331,11.7001505,0.0219957156188175,0.015025196043378673,0.8088365285097187,0.39111418534963266,false
325252,GNSS_AIDED,2.52,331,11.7001505,-0.011927960229309071,0.022245480993763136,0.3337963648057864,0.20735175374020667,false
325351,GNSS_AIDED,2.52,531,11.7001505,-0.04173878582205575,0.020486134525815724,0.7748387744269615,0.16590881812943642,false
325451,GNSS_AIDED,2.52,531,11.7001505,0.018302886979813728,0.076608014097595,0.9642950681642831,0.5407943788307069,false
325552,GNSS_AIDED,2.52,732,11.7001505,0.04218723315308009,0.02975596758284845,0.9204386821449879,0.6894600015502325,false
325654,GNSS_AIDED,2.52,732,11.7001505,0.08145442177279176,-0.12173167582974169,1.5009876902411599,1.1706977671054686,false
325753,GNSS_AIDED,2.52,933,11.7001505,0.1264585095332184,-0.09281060400602001,2.012546554944798,1.0168620618746687,false
325868,GNSS_AIDED,2.52,933,11.7001505,8.45277030441631E-4,-0.1387363460467541,1.9044962228426359,1.1742655269296443,false
