elapsedMs,gnssMode,gnssFixAccuracyM,gnssFixAgeMs,gnssSpeedMps,drVelocityEastMps,drVelocityNorthMps,linearAccelMagnitudeMps2,gyroMagnitudeRadPerSec,isStationary,rawLinearAccelMagnitudeMps2,rawGyroMagnitudeRadPerSec
0,DEAD_RECKONING,,9223372036854775807,,0.07564219401758689,-0.22122434622324133,0.4238212090644485,0.08080664293478962,false,0.8878554166461943,0.1864379197359085
86,DEAD_RECKONING,,9223372036854775807,,0.11248341702290003,-0.1672525563450853,0.46392280844680306,0.173230551466577,false,0.5425707043258676,0.26811543107032776
196,DEAD_RECKONING,,9223372036854775807,,0.08111269966669943,-0.11709752401894549,0.6862291169549586,0.17216004891719208,false,1.0422691950403569,0.18567408621311188
296,DEAD_RECKONING,,9223372036854775807,,0.1552858486862257,-0.22164588777656088,1.324505087554802,0.48571385243886106,false,2.7925027894424193,0.7410753965377808
388,DEAD_RECKONING,,9223372036854775807,,0.18637918318125135,-0.26602668478021496,0.6323099458702893,0.2963971776121674,false,0.712677766369746,0.2537716329097748
496,DEAD_RECKONING,,9223372036854775807,,0.24088826390679655,-0.2943283145451031,0.6245791514878787,0.40719245963900974,false,0.9576868310833225,0.9213505387306213
594,DEAD_RECKONING,,9223372036854775807,,0.31131591253016566,-0.2775070977550632,0.7303413954415935,0.4584227615713771,false,1.0232745599938027,0.5064038038253784
692,DEAD_RECKONING,,9223372036854775807,,0.36615576340914946,-0.29082810991134295,0.5628959354088827,0.31698173683572706,false,0.5686114213944772,0.2553695738315582
793,DEAD_RECKONING,,9223372036854775807,,0.44344774930594094,-0.28092637961515216,0.7778386617082408,0.38396096530071805,false,0.9912160894780474,0.4378107488155365
892,DEAD_RECKONING,,9223372036854775807,,0.47824214711267327,-0.25804445736025033,0.457392118239228,0.4497478724463369,false,0.45948999580667205,0.5084643363952637
992,DEAD_RECKONING,,9223372036854775807,,0.49645614175802244,-0.2283513904644352,0.39496974544243274,0.25916283922043404,false,0.3991165473794272,0.12545450031757355
1092,DEAD_RECKONING,,9223372036854775807,,0.2480564747198034,-0.38195736192209073,0.5634574832787007,0.24278526694262267,false,0.738465110940009,0.2343902289867401
1191,DEAD_RECKONING,,9223372036854775807,,0.22257297928762437,-0.33227628353153055,0.6110517965574325,0.1587662840665,false,1.1779140852308476,0.1427645981311798
1307,DEAD_RECKONING,,9223372036854775807,,0.17626833216028473,-0.31603680818855406,0.49816054251621555,0.09776855745022107,false,0.6343524971146213,0.21215809881687164
1388,DEAD_RECKONING,,9223372036854775807,,0.16625319744534608,-0.29147528357114166,0.2957449940750273,0.17551155895844622,false,0.5318876097534674,0.24138347804546356
1502,DEAD_RECKONING,14.681,1360,,0.22206319016860018,-0.3716138403719395,1.4567925430868287,0.19598561932960562,false,2.829593523964474,0.24678611755371094
1589,DEAD_RECKONING,14.681,1360,,0.21582786656886563,-0.361179276466504,1.0097074028743045,0.3107382866317763,false,1.3740099249325706,0.4722852110862732
1694,DEAD_RECKONING,14.681,1571,,0.2963131029840822,-0.4947686111711848,2.0551899503161266,0.21257810203356833,false,3.6471483350468654,0.41201886534690857
1790,DEAD_RECKONING,14.681,1571,,0.6522927740203817,-1.0852361886262445,8.125613312539885,0.7664476709788673,false,13.457574057451778,1.4604383707046509
1895,DEAD_RECKONING,14.681,1773,,0.6572571593917629,-1.0731002053030045,3.25316232915336,1.4034994545733481,false,6.616522481667827,2.0973470211029053
1991,DEAD_RECKONING,14.681,1773,,0.4986876792021119,-1.0939247155155092,2.1416477149203854,0.26488202003918626,false,2.874214849052347,1.2812379598617554
2091,DEAD_RECKONING,14.681,1986,,0.4528398207725583,-1.063539631458513,1.0170169535223983,0.5732646612578614,false,0.9233759710992928,1.084551215171814
2191,DEAD_RECKONING,14.681,1986,,0.39661699261780525,-1.134114934982712,1.154288107189618,0.19793850235103347,false,1.7473208530203197,0.24782662093639374
2310,DEAD_RECKONING,14.681,2187,,0.34231756629458643,-1.120531559098987,0.6089223878155035,0.1552940440452708,false,0.968846074932717,0.20481620728969574
2403,DEAD_RECKONING,14.681,2187,,0.5701935220388987,-0.8215307488358509,1.1831355493279065,0.18400764661424937,false,1.8643289070230036,0.3363812267780304
2507,DEAD_RECKONING,10.94,285,6.1571074,0.5105374803054021,-0.7523566794602021,0.9863375992053384,0.23621639610388068,false,0.9646837006366504,0.32441580295562744
2603,DEAD_RECKONING,10.94,285,6.1571074,0.5155978753098176,-0.6731618367082164,0.6285562952241339,0.18640140798476676,false,0.7443826233756867,0.22135722637176514
2706,DEAD_RECKONING,10.94,485,6.1571074,0.4538774450925209,-0.6551519872963993,0.7832841860058666,0.3324365635220201,false,1.0482802869112406,0.4800991415977478
2801,DEAD_RECKONING,10.94,485,6.1571074,-0.0,-0.6466656663163793,0.7759306027951995,0.3192799344956351,false,0.8087697256949378,0.3835725486278534
2901,DEAD_RECKONING,10.94,696,6.1571074,-0.03613805242203388,-0.6220058358383526,0.4439582252523105,0.23467485318363407,false,0.5390455919366566,0.3907186686992645
3001,DEAD_RECKONING,10.94,696,6.1571074,-0.017299673907299626,-0.616119890653547,0.21208998958185424,0.258363159648913,false,0.6651282895829492,0.3609979450702667
3100,DEAD_RECKONING,10.94,696,6.1571074,-0.011905468017018481,-0.6460626845039869,0.9929083784658861,0.0761281922470626,false,1.6514544600814085,0.11689238995313644
3200,DEAD_RECKONING,10.94,898,6.1571074,-0.04732511026921464,-0.6588621369818677,0.5113762955210545,0.2991347939776438,false,1.3340117484415572,0.5180673599243164
3301,DEAD_RECKONING,10.94,898,6.1571074,-0.06205916979872329,-0.7245642003954555,0.6996706979560551,0.3642275442865488,false,1.2440498271834863,0.4838709533214569
3399,DEAD_RECKONING,10.94,1099,6.1571074,-0.09589647108356358,-0.7485632237205098,0.6163296780682143,0.3289605873994943,false,0.8291079660662382,0.3525038957595825
3495,DEAD_RECKONING,10.94,1099,6.1571074,-0.13545639132020562,-0.7645598589820516,0.4316904680964913,0.1418830594706395,false,0.5069550249208297,0.06276193261146545
3595,REACQUISITION,9.093,299,6.2178445,-0.1991513356264988,-0.7249937207728423,0.8305593958082096,0.18438687904075268,false,1.3699270998210404,0.34880930185317993
3696,REACQUISITION,9.093,299,6.2178445,-0.06718048977029452,-0.8468466013449741,1.430521692500427,0.31966259329112123,false,2.546558603783693,0.46066638827323914
3796,REACQUISITION,9.093,532,6.2178445,-0.16543321187465512,-0.9009575873146665,1.1207461485042634,0.25045459901136213,false,1.0043733300823063,0.36294230818748474
3898,REACQUISITION,9.093,532,6.2178445,-0.27157361371012767,-0.8778612456057545,1.1905100712431966,0.1790265976550494,false,1.6300994677457672,0.17007394134998322
3999,REACQUISITION,9.093,732,6.2178445,-0.1080033931687588,-0.8845599486760257,1.0066348784117234,0.125839773547785,false,0.8741167054625212,0.2167365401983261
4097,REACQUISITION,9.093,732,6.2178445,-0.08262216091072964,-0.8810847212184747,0.5056429588954355,0.2173692500967424,false,0.1158691231794023,0.32575955986976624
4201,REACQUISITION,9.093,945,6.2178445,-0.06329845073228295,-0.9254636985056149,0.5429583299270954,0.3223359901864348,false,0.8822975687535833,0.4225621223449707
4298,REACQUISITION,9.093,945,6.2178445,-0.10460598682291235,-1.0559122786501285,1.3660691515989247,0.3293701164238283,false,2.0654462596467322,0.3739415109157562
4396,REACQUISITION,9.093,1145,6.2178445,-0.09675865360946825,-1.1159140402829273,0.6043968662094458,0.2347101520825134,false,0.4808581551519365,0.2639676630496979
4497,REACQUISITION,9.093,1145,6.2178445,-0.09556176664951897,-1.1219363959345299,0.16935778537805649,0.15611729199026067,false,0.4504851430000312,0.20887932181358337
4598,REACQUISITION,9.093,1345,6.2178445,-0.13883618350515609,-1.1284639657271485,0.5752726940859254,0.20793302728165913,false,0.9580595020045457,0.26014262437820435
4697,REACQUISITION,9.093,1345,6.2178445,-0.19197301210163034,-1.2195957441444403,1.0299335284631466,0.19355240570819002,false,1.7520354484290888,0.19494697451591492
4798,GNSS_AIDED,7.895,203,6.471088,0.029011949893902766,-0.023174846837338975,0.37067210240423043,0.19446213627719572,false,0.9227072415462737,0.2792476415634155
4898,GNSS_AIDED,7.895,203,6.471088,0.004361771207266557,0.018545981295370915,0.23210474427631508,0.06633823996720603,false,0.5930334059531526,0.2661799192428589
4999,GNSS_AIDED,7.895,404,6.471088,0.03776592970812309,-0.056361453938350584,0.77253332827424,0.3099167083139474,false,1.5313114093009939,0.592987060546875
5099,GNSS_AIDED,7.895,404,6.471088,-0.0055302437962668856,-0.030477140943211602,0.7340237523751787,0.17957172446197195,false,0.8328419193783155,0.14788129925727844
5214,GNSS_AIDED,7.895,616,6.471088,0.004293906279345074,0.03168863460020818,0.3652516541886338,0.0604268970065935,false,1.0162223142731956,0.23385459184646606
5300,GNSS_AIDED,7.895,616,6.471088,0.004744973917647681,0.035017472409013435,0.3956292607772744,0.14495738186861185,false,0.4317543355777296,0.21615074574947357
5400,GNSS_AIDED,7.895,817,6.471088,0.003646769268380409,0.0289305373570726,0.3248847757361002,0.20978053138645963,false,0.2780847430818666,0.2880614697933197
5513,GNSS_AIDED,7.895,817,6.471088,-0.006100715925284621,-0.0027558262993303655,0.24738798855684874,0.06669404686776573,false,0.6034782104762696,0.16059941053390503
5610,GNSS_AIDED,7.895,1017,6.471088,-0.003895629252047331,-0.048490200004484396,0.5930130007773643,0.15720292855335613,false,0.9790937297392798,0.31432583928108215
5710,GNSS_AIDED,7.895,1017,6.471088,-0.0014810033222664345,-0.023780036218378927,0.39679198014925215,0.133271526783793,false,0.6999492141719623,0.2282031923532486
5811,GNSS_AIDED,5.15,219,6.465426,0.0014151932774943076,0.02388338907673577,0.3274976761105804,0.22001346196113714,false,0.6360653052833435,0.3077046573162079
5911,GNSS_AIDED,5.15,219,6.465426,0.02990785202590215,0.04539552689780826,0.5523469692272923,0.19271125499727815,false,0.9482392994032147,0.1742265522480011
6008,GNSS_AIDED,5.15,419,6.465426,-0.02066508142534576,0.02437489449368015,0.3421098798575133,0.21920590959358005,false,0.6269567854915052,0.2763736844062805
6110,GNSS_AIDED,5.15,419,6.465426,-0.0873528158953159,0.038589851957837026,0.9704181554439572,0.38759437725887586,false,1.5464726617896416,0.5304231643676758
6210,GNSS_AIDED,5.15,627,6.465426,-0.050369163546361916,0.04401763697185111,0.7293312238283666,0.37356672009432046,false,0.6491710739498178,0.4319227933883667
6310,GNSS_AIDED,5.15,627,6.465426,0.02002103385430162,0.07048197132905608,1.0425930342519925,0.4450053151043244,false,1.6172208615216885,0.633197546005249
6407,GNSS_AIDED,5.15,833,6.465426,0.14355345226138472,0.04473627980887272,1.5119100406127124,0.4105640907050014,false,2.434283239452166,0.601468026638031
6508,GNSS_AIDED,5.15,833,6.465426,0.12564591182089244,0.06753845187758573,1.6766898380925348,0.8472931557069606,false,2.008882060231855,1.2472788095474243
6607,GNSS_AIDED,5.15,1033,6.465426,0.13794102039018133,-0.02823346053668745,1.4708192446735553,0.6235102318592362,false,1.804873820614367,0.5894606113433838
6709,GNSS_AIDED,5.15,1033,6.465426,-0.005402756049963642,0.04333993035888996,0.8398345131014496,0.938030865183632,false,1.164193475670937,1.566806674003601
6806,GNSS_AIDED,4.8,234,6.0768104,0.058702096530550016,0.041069261992822154,1.749268096588784,1.0629866813788023,false,2.8341439145760514,1.4939587116241455
6906,GNSS_AIDED,4.8,234,6.0768104,0.021553382616685116,-2.4718225189794795E-4,3.793428459256608,1.6493489746341934,false,5.536414125239688,2.469958782196045
7006,GNSS_AIDED,4.8,435,6.0768104,0.01954983885815559,-0.172160412211649,4.160616130829046,3.0431060711133298,false,6.06972377184218,4.327723503112793
7107,GNSS_AIDED,4.8,435,6.0768104,-0.5530534603982842,-0.45448802913362185,7.145032539336847,3.521682878103157,false,10.648575478102208,4.056982040405273
7210,GNSS_AIDED,4.8,644,6.0768104,-0.43334536839145543,-0.5737464593287447,7.682111461250368,2.819142855453762,false,9.081416310244816,2.3108479976654053
7305,GNSS_AIDED,4.8,644,6.0768104,-0.19500809305242933,-0.4168108544542572,4.974861223656479,1.4222890765759433,false,3.174680057872492,1.1547058820724487
7408,GNSS_AIDED,4.8,845,6.0768104,0.08419032716229694,-0.29070674398377555,3.4041005300605964,1.4916722036782764,false,3.8214608404835415,1.7726508378982544
7505,GNSS_AIDED,4.8,845,6.0768104,0.12969973883916103,-0.17819837699115895,2.283220831041488,1.2120107634753874,false,1.8819009778849454,1.0047956705093384
7608,GNSS_AIDED,4.8,1046,6.0768104,0.1981565640671394,-0.1299245482683244,2.622736906055052,1.078384220741112,false,3.0950980953695617,1.095315933227539
7706,GNSS_AIDED,4.8,1046,6.0768104,0.20852213842014358,-0.08838914957603769,2.2936519130877144,0.7395986184086218,false,2.239352176795247,0.6010919213294983
7808,GNSS_AIDED,4.02,245,5.2414165,0.1610333983726566,-0.029231009854076926,1.7748742506879196,0.5715596169418473,false,1.5547376267858486,0.50862717628479
7906,GNSS_AIDED,4.02,245,5.2414165,0.10270289902352928,0.0194846860742045,1.064937369263078,0.28885737413391066,false,0.8244610692996936,0.1535526067018509
8009,GNSS_AIDED,4.02,445,5.2414165,0.015422296224276065,0.0780517757028337,0.8226468076558322,0.17654312608702144,false,1.4650535278100565,0.09454502165317535
8107,GNSS_AIDED,4.02,445,5.2414165,-0.031164051403641476,0.06933375831613187,0.7658184940534362,0.07434775977803211,false,0.9916153799782594,0.15814663469791412
8209,GNSS_AIDED,4.02,645,5.2414165,-0.01368352602823218,0.02959908616004977,0.636106657767445,0.10873817193449853,false,0.8950375991905158,0.1914365440607071
8308,GNSS_AIDED,4.02,645,5.2414165,0.019313017943416725,0.03739494962927012,0.9258267195991451,0.08388368412254057,false,1.2204688175182337,0.16831859946250916
8410,GNSS_AIDED,4.02,846,5.2414165,0.036231004821893155,-0.0015948935157225838,0.5050189368658469,0.10538040272157936,false,1.3065961719849222,0.1244424432516098
8519,GNSS_AIDED,4.02,846,5.2414165,-0.037464070180585896,-0.032372179269079836,0.7198544985624263,0.13947026531268356,false,1.3291949137243908,0.16974535584449768
8622,GNSS_AIDED,4.02,1055,5.2414165,-0.057039518709332444,-0.0073424171257632335,3.5560547479838007,0.5191013289398639,false,6.636460644286694,0.8728024959564209
8717,GNSS_AIDED,4.02,1055,5.2414165,0.03122164747535192,0.004019009351845375,3.418195562916649,0.4381183749616894,false,3.600806408372141,0.4981221556663513
8823,GNSS_AIDED,3.58,258,5.5028954,0.07411618041806735,-0.19403715331000154,4.482360781645517,0.49799248617426806,false,5.38895147549618,0.5761995911598206
8918,GNSS_AIDED,3.58,258,5.5028954,0.05921313908152771,0.013758629594406994,4.6837954344846295,1.9618276735818558,false,11.556476883520926,3.7297258377075195
9021,GNSS_AIDED,3.58,459,5.5028954,0.08109308290614925,0.01703330477084566,4.962860485103339,0.42724920745469835,false,5.41831171919015,0.851355254650116
9118,GNSS_AIDED,3.58,459,5.5028954,0.10056067172710471,0.021122400432982556,3.975210311419263,0.7903691757531469,false,3.5043578142687557,1.1120963096618652
9220,GNSS_AIDED,3.58,659,5.5028954,0.18708340742340876,0.3034760653306154,4.1518560306753916,1.1197118591983712,false,6.8101018662385435,1.5604612827301025
9317,GNSS_AIDED,3.58,659,5.5028954,0.4335654086205171,0.09561557641255226,5.444047169043978,1.5602375952303524,false,7.410999198988521,2.0105624198913574
9421,GNSS_AIDED,3.58,861,5.5028954,0.2878402692463382,0.24508233976996832,3.9412719486440615,1.1631853169731192,false,3.9725169347046276,0.9617130756378174
9518,GNSS_AIDED,3.58,861,5.5028954,0.07879702172053533,0.3423281173930431,3.5808640978991115,1.556385584304907,false,4.823947452002793,1.9036388397216797
9622,GNSS_AIDED,3.58,1061,5.5028954,0.13365657210565185,0.3746813391933641,4.2486343561986715,2.385365552570889,false,5.481126462373952,3.061277389526367
9713,GNSS_AIDED,3.58,1061,5.5028954,0.03354839754786033,0.027488942209972195,2.0416549444611842,3.0978589352689605,false,2.634284202621096,4.304015159606934
9813,GNSS_AIDED,3.483,267,4.8466244,-0.06503018577641027,-0.20656579921901233,4.025417449460926,3.030732442117523,false,6.68896385369921,2.9849181175231934
9913,GNSS_AIDED,3.483,267,4.8466244,0.17516926439469915,-0.3124615704623286,4.435464741755857,1.8706431468242044,false,5.746828429553219,1.2194422483444214
10013,GNSS_AIDED,3.483,267,4.8466244,0.13127573119551675,-0.3002791472740876,3.496334161290989,1.0863957602898895,false,3.0571084008732146,0.46515128016471863
10114,GNSS_AIDED,3.483,470,4.8466244,0.07943790436516876,-0.16397246698835188,1.8406499054719252,0.5676860500560451,false,0.8168286042522765,0.23982593417167664
10222,GNSS_AIDED,3.483,470,4.8466244,-0.008193817739440728,-0.09883451194000246,1.3403597943263856,0.24185253130137221,false,2.0645579074722495,0.05816574767231941
10313,GNSS_AIDED,3.483,680,4.8466244,0.002886460671873726,0.023505270980722883,0.2741331446876806,0.18685481320285563,false,1.2960803609544975,0.3235035240650177
10416,GNSS_AIDED,3.483,680,4.8466244,-0.01547684011924835,0.025369513815363974,0.3265602384305854,0.1543677715288866,false,0.5371233393307712,0.1811407506465912
10517,GNSS_AIDED,3.483,913,4.8466244,-0.030120382501892754,0.0663691954844472,0.8169816338626721,0.12958830059316614,false,1.2083635958031496,0.17704293131828308
10619,GNSS_AIDED,3.483,913,4.8466244,-0.0038823843266741946,0.006962168641656937,0.14076510686097413,0.08203729276012359,false,0.4437200228566793,0.08845268934965134
10714,GNSS_AIDED,3.483,1121,4.8466244,0.03394864587100644,-0.02070999635592663,0.47015953170508273,0.07587306526607188,false,0.8475461646805648,0.11274077743291855
10814,GNSS_AIDED,3.483,1121,4.8466244,0.0198896434411425,-0.03297197273445356,0.619356613195191,0.015866069583340484,false,0.7581917975101283,0.05253957584500313
10914,GNSS_AIDED,3.14,322,5.2470784,0.037205107793845685,-0.027619555028412998,0.4659387720825109,0.0912880351472747,false,0.6847323860515571,0.17337332665920258
11015,GNSS_AIDED,3.14,322,5.2470784,0.026085587002716307,-0.04836122190541608,0.6952750651821376,0.14379438615614296,false,1.0793471029283597,0.1856689453125
11116,GNSS_AIDED,3.14,522,5.2470784,0.007062251716453982,-0.010399438294074683,0.2215051461647236,0.09694141551506606,false,0.35803601632724624,0.14461536705493927
11215,GNSS_AIDED,3.14,522,5.2470784,0.05420356891123757,-5.269042207758529E-4,0.5684556530612396,0.09517220749811801,false,1.025624426008044,0.16172116994857788
11315,GNSS_AIDED,3.14,723,5.2470784,0.009427665625059535,-0.02056991058050092,2.408554365670837,0.9254688840371226,false,4.043271884078807,1.697393536567688
11417,GNSS_AIDED,3.14,723,5.2470784,-0.4084855891930255,0.27584793265577146,5.5713615709376585,2.104946173141942,false,9.809978787951193,3.0913143157958984
11516,GNSS_AIDED,3.14,923,5.2470784,-0.34684208172055625,0.2253613382322684,4.2652929100780295,0.8020210926947554,false,3.501857347390479,0.9171208739280701
11616,GNSS_AIDED,3.14,923,5.2470784,0.07128786395444421,0.1452959561119304,2.162833617933392,1.058684259761777,false,4.449563227660505,1.6897990703582764
11717,GNSS_AIDED,3.14,1135,5.2470784,0.1911898268740531,0.018559044367093432,2.0591627513952666,0.7780471160477739,false,2.9783903922752217,0.7903097867965698
11828,GNSS_AIDED,3.14,1135,5.2470784,0.09035704317821548,0.03879759325791577,1.0637740577445671,0.8544518528868902,false,0.5740790472708974,1.0881695747375488
11928,GNSS_AIDED,3.0,334,5.1096473,0.0935002434233956,-0.05428832000354488,1.0829027645499876,0.6743555131884891,false,1.60404080223113,0.6194420456886292
12027,GNSS_AIDED,3.0,334,5.1096473,0.012325153976242616,-0.07435634822834356,0.8650856496545472,0.3079139580809098,false,0.8889879770117803,0.4684180021286011
12126,GNSS_AIDED,3.0,534,5.1096473,0.09452841207735165,-0.009171990162816342,0.9504091531297596,0.479408782791347,false,1.3379063449259085,0.6893886923789978
12227,GNSS_AIDED,3.0,534,5.1096473,-0.005508913593515592,0.024433825394560096,1.4880006572297821,0.3917731512321454,false,2.0501533088315345,0.4278545677661896
12328,GNSS_AIDED,3.0,734,5.1096473,-0.014847389447406063,-0.042343399648174726,0.5153040451683698,0.7314292516307501,false,1.8410801792912677,1.3312454223632812
12427,GNSS_AIDED,3.0,734,5.1096473,-0.01692727316120322,-0.07373920601257396,1.399911483861632,1.150202404994826,false,2.158527421184517,1.4868024587631226
12525,GNSS_AIDED,3.0,934,5.1096473,-0.03169520324663763,-0.24318520829195522,2.9808101716340825,0.8006695744857536,false,4.344014455890881,0.6427547335624695
12626,GNSS_AIDED,3.0,934,5.1096473,-0.09204643672374425,-0.29137361302003706,4.008011571188082,1.1005008657319304,false,7.000842948967051,2.3690717220306396
12723,GNSS_AIDED,2.86,135,5.396348,-0.142780591395691,-0.006348229117608055,1.4418108874102438,1.4081894303802671,false,3.3100405682585183,2.1405653953552246
12826,GNSS_AIDED,2.86,135,5.396348,0.027043811485972884,0.051037440397673564,1.4799673630202068,0.5407663557875935,false,3.2221560590864717,0.29165613651275635
12923,GNSS_AIDED,2.86,351,5.396348,0.04923525982849668,-0.24355892991021272,2.632626044144586,0.706324684605552,false,4.834741044855026,1.2566086053848267
13026,GNSS_AIDED,2.86,351,5.396348,-0.00587528631865614,-0.3539432427867431,4.27092962566929,0.9221759006971528,false,5.713278016897489,1.3531205654144287
13122,GNSS_AIDED,2.86,552,5.396348,0.10812950908682879,-0.17606779539791986,2.4468129035274524,0.5928548562217177,false,2.0628867219822244,1.4980831146240234
13225,GNSS_AIDED,2.86,552,5.396348,0.07529677190754627,-0.10467664080422555,1.962404012350807,0.4107375426486765,false,3.768623526830379,0.5221386551856995
13328,GNSS_AIDED,2.86,760,5.396348,-0.08002412021960904,0.13998691067556837,1.8375721069816866,0.5698455490991874,false,3.92359955204833,0.7865447402000427
13425,GNSS_AIDED,2.86,760,5.396348,-0.1424304274622455,0.02696018166308076,1.6863335165275695,0.401267913886613,false,2.1867763968641585,0.44875290989875793
13527,GNSS_AIDED,2.86,960,5.396348,-0.05892485085998182,0.11172590755216279,1.29161739034031,0.36056494819914203,false,2.152360574962992,0.5000696182250977
13624,GNSS_AIDED,2.86,960,5.396348,0.053123147618120245,0.08539839975790586,1.078860588655619,0.35030271636490173,false,1.6302425526417317,0.3989449441432953
13725,GNSS_AIDED,2.714,160,5.0741315,0.13138116541306677,0.021394378793929424,1.3893267746810334,0.29670664693839477,false,1.9965073103921256,0.3066234290599823
13825,GNSS_AIDED,2.714,160,5.0741315,0.1536264980843898,0.05341927402723328,1.6235713904804758,0.3292063375061856,false,1.9323014017703,0.4019140303134918
13926,GNSS_AIDED,2.714,362,5.0741315,0.08057334575550781,0.19138872296565201,2.077571114953079,0.7469729633163411,false,3.029309713641556,1.1399774551391602
14025,GNSS_AIDED,2.714,362,5.0741315,-0.016998851502254074,0.16173326396194376,1.665317624701954,0.30396484813755004,false,1.5232398619719416,0.40180397033691406
14125,GNSS_AIDED,2.714,562,5.0741315,0.10431100375691682,0.14631347200001307,1.9646698853806988,0.4245111996279922,false,2.5357479200145194,0.8589149117469788
14226,GNSS_AIDED,2.714,562,5.0741315,0.1570877193149509,-0.026238291361241808,1.590724020135481,0.758793084543015,false,2.612279451415337,1.0660984516143799
14325,GNSS_AIDED,2.714,763,5.0741315,0.103939170509701,-0.11725485521148135,1.6316216142716924,0.5299555896779087,false,2.1330094041388965,1.1487038135528564
14426,GNSS_AIDED,2.714,763,5.0741315,0.03624372920482917,-0.03697072615253518,0.8081250181893767,0.44469291706855446,false,0.8083404438398463,0.6378777623176575
14526,GNSS_AIDED,2.714,964,5.0741315,-0.0013844441693571447,0.03883416601453327,0.5310270641388846,0.11512622393737107,false,1.543371762359793,0.37387555837631226
14626,GNSS_AIDED,2.714,964,5.0741315,0.012907270258303195,0.11884720442667292,1.2587089868427013,0.18510619473676854,false,1.8857057445375713,0.4158118963241577
14725,GNSS_AIDED,2.714,1172,5.0741315,0.017102495924769742,0.05074689533177389,0.6773659155950736,0.48295196340884844,false,1.0871911838007289,0.8296423554420471
14848,GNSS_AIDED,2.714,1172,5.0741315,0.02263165191906471,0.020981011367757974,0.3185973879304303,0.354926792312433,false,0.32688242978445364,0.2732335329055786
14939,GNSS_AIDED,2.714,1372,5.0741315,0.036715993654917234,0.05127547611484238,0.6546679581666612,0.2869659849349034,false,0.9722708099808798,0.2708296477794647
15039,GNSS_AIDED,2.714,1372,5.0741315,0.03253018909154055,0.027648009814820546,0.42971210719498093,0.39966265522225625,false,0.3071780981283466,0.6938633918762207
15143,GNSS_AIDED,2.714,1572,5.0741315,0.12162428542013386,-0.03381079175550918,1.3331455163650154,0.6861957947861123,false,2.2473817664717646,0.9715410470962524
15236,GNSS_AIDED,2.714,1572,5.0741315,0.1566162184002736,0.0356417780840567,1.7086715213105526,0.9502625827987771,false,2.17193991158192,1.9710999727249146
15339,GNSS_AIDED,2.714,1773,5.0741315,0.06709337709138849,0.005152943406896592,1.258748946727353,0.20675973787475985,false,1.4514259006307983,0.5593528747558594
15436,GNSS_AIDED,2.714,1773,5.0741315,-0.027568999621411003,0.025592365924785473,1.515935895922096,0.5420493893489893,false,2.0816126756427016,1.124730110168457
15540,GNSS_AIDED,2.714,1975,5.0741315,0.059721024248447684,-0.0433370683624358,0.7375677282466379,0.2494381969116546,false,1.8889491254855906,0.41133859753608704
15633,GNSS_AIDED,2.714,1975,5.0741315,-0.010451952568885696,0.007995429759194742,1.301572362613689,0.3258095190841649,false,2.501987551255718,0.4893367290496826
15739,GNSS_AIDED,2.4,175,4.9536867,0.026883498608047063,-0.017099843716402077,0.5955568862411624,0.13786643466519743,false,2.036985076199272,0.392652690410614
15836,GNSS_AIDED,2.4,175,4.9536867,0.02826081748694428,-0.043031936877324754,1.0570032714101245,0.2637422614719535,false,1.6949057729183243,0.5104395747184753
15939,GNSS_AIDED,2.4,375,4.9536867,-0.08939204767026573,-0.2312726341923814,2.472953075290219,0.6853957779303469,false,4.8495063161562975,1.1258587837219238
16034,GNSS_AIDED,2.4,375,4.9536867,0.07204311622628165,-0.08298669076422649,2.2476370989972128,0.5187776976057502,false,2.102440142812551,0.4884577989578247
16134,GNSS_AIDED,2.4,576,4.9536867,0.020451158950769373,-0.10796619295802934,1.5361736363985796,0.14104177054537628,false,2.381295033541313,0.3396765887737274
16234,GNSS_AIDED,2.4,576,4.9536867,-0.01714725334360542,-0.00787606930548565,0.4009254137133185,0.3951277003376938,false,0.8815867659270411,0.6789983510971069
16336,GNSS_AIDED,2.4,776,4.9536867,0.029434526235799993,0.1661629992726818,1.699340851980915,0.3332611585792267,false,3.1095191117814425,0.5686675310134888
16434,GNSS_AIDED,2.4,776,4.9536867,0.034117270977208854,0.014661375337900419,1.1297772941941002,0.13734067223977783,false,2.058659518779718,0.27260762453079224
16538,GNSS_AIDED,2.4,976,4.9536867,-0.03148071854102368,0.05658142767232149,0.6694113585829101,0.23281079304849234,false,1.6883778472609314,0.4508949816226959
16633,GNSS_AIDED,2.4,976,4.9536867,-0.008374045819388349,-0.054161971417483995,0.988468329167944,0.5174943900433344,false,2.1523013298667792,1.0740619897842407
16730,GNSS_AIDED,2.371,184,4.8867726,-9.72518390395293E-4,-0.09465097532888073,0.9486332064435823,0.12412552204460098,false,1.3559341407429142,0.5732031464576721
16830,GNSS_AIDED,2.371,184,4.8867726,-0.05537972936924365,-0.01652551100205266,0.7295596416081122,0.15989835223349702,false,1.392615759190933,0.2209496647119522
16933,GNSS_AIDED,2.371,184,4.8867726,0.030406295046254698,-0.039528346931423,0.5495504092266277,0.6133585968488255,false,1.1407343721022951,1.1050444841384888
17033,GNSS_AIDED,2.371,390,4.8867726,0.015066267863397789,-0.1273167602985566,1.31503383000645,0.7630207105722608,false,2.0983676067939436,0.9665374755859375
17132,GNSS_AIDED,2.371,390,4.8867726,-0.019883796245761153,-0.1581766442228245,1.6668018557910096,0.5097623284523762,false,1.9928859749464387,0.346368670463562
17231,GNSS_AIDED,2.371,591,4.8867726,-0.012755473243602643,-0.12072476521599342,1.213646001783458,0.2938550656870706,false,1.061829993705977,0.14802289009094238
17332,GNSS_AIDED,2.371,591,4.8867726,0.037175648201862414,-0.08433033034913917,0.9992777277039198,0.14945802786525508,false,1.1393896958998693,0.32957983016967773
17432,GNSS_AIDED,2.371,814,4.8867726,0.004733098215373213,-0.00832019444639912,0.5132289452849276,0.18252639259519118,false,0.9867990247160119,0.4405919015407562
17532,GNSS_AIDED,2.371,814,4.8867726,0.03450341328903394,0.052459124320480124,0.6944865401985084,0.2150874425829215,false,0.9501526104152747,0.42159798741340637
17633,GNSS_AIDED,2.371,1015,4.8867726,0.053763851726860636,0.10989967739743656,1.2278990170331492,0.17005161405978308,false,1.6968589145932351,0.3739044666290283
17732,GNSS_AIDED,2.371,1015,4.8867726,0.05664649817071628,0.11423633361030079,1.3170469516677807,0.14906152197659872,false,1.4985634534160017,0.3538607358932495
17833,GNSS_AIDED,2.25,215,4.4296994,0.04507186218274065,0.07547992590385173,0.9115816184528511,0.10972025174982701,false,0.5981754340408071,0.098039910197258
17933,GNSS_AIDED,2.25,215,4.4296994,0.014465047672013367,-0.014930077500795535,0.33180734373438303,0.1936371650572472,false,0.910095012896991,0.2737831175327301
18033,GNSS_AIDED,2.25,418,4.4296994,0.018098251172221216,-0.02852917248414906,0.44265716138461597,0.15524224374594908,false,0.5965603142792665,0.3099944293498993
18134,GNSS_AIDED,2.25,418,4.4296994,0.059602385055273106,-0.026720775984988718,0.6583109153041176,0.12269514863113047,false,0.8941247731823286,0.10779140144586563
18234,GNSS_AIDED,2.25,628,4.4296994,0.05261613634980638,-0.022524318428356758,0.6262474873701418,0.16742685928360926,false,0.6376849002379253,0.22324195504188538
18345,GNSS_AIDED,2.25,628,4.4296994,0.042691846847914126,0.08327374087636456,1.1260173078660753,0.3499632624503137,false,1.9389239766081705,0.5130575895309448
18446,GNSS_AIDED,2.25,831,4.4296994,-0.01334821428392942,0.023737978114067994,1.344954735454917,0.5401642937873119,false,1.7402502047510908,0.8409526348114014
18544,GNSS_AIDED,2.25,831,4.4296994,0.1456090149980356,0.1474150478056406,2.068953375297515,0.5022036435299966,false,2.669372029413296,0.7925777435302734
18644,GNSS_AIDED,2.25,1033,4.4296994,0.05131116836549392,0.17319795085133044,1.938693038173313,0.4416951332139721,false,2.288967864657909,0.7784523367881775
18744,GNSS_AIDED,2.25,1033,4.4296994,-0.0797408284598864,-0.029976233688533107,0.8503540602338293,0.3013998262013755,false,2.7191798645106218,0.5189722776412964
18844,GNSS_AIDED,2.18,232,3.7142355,-0.05835207111869914,-0.13623858057104815,2.2249698190107994,0.36982888786274515,false,3.7073119426274945,0.6974512338638306
18942,GNSS_AIDED,2.18,232,3.7142355,0.04343649686837324,-0.05857260855123024,0.7758553337668875,0.40357722898250464,false,1.4945258870783429,0.5933793783187866
19042,GNSS_AIDED,2.18,433,3.7142355,0.07142845894301333,-0.10431287731192805,2.9711560205112426,0.2931589373122164,false,5.314039158614458,0.6098318696022034
19142,GNSS_AIDED,2.18,433,3.7142355,0.0037143617796119967,-0.18936097452337447,3.4886680097364287,0.30412292359870996,false,4.081393987452347,0.42652931809425354
19238,GNSS_AIDED,2.18,643,3.7142355,-0.07524152450965885,-0.016163452899004695,1.3500903110365219,0.39689767751256977,false,1.8622982245987478,0.8424460887908936
19338,GNSS_AIDED,2.18,643,3.7142355,-0.07540994204546782,0.22232992673357066,3.586646719784589,0.4144416506772681,false,7.109005172095906,0.5899360775947571
19437,GNSS_AIDED,2.18,848,3.7142355,-0.054373827459480356,0.2738287056966355,3.270221427412944,0.20348365181454287,false,3.292300107508837,0.2353602796792984
19538,GNSS_AIDED,2.18,848,3.7142355,0.014955513610942283,0.05444392314326038,1.3618148941021253,0.28757000159566043,false,3.8426542734208784,0.518288791179657
19638,GNSS_AIDED,2.18,1048,3.7142355,0.08076064699818579,-0.06755882416449065,1.8493747352677088,0.3502668418619098,false,2.9175062090892814,0.7621539235115051
19738,GNSS_AIDED,2.18,1048,3.7142355,0.05361377358608498,-0.04351517169814184,0.7149657642089722,0.3739377167449119,false,1.4135133936435427,0.6006898283958435
19839,GNSS_AIDED,2.16,251,3.3436356,0.10902477654726034,-0.07671744267297939,1.3331376264812187,0.8855976941670735,false,1.8736382681364219,1.4521541595458984
19940,GNSS_AIDED,2.16,251,3.3436356,0.13945370046341682,0.14432948678808485,2.088698679772195,0.663433755780706,false,3.7616592634803623,0.6810837984085083
20042,GNSS_AIDED,2.16,451,3.3436356,0.12885321353514484,0.017960240447664456,1.4289198309730622,0.45735217267216166,false,2.123783093587489,0.6274809241294861
20140,GNSS_AIDED,2.16,451,3.3436356,0.0224887314525314,-0.019783881388311303,0.6799574193442742,0.19822480147822136,false,0.37912573812182754,0.0631222352385521
20239,GNSS_AIDED,2.16,659,3.3436356,-0.048160039873515956,0.04152027234985118,2.1109065028705056,0.2117759891842297,false,4.283137635291321,0.4666069746017456
20339,GNSS_AIDED,2.16,659,3.3436356,0.035745529391653035,-0.01441909449111319,0.7936992578197645,0.44981900568836486,false,1.367673685107982,0.8014744520187378
20439,GNSS_AIDED,2.16,862,3.3436356,0.029267509441782563,-0.007703412269629348,0.7712018925431315,0.3549725866772044,false,1.8400114811282784,0.7282348871231079
20540,GNSS_AIDED,2.16,862,3.3436356,6.906879326770639E-4,0.008945133694385805,0.42203731733267397,0.1859073019602818,false,0.35792437800580373,0.19850775599479675
20641,GNSS_AIDED,2.16,1064,3.3436356,-0.031966350776429016,0.024372454559202103,0.8348751948473718,0.09710712692796646,false,1.7774049266612617,0.19736133515834808
20741,GNSS_AIDED,2.16,1064,3.3436356,-0.02689662012418545,0.07546476403613463,0.8614504220086159,0.2988319177151771,false,1.1793874622332061,0.5277863144874573
20840,GNSS_AIDED,2.15,262,3.4980521,0.03814359489666029,0.06549935973448875,1.0774676848169489,0.2396898179997441,false,1.948552869348614,0.27845126390457153
20940,GNSS_AIDED,2.15,262,3.4980521,0.06048799628205879,0.06768453148200813,0.9331215122337295,0.2648783438373131,false,1.4551474033874756,0.33677345514297485
21041,GNSS_AIDED,2.15,463,3.4980521,-0.06440334071717056,-0.080774180462758,1.0327048993347872,0.4177312469665964,false,2.5664268680897626,0.6895365118980408
21142,GNSS_AIDED,2.15,463,3.4980521,0.005832083219633127,-0.05110468093031433,0.8446422352592828,0.16348456340931805,false,1.330809219133614,0.4985922574996948
21242,GNSS_AIDED,2.15,663,3.4980521,0.037780014671910354,-0.07874172813383831,1.5264976159040935,0.3241422700647606,false,3.0230970736885245,0.6507528424263
21342,GNSS_AIDED,2.15,663,3.4980521,0.050110043128207576,-0.02358544860718289,1.1572983338583605,0.37917781921310745,false,2.8886806501294067,0.47025591135025024
21454,GNSS_AIDED,2.15,872,3.4980521,0.015585731546350947,-1.1428366184448426E-4,0.8786929809933223,0.43593842602050265,false,0.7756616352429727,0.7149112224578857
21553,GNSS_AIDED,2.15,872,3.4980521,-0.004557152172705599,0.0416906779183634,0.5562786638206467,0.3175200769341815,false,0.7748669573377117,0.28699129819869995
21652,GNSS_AIDED,2.15,1073,3.4980521,-0.036802473050743294,0.03940765609977842,2.025170950317004,0.48105958682862493,false,3.6679123979528794,0.7171787619590759
21752,GNSS_AIDED,2.15,1073,3.4980521,0.05790193893359054,0.09162529029900952,1.1926629127022217,0.3801656744184076,false,0.8733303630922628,0.9369826912879944
21852,GNSS_AIDED,2.12,273,3.7847526,-0.012379801781447106,0.137329482863518,1.4055474014430294,0.12965457100840566,false,2.0755071220250323,0.38194605708122253
21953,GNSS_AIDED,2.12,273,3.7847526,0.028922407565665328,0.1262506307224034,1.3328855180809167,0.20800616365155813,false,1.3710110274328406,0.34066951274871826
22045,GNSS_AIDED,2.12,473,3.7847526,0.008607068709436035,-0.008457082514188424,0.7158683715331422,0.11255939740176721,false,1.2980675567632334,0.044661473482847214
22152,GNSS_AIDED,2.12,473,3.7847526,0.047455223328463615,0.044143098598325374,0.6485640364030718,0.14185062365404327,false,0.8479062780967307,0.18828795850276947
22252,GNSS_AIDED,2.12,674,3.7847526,0.029282737404629357,-0.02493522624005016,0.6272783495555387,0.07719745941927139,false,0.8592907333775937,0.2132655680179596
22353,GNSS_AIDED,2.12,674,3.7847526,0.056879024292548576,-0.04866310053517842,0.8172876082451903,0.14427096004056303,false,1.4261947793554661,0.2485673725605011
22451,GNSS_AIDED,2.12,874,3.7847526,0.076397094222123,-0.04069363601630474,0.8642590149481496,0.17834297200206312,false,1.1012369932737605,0.21683745086193085
22551,GNSS_AIDED,2.12,874,3.7847526,0.032907286802949694,-0.026587257475545578,1.127807562878644,0.27319254406975546,false,1.9721316334269878,0.5958802103996277
22650,GNSS_AIDED,2.12,1075,3.7847526,-0.14241817596894743,-0.21883830090786743,2.7619697732369652,0.525723075614342,false,4.471310328917138,0.9142215251922607
22751,GNSS_AIDED,2.12,1075,3.7847526,0.06704154303003577,-0.20689901296877547,2.3229777598489756,0.7811914170267539,false,3.771628695285384,1.1675224304199219
22855,GNSS_AIDED,2.1,287,4.250576,0.12037567592871176,-0.2124036301041697,2.522221727673789,0.7473710562182025,false,2.752790737760831,0.7212359309196472
22950,GNSS_AIDED,2.1,287,4.250576,0.06670521913604437,-0.1218637824832076,1.4881825215463997,0.4128475914825483,false,0.7147347619418177,0.556871235370636
23053,GNSS_AIDED,2.1,489,4.250576,0.025004145331684123,-0.05963781277328648,0.7042464861953435,0.22046181879310686,false,0.1509666306484515,0.2219359427690506
23150,GNSS_AIDED,2.1,489,4.250576,0.04733546570409528,-0.01054537099721633,0.6391829859678789,0.12751450725717686,false,0.8815141972079439,0.3155839741230011
23251,GNSS_AIDED,2.1,689,4.250576,0.08956874488915237,0.037829143033023656,1.0067285181454302,0.1152706774302665,false,1.4520929571916286,0.22678855061531067
23349,GNSS_AIDED,2.1,689,4.250576,0.039814222988463856,0.11442300404299922,1.229669935633404,0.16963620195409265,false,1.8555051127331086,0.21455155313014984
23451,GNSS_AIDED,2.1,889,4.250576,-0.0413682643935323,-0.008244350474384193,0.4581104138286525,0.13458466861220347,false,1.574520401232113,0.1971188485622406
23548,GNSS_AIDED,2.1,889,4.250576,-0.04365925062467586,-0.10452640243375538,1.1320689480477952,0.12286506335671202,false,1.8806380880286582,0.19911865890026093
23653,GNSS_AIDED,2.1,1090,4.250576,-0.010359061929678733,-0.14076736090038164,1.4112181239630368,0.12565007454834753,false,1.7026695105733545,0.2809816896915436
23748,GNSS_AIDED,2.1,1090,4.250576,-0.041149094103293156,-0.12511722515052173,1.4820174192605042,0.2670930941589524,false,1.8451446447097535,0.49918052554130554
23849,GNSS_AIDED,2.116,301,4.274768,-0.04260918939145727,-0.1017333208997961,1.201736077304422,0.20272609908064562,false,1.6950779536463254,0.22427885234355927
23948,GNSS_AIDED,2.116,301,4.274768,-0.06567856048203412,-0.06675414131465497,1.1170815764734456,0.14684156854419367,false,1.1680758058386276,0.27833622694015503
24049,GNSS_AIDED,2.116,301,4.274768,-0.030544883710660994,-0.07397577784187563,0.7996288400544401,0.17724147085280867,false,0.8910334306378099,0.2309778332710266
24149,GNSS_AIDED,2.116,504,4.274768,0.009756702751536001,-0.07095951640016174,0.7371057797310158,0.11112035892246588,false,0.850911080050851,0.09704675525426865
24249,GNSS_AIDED,2.116,504,4.274768,0.026540772037530542,-0.040344691465228275,0.4819536952198449,0.2135829474018638,false,0.4433050911353741,0.30623555183410645
24363,GNSS_AIDED,2.116,705,4.274768,0.025029111624176637,-0.052686777246750034,0.7193141335427882,0.22202703370711144,false,0.9957188101459523,0.24248111248016357
24450,GNSS_AIDED,2.116,705,4.274768,0.014645706604418893,-0.03082950338288956,0.6068813549820131,0.16832475670267724,false,0.8928133688773312,0.18876951932907104
24550,GNSS_AIDED,2.116,927,4.274768,0.05569697711518817,-0.002030817927600565,0.5730850856126632,0.10964192304713835,false,0.6726567216482467,0.10152268409729004
24661,GNSS_AIDED,2.116,927,4.274768,-0.005721771122978767,0.012504163632638156,0.5063664845186393,0.03410367666140034,false,0.6434425455872386,0.10846466571092606
24750,GNSS_AIDED,2.14,146,4.2500615,0.004937841530192253,-0.010790990614356566,0.1854595944573563,0.11300731794643591,false,0.4902457480582033,0.1805865615606308
24857,GNSS_AIDED,2.14,146,4.2500615,0.06861845391349526,0.06474864737866508,0.9703772539961263,0.14996998969904246,false,1.7367748130540759,0.20046491920948029
24961,GNSS_AIDED,2.14,346,4.2500615,0.053559362015952544,0.040188850187374545,1.0012299500187565,0.0890891506721181,false,1.2397079715387036,0.11266227066516876
25062,GNSS_AIDED,2.14,346,4.2500615,-0.008691139304327819,0.018442950696033373,0.8333221798991022,0.0915457079503752,false,0.8168390047024676,0.2000477910041809
25162,GNSS_AIDED,2.14,550,4.2500615,0.001263654025994286,-0.002681525181244252,0.9012262755058698,0.015914835417564055,false,1.004878514621255,0.09532827138900757
25261,GNSS_AIDED,2.14,550,4.2500615,0.03918003622891182,-0.08346634395438189,1.4984293054325057,0.04450302712931278,false,2.201531525811031,0.07701939344406128
25358,GNSS_AIDED,2.14,751,4.2500615,0.043439118405689064,-0.05007152125375458,0.6827175054968212,0.09334577155409428,false,0.6580221164833375,0.14777667820453644
25460,GNSS_AIDED,2.14,751,4.2500615,-0.023554471645036337,-0.06378222624997146,0.9240450300920746,0.14711250171286347,false,1.6523703363314108,0.20807403326034546
25554,GNSS_AIDED,2.14,951,4.2500615,-1.5960793171782513E-4,2.605781381799542E-4,0.6089942824985373,0.18243433372678916,false,0.6476157703620725,0.2349519282579422
25655,GNSS_AIDED,2.14,951,4.2500615,-0.015189916764475746,0.025553946957142425,0.4477010955156802,0.2913434091793576,false,1.2081338658050804,0.405086874961853
25757,GNSS_AIDED,2.16,166,4.241826,-0.03744629995669872,0.026474289283945157,0.5564977034027884,0.12712435759134863,false,1.0548565512074113,0.14748020470142365
25859,GNSS_AIDED,2.16,166,4.241826,-0.016593216017795474,0.026812570123144152,0.32380833257126923,0.0508849452714873,false,0.2928729206309685,0.12785473465919495
25954,GNSS_AIDED,2.16,366,4.241826,0.012540026952656696,-0.02084899625304027,0.5173376084880671,0.13164962093812724,false,1.1145406377251441,0.2035866528749466
26060,GNSS_AIDED,2.16,366,4.241826,0.035226007250506834,-0.026223757829495865,0.4914611992951059,0.23679057645176088,false,0.571813384869992,0.3587661385536194
26154,GNSS_AIDED,2.16,575,4.241826,-0.02781384824847982,-0.22981875782804528,2.325758626899488,0.5341188087860222,false,4.037714485960924,0.8131268620491028
26260,GNSS_AIDED,2.16,575,4.241826,0.05456191205863804,-0.06718270553070328,1.5216863021744245,0.12691496665074586,false,1.3652651393619777,0.23375873267650604
26357,GNSS_AIDED,2.16,777,4.241826,0.04059132786970746,-0.18202189333437677,2.5139625656065596,0.412679877001728,false,4.424771173875833,0.696820855140686
26458,GNSS_AIDED,2.16,777,4.241826,-0.018926571096017406,-0.1807033130230323,2.4529077216196327,0.3356734633641928,false,4.7118039850120415,0.7838218808174133
26558,GNSS_AIDED,2.16,981,4.241826,-0.0663446921554902,-0.03725252593365861,1.077864293755624,0.45259396255154627,false,2.9780132799828714,0.6991987228393555
26657,GNSS_AIDED,2.16,981,4.241826,-0.0516902677162869,-0.10703732286985178,1.1944119657881678,0.28168918679095745,false,1.8809826882772376,0.49257782101631165
26756,GNSS_AIDED,2.166,184,4.235649,-0.09197771003691642,-0.11155521286530834,1.6992721780862043,0.2731089810581091,false,2.2556481278759932,0.3211522400379181
26858,GNSS_AIDED,2.166,184,4.235649,0.004563046270726667,-0.037236515054414644,0.5268844562238395,0.19645613536668233,false,1.61365554514665,0.3033401072025299
26961,GNSS_AIDED,2.166,393,4.235649,-0.022585395202992145,0.07036597407952858,1.1889119222609286,0.3821001208145581,false,2.5454119689421204,0.5758904218673706
27057,GNSS_AIDED,2.166,393,4.235649,-0.012384809138453313,0.07176063998656103,0.7346697998635908,0.24302452832138347,false,0.9076306719122025,0.299312025308609
27159,GNSS_AIDED,2.166,594,4.235649,-0.024917865129719545,0.054648518573945766,0.9354900133187194,0.23978106290456974,false,1.4777485062478077,0.3168276250362396
27258,GNSS_AIDED,2.166,594,4.235649,-0.00821877277670152,0.00990128996464859,0.7758817645632385,0.4446112718694573,false,0.9638575986996882,0.7084906697273254
27357,GNSS_AIDED,2.166,794,4.235649,-0.002448564054612302,0.10133222619936057,1.0121324736578312,0.643989659012958,false,1.5792342491896216,0.8145864605903625
27459,GNSS_AIDED,2.166,794,4.235649,-0.025423876665395244,0.07702054327967771,0.9722859176274655,0.4172720972023349,false,1.176233698683092,0.37831538915634155
27558,GNSS_AIDED,2.166,994,4.235649,0.07218727007192657,0.10895788789622944,1.3035929025698374,0.4725214215650531,false,2.053369850520732,0.6225752234458923
27660,GNSS_AIDED,2.166,994,4.235649,0.09775741590021764,0.022067403681936902,1.1357421761631756,0.11862468119849347,false,1.5906859259330248,0.34308895468711853
27759,GNSS_AIDED,2.2,192,4.284033,-0.010316713354063067,0.020366227955686045,0.7318674847930499,0.28038514437305345,false,1.9396349023668003,0.5460488200187683
27859,GNSS_AIDED,2.2,192,4.284033,-0.05828479635120185,0.012172724156653863,0.5968992270880553,0.1881061094416728,false,1.167211529665527,0.46089908480644226
27969,GNSS_AIDED,2.2,393,4.284033,0.05121502523199987,-0.008550068235986578,0.6283853898338683,0.08505944778085996,false,1.5194586413917828,0.2937580943107605
28074,GNSS_AIDED,2.2,393,4.284033,-0.035449282459323314,-0.003086648657589103,0.5001063653195086,0.06592732831985038,false,1.0968437386708714,0.16594205796718597
28170,GNSS_AIDED,2.2,593,4.284033,-2.802083968300534E-4,0.03137779906761549,0.41369582465847576,0.10693165945699959,false,1.0021038219392195,0.19448985159397125
28270,GNSS_AIDED,2.2,593,4.284033,-0.010004963736530408,0.011892387453637613,0.2327603232437192,0.14750092588023547,false,0.21754800449781656,0.2814142107963562
28371,GNSS_AIDED,2.2,800,4.284033,-0.004156256586569279,0.004893476984726284,0.199029150353094,0.11313357311853596,false,0.3028850516477505,0.10131249576807022
28470,GNSS_AIDED,2.2,800,4.284033,0.005767965935490404,-0.006791064980255647,0.4459584174304695,0.0830386360066159,false,0.95520032294991,0.20114251971244812
28575,GNSS_AIDED,2.2,1007,4.284033,-0.006780482191586492,0.007940325812400314,0.3235682979736621,0.13536260750685775,false,0.6520751474862798,0.30780699849128723
28667,GNSS_AIDED,2.2,1007,4.284033,0.003185239159917961,-0.0037300941150686965,0.32661712137509186,0.12932894169358433,false,0.4456950611713904,0.1265888214111328
28773,GNSS_AIDED,2.2,208,4.4199195,0.01721509083565457,0.009087958115601627,0.20874250687150164,0.13315020486197876,false,0.623934048170261,0.15948441624641418
28866,GNSS_AIDED,2.2,208,4.4199195,0.05529925726597156,-0.05942622907089076,1.158763208990743,0.3553557857201303,false,2.124447039963295,0.5361381769180298
28969,GNSS_AIDED,2.2,408,4.4199195,0.07104709553668127,-0.07741110417840032,1.1459818401602615,0.31711760847384085,false,1.371171023935492,0.7664485573768616
29067,GNSS_AIDED,2.2,408,4.4199195,0.04179511501730562,-0.03631330280774314,0.6017415946628211,0.41118299224471716,false,0.7146856268925752,0.5386565327644348
29171,GNSS_AIDED,2.2,608,4.4199195,0.007226764400448013,0.008061905416165442,0.4871743965572209,0.43204102318654664,false,0.8158925462960586,0.5494888424873352
29267,GNSS_AIDED,2.2,608,4.4199195,-0.06161343330010249,-0.07334915754076253,0.9997774822205974,0.5764324265342864,false,1.8057051816710947,0.8879453539848328
29371,GNSS_AIDED,2.2,809,4.4199195,-0.11027954642378764,-0.07094903556755384,1.3733396203460602,0.517962342941055,false,1.7169539765111523,0.5992653369903564
29466,GNSS_AIDED,2.2,809,4.4199195,-0.07842807214061627,-0.038011208381705075,0.8708332688926999,0.2829523778561,false,0.6907980409498476,0.3706431984901428
29567,GNSS_AIDED,2.2,1020,4.4199195,-0.027328707048920257,-0.09309274839612548,0.972072643213203,0.15456974995342487,false,1.3764800924016314,0.3311338424682617
29664,GNSS_AIDED,2.2,1020,4.4199195,0.015001408436036676,-0.07356214629340503,0.7521631751004151,0.18065469898872372,false,0.7814951901168318,0.24047192931175232
29767,GNSS_AIDED,2.2,220,4.614485,0.010731228443758215,-0.010092708063499389,0.1988910826530306,0.21927799014596358,false,0.4478878863037463,0.31745514273643494
29865,GNSS_AIDED,2.2,220,4.614485,-2.9282039777269256E-4,3.688682487155656E-4,0.17244691739598117,0.26542812717684217,false,0.24850829758871296,0.3513386845588684
29966,GNSS_AIDED,2.2,220,4.614485,-0.001342588513691316,0.001644612106415374,0.3476608375641851,0.11671530882285662,false,0.630666942636689,0.10687854886054993
30066,GNSS_AIDED,2.2,420,4.614485,-0.025341836190996895,0.030523500933874223,0.7407703052823685,0.09942124455595557,false,1.1100761971818687,0.25678393244743347
30165,GNSS_AIDED,2.2,420,4.614485,0.004022016430567894,-0.0047637224019120615,0.6596816571366525,0.09777092644338908,false,0.8270967390393755,0.11425033956766129
30265,GNSS_AIDED,2.2,621,4.614485,-0.017347491924049722,-0.0014661907902522762,0.1794130770641804,0.109431750868175,false,0.36898656723336953,0.1485976129770279
30365,GNSS_AIDED,2.2,621,4.614485,-0.0017119374559595197,0.0028925139813258107,0.4050478434840298,0.11817313419231944,false,0.7699448807773867,0.24612046778202057
30465,GNSS_AIDED,2.2,821,4.614485,0.015304948959315548,-0.01884610187674642,0.2978474516666973,0.0976764945489077,false,0.5924029510577429,0.2560325562953949
30566,GNSS_AIDED,2.2,821,4.614485,5.63561764443736E-5,-0.004092206384526176,0.25349187667145556,0.007257323539435415,false,0.4354766536998315,0.08367470651865005
30668,GNSS_AIDED,2.2,1023,4.614485,-0.026039812625870608,-0.03842489033099037,0.5557455503727396,0.026655041165020155,false,1.099563574812185,0.043864656239748
30766,GNSS_AIDED,2.2,1023,4.614485,-0.02196807914957428,-0.027013130039978732,0.3969840149727385,0.12365039012352069,false,0.6434167225321,0.2228296846151352
30866,GNSS_AIDED,2.22,243,4.787946,0.009885783997875692,-0.01665302858619695,0.36376945288225937,0.10870738507591658,false,0.5387785475499529,0.12038382142782211
30967,GNSS_AIDED,2.22,243,4.787946,-0.011472541132815362,0.017858014101999116,0.4220998136781953,0.06480364193304794,false,0.9802945256981536,0.16184082627296448
31067,GNSS_AIDED,2.22,448,4.787946,0.023959217770588386,-0.01511814217986132,0.6670557384000578,0.08827763937970487,false,1.3975206023279374,0.1977967470884323
31168,GNSS_AIDED,2.22,448,4.787946,0.03406650110015935,0.015612878182913133,0.6148067574439887,0.12035470972074128,false,0.7015860167347291,0.24611175060272217
31267,GNSS_AIDED,2.22,648,4.787946,0.005691080959149373,-0.00871368684307767,0.10448509032996056,0.10895398831077358,false,0.49041280167562956,0.10325884073972702
31378,GNSS_AIDED,2.22,648,4.787946,-0.011283483024691234,-0.026310326608796137,0.30056733797399693,0.09895330092477701,false,0.503805858515712,0.11023487150669098
31477,GNSS_AIDED,2.22,864,4.787946,-0.012143327162717881,0.014988850810090208,0.25197078656544636,0.2125584199402596,false,0.5390347210282538,0.3102663457393646
31578,GNSS_AIDED,2.22,864,4.787946,-0.01839824916020678,0.031733507634031384,0.48954083281524774,0.13412175442657195,false,0.8278140614396865,0.08634835481643677
31675,GNSS_AIDED,2.22,1064,4.787946,-0.040421112876513704,0.09804172268604501,1.0581766023384493,0.13499738895096192,false,1.6570078008707188,0.15641681849956512
31777,GNSS_AIDED,2.22,1064,4.787946,-0.015278433606816166,0.121851142081667,1.2256069592515673,0.09542218757924859,false,1.4055548389629031,0.12261931598186493
31875,GNSS_AIDED,2.24,263,4.886258,-0.004177373759670092,0.11306175469875865,1.1321168996757585,0.1841805208879489,false,1.066939803566889,0.3315395414829254
31977,GNSS_AIDED,2.24,263,4.886258,-0.015666422511380184,0.009396652780446295,0.5348456156560625,0.29626415202677764,false,1.1301364110348364,0.40822112560272217
32077,GNSS_AIDED,2.24,463,4.886258,-0.04230662941664866,-0.0012402794903682798,0.43570634184067303,0.2027646854770056,false,0.8723746668727275,0.18649257719516754
32177,GNSS_AIDED,2.24,463,4.886258,-0.04220502414834098,0.005360068246818483,0.5212564147571327,0.1953445302309468,false,0.6300050410209364,0.22371356189250946
32271,GNSS_AIDED,2.24,663,4.886258,-0.030864991046004386,-0.010576252508662771,0.3317588795681732,0.1990082574080737,false,0.3415942501058608,0.2160918265581131
32372,GNSS_AIDED,2.24,663,4.886258,0.021054040720903968,0.07471970372498574,0.7813737200377071,0.1537317382966506,false,1.5687132473576721,0.33221906423568726
32471,GNSS_AIDED,2.24,868,4.886258,-0.018277019306560748,0.02190708493169498,1.3020693479280818,0.21121528409334583,false,2.0119722466346985,0.2941226065158844
32571,GNSS_AIDED,2.24,868,4.886258,-0.0224339431032716,-0.023550755120232338,0.33893358295311865,0.13807080602159943,false,1.3081617256782918,0.09465973824262619
32671,GNSS_AIDED,2.24,1080,4.886258,-0.005991670656965585,0.006927255485816323,0.6236444000878635,0.13518484257903135,false,0.8596739176899897,0.25762102007865906
32776,GNSS_AIDED,2.24,1080,4.886258,-0.11142132701515021,-0.14228553520439466,3.1728874625603303,0.10967592716666509,false,5.580218573112067,0.10007714480161667
32871,GNSS_AIDED,2.266,281,4.8445654,0.08799866019244572,-0.10906176477017802,1.9584026612819967,0.277290339022649,false,3.2741847925908805,0.53569096326828
32973,GNSS_AIDED,2.266,281,4.8445654,0.08819190289872994,-0.10467054427372711,3.17354862696008,0.24997948544422766,false,5.379943261072915,0.454575777053833
33074,GNSS_AIDED,2.266,482,4.8445654,0.010710457549567126,0.002571574013082239,2.343386504528603,0.27470249065511354,false,2.1740144920213393,0.3465992212295532
33174,GNSS_AIDED,2.266,482,4.8445654,-0.03919044483718784,0.1876862847729629,1.960018992047916,0.4026457320412714,false,3.5966736422449386,0.7672688364982605
33272,GNSS_AIDED,2.266,682,4.8445654,-0.25859380785719793,0.38932460367231014,6.121518153921639,0.5779877233931557,false,10.211366389561057,0.7377833724021912
33374,GNSS_AIDED,2.266,682,4.8445654,-0.16094683733408377,0.19221605901832153,2.580265742140749,0.7455320711278783,false,2.769007673216988,1.4421145915985107
33474,GNSS_AIDED,2.266,891,4.8445654,-0.065532999870907,0.04245076704175088,1.9838523645556678,0.5493825490594454,false,3.6820678273258616,0.5100898742675781
33574,GNSS_AIDED,2.266,891,4.8445654,-0.10771860402025343,0.002101155312185509,1.8552297184559128,0.33159480589744617,false,1.9160761436121043,0.17254634201526642
33674,GNSS_AIDED,2.266,1096,4.8445654,-0.11445993430500101,0.07060761143441278,1.506540419655621,0.1046013917340416,false,2.981603513373587,0.07720120251178741
33775,GNSS_AIDED,2.266,1096,4.8445654,-0.10321543621874059,0.12172806482570656,1.7635789039859362,0.16103492326524488,false,2.1689742460147095,0.2593083381652832
33874,GNSS_AIDED,2.34,296,4.686546,-0.04976014631410506,0.11980843969352564,1.2980875571042958,0.05482377206693442,false,1.1066120252540754,0.14972399175167084
33975,GNSS_AIDED,2.34,296,4.686546,-0.04338638387777873,0.09857668996561365,1.2096777190599928,0.07770955564401999,false,1.4064606885990774,0.13838300108909607
34076,GNSS_AIDED,2.34,496,4.686546,-0.04701298337849047,0.07444424467429611,1.046431903666196,0.1511185810143281,false,0.9419535625043475,0.21559196710586548
34175,GNSS_AIDED,2.34,496,4.686546,-0.04392433994117016,0.0652422380545951,0.7882999284386237,0.20170186328034762,false,0.7760496116027424,0.2623089849948883
34286,GNSS_AIDED,2.34,696,4.686546,-0.04220651770661087,0.05705125528921922,0.7419077817241542,0.18915523366076212,false,0.7952565646253543,0.1874910145998001
34386,GNSS_AIDED,2.34,696,4.686546,-0.0385501666749717,0.030930392934096298,0.5031592761429577,0.04430380253701795,false,0.5253189244269554,0.10520195960998535
34486,GNSS_AIDED,2.34,905,4.686546,-0.053964800402975306,0.014864890127977723,0.5783856358831478,0.06643045712532346,false,0.6764750564210247,0.09636621177196503
34587,GNSS_AIDED,2.34,905,4.686546,-0.061127255371010214,-0.005822364571621015,0.6131202379734123,0.03938140564189966,false,0.7055463491160123,0.0756358727812767
34683,GNSS_AIDED,2.34,1105,4.686546,-0.022489419268429504,0.019592214528415322,0.565618552399975,0.07990143786933956,false,0.5642476371063018,0.113868847489357
34782,GNSS_AIDED,2.34,1105,4.686546,-0.028133002197220404,-0.02217659207006446,0.3850521995377568,0.06442714735177554,false,0.3369050984510994,0.09394389390945435
34884,GNSS_AIDED,2.383,307,4.4981575,-0.016060863160980935,-3.778478845087007E-4,0.3211392091879944,0.07722540925340393,false,0.6392342119681494,0.13076026737689972
34985,GNSS_AIDED,2.383,307,4.4981575,-0.049558437646699045,-0.0010232426392059323,0.5008887836444675,0.17777069936353437,false,0.842830302290248,0.2603389322757721
35078,GNSS_AIDED,2.383,507,4.4981575,-0.03664704043777071,0.03407937313971842,0.5624486254090075,0.07370953374010258,false,0.6443386404966873,0.025057464838027954
35186,GNSS_AIDED,2.383,507,4.4981575,-0.014135384832109629,0.017920180025208874,0.3030044849520396,0.12409327201860354,false,0.5086049444159093,0.17566053569316864
35283,GNSS_AIDED,2.383,708,4.4981575,-0.016281674157496633,0.029740399791168298,0.39673036665855,0.14965329766384577,false,0.47954605727824356,0.1774502843618393
35384,GNSS_AIDED,2.383,708,4.4981575,-0.03366454495828328,0.008659609627598009,0.3520377280066416,0.1235083129148778,false,0.5529894514187776,0.13107696175575256
35484,GNSS_AIDED,2.383,908,4.4981575,-0.041868944674505686,0.01226329578861561,0.4528719437587379,0.16300022473231857,false,0.535521051778359,0.20078103244304657
35585,GNSS_AIDED,2.383,908,4.4981575,-0.02226924501008346,0.01871356333662295,0.4225157572035838,0.0993053137319697,false,0.6958784219246942,0.09051145613193512
35681,GNSS_AIDED,2.383,1110,4.4981575,-0.012293449468338656,-0.014114258956193152,0.4998953228922792,0.11280524879742394,false,0.7128400839637101,0.1419925093650818
35783,GNSS_AIDED,2.383,1110,4.4981575,-0.01036439025911987,0.009866746434948606,0.17775177061670064,0.14152110120090897,false,0.3585803695461806,0.1682463437318802
35886,GNSS_AIDED,2.433,320,4.323152,-0.013035922938844329,0.002531234413157758,0.13244772244026656,0.090877439041271,false,0.12193632220661058,0.11849085241556168
35983,GNSS_AIDED,2.433,320,4.323152,-0.01732683028022583,-0.016040432849605706,0.2762697455136575,0.05371963233092033,false,0.45226446212862226,0.08282135426998138
36086,GNSS_AIDED,2.433,521,4.323152,-0.01953713502256282,0.021240505842190782,0.48509092858018155,0.08148760938453524,false,0.792167936736139,0.11128269881010056
36182,GNSS_AIDED,2.433,521,4.323152,-0.03074503387718355,-0.021597087890911165,0.42132939376564615,0.09475155397484696,false,0.6185791606983552,0.14415647089481354
36286,GNSS_AIDED,2.433,721,4.323152,-0.02169185513764878,0.024169060190151668,0.5614605658597268,0.10393776074446186,false,0.9401642518235772,0.14508888125419617
36383,GNSS_AIDED,2.433,721,4.323152,-0.03422056784671881,-0.014443198357886957,0.4086512692155318,0.10786201108310267,false,0.3629432951629532,0.13103461265563965
36483,GNSS_AIDED,2.433,921,4.323152,-0.017053382031016893,-0.010272115489615726,0.20005406265207534,0.05771084130798251,false,0.1966049777549423,0.06974232196807861
36585,GNSS_AIDED,2.433,921,4.323152,-0.019767909920323082,0.024446885416944404,0.3961198138693099,0.05828759190650465,false,0.6076222218415789,0.07827035337686539
36685,GNSS_AIDED,2.466,123,4.2057953,-0.04453238187791205,0.05581122293538032,0.8000478082259067,0.057574425206993615,false,1.199206848011007,0.06667374819517136
36785,GNSS_AIDED,2.466,123,4.2057953,-0.032274462086236855,0.028881874558378085,0.43234200940576284,0.0698712603209334,false,0.35557535714206095,0.10616692155599594
36885,GNSS_AIDED,2.466,323,4.2057953,-0.03491010591657794,0.0026985404155120307,0.40040309022335363,0.12054372194140656,false,0.531304673278162,0.16665016114711761
36993,GNSS_AIDED,2.466,323,4.2057953,0.005214017429237995,-0.007278797175044551,0.4607397823181388,0.10115495089239526,false,0.8525455146055811,0.14385956525802612
37086,GNSS_AIDED,2.466,535,4.2057953,0.006858709568640791,-0.03856785298570579,0.44000533176145035,0.20207854307075773,false,0.5792586636568169,0.3209794759750366
37185,GNSS_AIDED,2.466,535,4.2057953,-0.019448684424105158,-0.009029583706402918,0.2683036366666435,0.1254792480965828,false,0.44648027259336426,0.10762429982423782
37303,GNSS_AIDED,2.466,735,4.2057953,-0.011414239763531328,0.01769761403839365,0.5342009867242238,0.09814002473291429,false,0.7872494956513089,0.09105635434389114
37393,GNSS_AIDED,2.466,735,4.2057953,-0.023914009238074796,0.03707832622880634,0.47550989657125814,0.06537394959823298,false,0.7696399058661901,0.17954666912555695
37485,GNSS_AIDED,2.466,936,4.2057953,-0.043100444282257976,0.0027135662221661376,0.4660725333663279,0.04427614170523264,false,0.5729242917354576,0.06766634434461594
37594,GNSS_AIDED,2.466,936,4.2057953,-0.04016725336900064,0.025632502054316417,0.5324872333147964,0.11960377246624489,false,0.8129083973882317,0.18598636984825134
37699,GNSS_AIDED,2.52,136,4.1260133,-0.06018175800084722,0.026189010685527304,0.856220998571238,0.13032947906354964,false,1.133591846136958,0.16841347515583038
37794,GNSS_AIDED,2.52,136,4.1260133,0.00149215197464913,-0.0024619142279581024,0.2952713944213287,0.08563366418907518,false,0.7907815386827004,0.16998253762722015
37898,GNSS_AIDED,2.52,337,4.1260133,0.009225486680491815,-0.014622333159286181,0.5436628040016679,0.11801035848324315,false,0.8402364589859718,0.14583902060985565
37995,GNSS_AIDED,2.52,337,4.1260133,0.008055653614538954,-0.012768155767508728,0.23490882821797865,0.0433936420608249,false,0.39314108799423225,0.09136510640382767
38097,GNSS_AIDED,2.52,549,4.1260133,5.538370239086435E-4,-8.73179340739501E-4,0.16480745517601053,0.10076947048105389,false,0.3072016066936316,0.16916099190711975
38194,GNSS_AIDED,2.52,549,4.1260133,0.01619941850730813,-0.025539999967405268,0.4046473859836278,0.10214243049413312,false,0.6396863565862909,0.12947280704975128
38290,GNSS_AIDED,2.52,549,4.1260133,4.782031929667476E-4,-0.0035124083456587983,0.5155677708497794,0.10777897112124211,false,0.7321697672213636,0.1495843231678009
38397,GNSS_AIDED,2.52,751,4.1260133,-0.027882740805272123,-0.06482176666695624,0.7318964487085572,0.09001962168287406,false,1.457518630671171,0.12175708264112473
38495,GNSS_AIDED,2.52,751,4.1260133,-0.006204186765138234,0.008462276690658365,0.193805698781972,0.0863494779659117,false,0.5332389531799901,0.1444403976202011
38595,GNSS_AIDED,2.52,951,4.1260133,0.007076887595023384,-0.03821158842162391,0.624368702022725,0.24079240590741538,false,1.1403225765344758,0.41121041774749756
38691,GNSS_AIDED,2.52,951,4.1260133,-0.010664110878461138,0.015407064289076811,0.4508236044940138,0.2451253015856058,false,0.6978648732757609,0.27560684084892273
38792,GNSS_AIDED,2.52,150,4.0606437,-0.03327505796002408,0.04909537007917582,0.844257693490802,0.32729802831616733,false,1.6447357971634375,0.39465662837028503
38887,GNSS_AIDED,2.52,150,4.0606437,-0.049014743165427206,0.04964603873701729,0.7870749196208472,0.25622548087909697,false,0.789365946504149,0.26034894585609436
38989,GNSS_AIDED,2.52,351,4.0606437,-0.03439418771490008,0.019539325223068515,0.4288416739649269,0.18813930231393186,false,0.6369966473586413,0.21473994851112366
39094,GNSS_AIDED,2.52,351,4.0606437,0.00594817934216977,-0.008625525529188152,0.48761902416519626,0.09203112706865406,false,0.8134315209718501,0.1772492378950119
39192,GNSS_AIDED,2.52,570,4.0606437,-0.013403313967198115,-0.021239568726407615,0.2938546327912098,0.14423585864109345,false,0.15782883169276352,0.20679661631584167
39290,GNSS_AIDED,2.52,570,4.0606437,-0.026538617899188113,0.05751880355321519,0.6494545060344974,0.14328170851534225,false,1.2612926131164526,0.17900016903877258
39389,GNSS_AIDED,2.52,770,4.0606437,-0.004431906332604595,-0.006646914626890226,0.1896289517034145,0.1734266384637257,false,0.618584495218974,0.2247147262096405
39491,GNSS_AIDED,2.52,770,4.0606437,0.0025424864005289764,-0.05682698192459771,0.6030906258873429,0.16350997029009828,false,0.994398012597849,0.16223695874214172
39592,GNSS_AIDED,2.52,970,4.0606437,-0.0026516701310224174,0.0037567128653635405,0.162657478838615,0.07467707065277182,false,0.6211593577332176,0.08034589886665344
39692,GNSS_AIDED,2.52,970,4.0606437,-0.049283277511767906,0.07039154795592174,1.2585821627759397,0.044691311599404746,false,2.2138391711756853,0.03863994777202606
39793,GNSS_AIDED,2.5,171,3.9386544,-0.05124573954065446,0.07491540150232624,0.9846621839536054,0.27202507113859326,false,1.0588457265089084,0.45538219809532166
39890,GNSS_AIDED,2.5,171,3.9386544,-0.04941694403640174,0.06996671868336195,0.9503056236609052,0.18028158100319785,false,0.9828543181305606,0.17286741733551025
39991,GNSS_AIDED,2.5,373,3.9386544,-0.044064155938396736,0.06056959582395865,0.7914068717632007,0.27326852251816125,false,0.708757592523643,0.34831616282463074
40091,GNSS_AIDED,2.5,373,3.9386544,-0.03839079173253443,0.10841564490403663,1.230234180486423,0.2592633921027598,false,1.5880451485468452,0.279156357049942
40191,GNSS_AIDED,2.5,574,3.9386544,-0.043102189178969554,-0.02786391905735153,0.6028615745514596,0.4305598736949391,false,1.4513784597660153,0.5801546573638916
40292,GNSS_AIDED,2.5,574,3.9386544,-0.047460585932200386,-0.10172437532072036,1.1746741069086952,0.33596912085613195,false,1.8996342925644147,0.312816858291626
40391,GNSS_AIDED,2.5,775,3.9386544,-0.011088739274597526,-0.0654756746426633,0.6635156749918011,0.20582510969569856,false,0.5388290027687904,0.21519729495048523
40493,GNSS_AIDED,2.5,775,3.9386544,0.007872741381787307,-0.008745916931903552,1.0577813025558669,0.08539965274190306,false,1.8467933230590026,0.1209016814827919
40592,GNSS_AIDED,2.5,976,3.9386544,-0.11956585576707843,0.09493122267681528,1.7728061097508518,0.2228343670416591,false,3.7292322680929457,0.34733036160469055
40692,GNSS_AIDED,2.5,976,3.9386544,-0.07509830241318018,0.08137677081736171,2.1855628597962875,0.20438393672464183,false,2.7823161878947236,0.5109361410140991
40792,GNSS_AIDED,2.52,178,3.7605605,-0.04913175552454598,0.0991771455054093,1.3498539981265265,0.18020606352690505,false,1.169891748277232,0.20053187012672424
40893,GNSS_AIDED,2.52,178,3.7605605,-0.022751004109571305,0.018515402493689867,0.9723889887435762,0.19432164329165189,false,2.3370658643747455,0.24486638605594635
41002,GNSS_AIDED,2.52,379,3.7605605,-0.0168889094860589,0.013782687158127973,1.1044080149806537,0.175684958088545,false,1.509569558781466,0.31657594442367554
41104,GNSS_AIDED,2.52,379,3.7605605,-0.07204497368788365,0.05826646786422284,1.350291703737569,0.3240963869275076,false,2.685774465263533,0.5269235372543335
41203,GNSS_AIDED,2.52,582,3.7605605,-0.031601683391808695,0.1422868233060985,1.6616174086033006,0.36268052590169453,false,2.414341515430188,0.550516664981842
41302,GNSS_AIDED,2.52,582,3.7605605,-0.008457880889057832,0.08861191328393661,1.1212757979529473,0.3818166895302778,false,1.9253403255337636,0.5596815347671509
41402,GNSS_AIDED,2.52,793,3.7605605,-0.0457117540382785,-0.005749743260867083,0.5662188966077535,0.17012203514286872,false,1.101402352578537,0.32689544558525085
41498,GNSS_AIDED,2.52,793,3.7605605,-0.02027631969843096,0.019646094398538157,0.7063174475890588,0.07877804069032666,false,1.0780806173421456,0.21086372435092926
41604,GNSS_AIDED,2.52,994,3.7605605,-0.01954749428684397,0.053358263798165315,0.6624054596373817,0.247157480965231,false,1.236687972083317,0.42805740237236023
41695,GNSS_AIDED,2.52,994,3.7605605,-0.023196726864237953,0.025451438010667043,0.6444887008896372,0.0840867943234817,false,1.0981785567165163,0.059405725449323654
41799,GNSS_AIDED,2.533,193,3.6164384,-0.020523434271430115,0.09366311757546965,0.9564335257827151,0.20179227712526634,false,1.3513228102269206,0.3093661367893219
41901,GNSS_AIDED,2.533,193,3.6164384,-0.03478422360410627,0.012927320620539888,0.3710318157944462,0.13854814422954853,false,0.6892793131280353,0.23330511152744293
41997,GNSS_AIDED,2.533,405,3.6164384,-0.06936984876619694,-0.03660097397647971,0.7876192776457244,0.1938885518703302,false,1.2409533322477262,0.28083837032318115
42099,GNSS_AIDED,2.533,405,3.6164384,-0.05400587206317789,-0.06129075103802782,0.8476866632288156,0.24137473293417736,false,1.0331040890696905,0.3624475300312042
42202,GNSS_AIDED,2.533,606,3.6164384,-0.06198250755675655,-0.06620682224931645,0.9180430173014283,0.33768361247646533,false,0.9809697401249811,0.4717758297920227
42302,GNSS_AIDED,2.533,606,3.6164384,0.0071343593725017385,-0.009189666385458555,1.207197710539033,0.28138482527690195,false,1.4938365503881716,0.2674442529678345
42398,GNSS_AIDED,2.533,807,3.6164384,-0.06481936660559114,-0.07970020981066388,1.0933726739222562,0.23831567908902232,false,1.0562584741854002,0.3689518868923187
42498,GNSS_AIDED,2.533,807,3.6164384,-0.03810632568806525,-0.12181318726620415,1.2731926099246,0.1816665285875493,false,1.579149667701692,0.13967658579349518
42599,GNSS_AIDED,2.533,1007,3.6164384,-0.015915041749282724,-0.09116602723313921,0.9342448503528835,0.17056502037312715,false,0.7089488746446692,0.1709524244070053
42698,GNSS_AIDED,2.533,1007,3.6164384,-0.020279356181786494,-0.10393195633646103,1.0618348597233271,0.06427914373236931,false,1.164946148914347,0.05745887756347656
42798,GNSS_AIDED,2.56,208,3.5479803,0.008330492254304761,-0.01747438047802844,0.45362070668611343,0.15668346464399469,false,0.5992580899887239,0.23026211559772491
42900,GNSS_AIDED,2.56,208,3.5479803,0.00590870379288272,-0.012836116730104919,0.2792890474997502,0.15746103967757633,false,0.6322484791985127,0.1675952970981598
42999,GNSS_AIDED,2.56,417,3.5479803,0.007465085258550131,-0.01678950189549266,0.37352032439737426,0.09685197424260117,false,0.5172190700957475,0.05930093303322792
43100,GNSS_AIDED,2.56,417,3.5479803,0.01215504898861371,-0.08101092548843802,0.8170179518514408,0.22439942127641146,false,1.2756545061595495,0.32729095220565796
43210,GNSS_AIDED,2.56,620,3.5479803,-0.04898924801431289,-0.09005635450638819,1.0249316996360387,0.3955456498081602,false,1.3792288523493246,0.532739520072937
43300,GNSS_AIDED,2.56,620,3.5479803,-0.04350895250598581,0.11999883098832882,1.3212285098349241,1.1146960779837944,false,3.053121990835868,1.8100769519805908
43400,GNSS_AIDED,2.56,821,3.5479803,0.16920268018750417,0.24826785956450148,3.095527324996651,1.4460341422881162,false,4.902555004085175,1.7404272556304932
43500,GNSS_AIDED,2.56,821,3.5479803,0.1342181409218806,0.19443298931324546,2.3579375737445716,1.0267113827367258,false,1.9052355144111306,0.7256104350090027
43600,GNSS_AIDED,2.56,1021,3.5479803,0.009385011932256371,0.1465593050450209,1.4933569004893952,0.7229307642343388,false,1.4759540619420892,0.5742241740226746
43701,GNSS_AIDED,2.56,1021,3.5479803,-0.019711322637825882,0.13950013366229605,1.4772935717487479,0.3407842588127127,false,1.5199429353996545,0.05300905928015709
43801,GNSS_AIDED,2.566,224,3.5181265,-0.02204298533222968,0.10529378464856516,1.0782346947264563,0.07474412901389597,false,0.8326082087982624,0.3221372067928314
43908,GNSS_AIDED,2.566,224,3.5181265,0.06468674662893015,0.07013275443126442,0.9607140103277251,0.5864176777939876,false,1.404980547486514,1.0283162593841553
44015,GNSS_AIDED,2.566,434,3.5181265,0.029850568940635765,-0.18537063354459055,1.8758737988424636,1.3634820949089812,false,3.872513316608414,1.9813898801803589
44112,GNSS_AIDED,2.566,434,3.5181265,0.042634325478592,-0.09106186442050508,1.6773843935534323,0.9247446114317802,false,2.0786633919439614,0.8127245903015137
44211,GNSS_AIDED,2.566,635,3.5181265,-0.01060370403746322,-0.18093705456122997,2.2486619902789533,0.5064189769338441,false,2.782516035043763,0.23033815622329712
44313,GNSS_AIDED,2.566,635,3.5181265,0.021211587519752995,-0.0581346012054362,1.6885222535715112,0.1878232289169797,false,1.9751801561832636,0.235101118683815
44408,GNSS_AIDED,2.566,836,3.5181265,-0.15147763345568013,0.004028848322283546,1.7195062065690632,0.3901715966973127,false,3.0694299078631566,0.5954224467277527
44511,GNSS_AIDED,2.566,836,3.5181265,-0.22491306640038092,-0.10379896705147959,2.8522677887663908,0.4286693664867598,false,4.6727068697535135,0.468355655670166
44608,GNSS_AIDED,2.566,1037,3.5181265,-0.01013546823019321,-0.10585244553238764,2.735356097194636,0.07021720511292212,false,3.899569013881842,0.3804880380630493
44710,GNSS_AIDED,2.566,1037,3.5181265,0.05088216546566292,-0.052653419188517195,0.797456791811035,0.3684728509329358,false,2.7616032562038515,0.6297646760940552
44809,GNSS_AIDED,2.6,237,3.4738603,-0.015207590099336948,-0.08979571952849612,2.384213126729863,0.4936976992252822,false,3.944429446594664,0.692340075969696
44908,GNSS_AIDED,2.6,237,3.4738603,-0.003019471135425066,0.005641152896118964,2.384500568497708,0.13440001942938018,false,2.581070689379242,0.21318814158439636
45015,GNSS_AIDED,2.6,446,3.4738603,0.011463072963356831,0.0631455302224748,2.0124040514454755,0.27136657498103645,false,2.0193960945584575,0.4302140474319458
45110,GNSS_AIDED,2.6,446,3.4738603,-0.06393400015003935,0.13181650907886544,1.8320492897609597,0.548313288612779,false,2.819381881353187,0.8989163041114807
45214,GNSS_AIDED,2.6,648,3.4738603,0.02726797999451773,0.40756180495191446,5.308533427803362,0.7357328977601165,false,8.714389853304189,1.0398615598678589
45309,GNSS_AIDED,2.6,648,3.4738603,0.03777569821284195,0.3090141102333442,3.257494411014582,0.4174766394901924,false,2.52642746810318,0.304333359003067
45412,GNSS_AIDED,2.6,848,3.4738603,-0.02411093362376077,0.15260571764718922,1.9046342494404456,0.4066922544134268,false,2.8978725478494987,0.5579437613487244
45509,GNSS_AIDED,2.6,848,3.4738603,-0.046786844346989404,0.10399885220288962,1.7767030934851735,0.32176289518941614,false,1.8099839021392192,0.27330148220062256
45610,GNSS_AIDED,2.6,1048,3.4738603,-0.04494889573359561,0.036286204213270265,1.9550409816444612,0.21237871394639982,false,3.9344564143497407,0.310440331697464
45708,GNSS_AIDED,2.6,1048,3.4738603,-0.07496564822793866,0.030121868635200368,1.2297943441908907,0.8068368547722159,false,2.1609358514972743,1.3077253103256226
45812,GNSS_AIDED,2.6,248,3.4110641,-0.0017886739890902324,0.036285680162195647,0.417964121098381,0.6089527617892401,false,0.7849229545642866,0.48103195428848267
45908,GNSS_AIDED,2.6,248,3.4110641,0.009386808777817451,-0.03239226119176468,0.4360764786772158,0.5937708712790083,false,1.106399209641453,0.6288398504257202
46012,GNSS_AIDED,2.6,449,3.4110641,-0.008833996825460074,-0.06703235898934305,0.752059747794157,0.6147860037756964,false,1.0415729175020199,0.6423056125640869
46108,GNSS_AIDED,2.6,449,3.4110641,-0.008496565330284658,-0.012004974084006213,0.21169353701888674,0.5212333108346073,false,0.6292751832066138,0.4584232270717621
46211,GNSS_AIDED,2.6,649,3.4110641,-0.003995942143250724,0.03162038531013557,0.3445361697913866,0.3709770380420014,false,0.671029395188046,0.2748241424560547
46308,GNSS_AIDED,2.6,649,3.4110641,-0.023741436450353783,0.0014045712868376754,0.31321025153435067,0.27087890843329293,false,0.6544707473354752,0.19472339749336243
46408,GNSS_AIDED,2.6,861,3.4110641,-0.0187076740509586,0.06505137284662472,0.814729824857311,0.37909879620474973,false,1.5203016584613145,0.48116326332092285
46509,GNSS_AIDED,2.6,861,3.4110641,0.0070265540217303085,0.0827864984983456,0.9432821448431028,0.16760482921639389,false,1.542099575007698,0.1996697336435318
46609,GNSS_AIDED,2.6,1061,3.4110641,0.02275034715224993,0.10895836279570424,1.11842047746456,0.07511158135167181,false,1.4693931217687315,0.01772897131741047
46709,GNSS_AIDED,2.6,1061,3.4110641,-0.00562920317214439,0.08801309930487045,1.175106043970953,0.3264113924224815,false,1.4998677500581266,0.6375102996826172
46808,GNSS_AIDED,2.583,262,3.3153257,-0.028450628155371843,-0.04834099160051187,0.653205855880515,0.42416766312245857,false,2.0372363679690304,0.5310754776000977
46909,GNSS_AIDED,2.583,262,3.3153257,-0.020207777018223336,-0.13005309258839776,1.8437209375877146,0.2081676834006834,false,2.8317579937954513,0.21193955838680267
47009,GNSS_AIDED,2.583,462,3.3153257,0.05452999783280408,-0.06331129892030937,1.4248294410870541,0.17181607871690077,false,2.4616727264343345,0.4031921625137329
47110,GNSS_AIDED,2.583,462,3.3153257,-0.003790267715509019,0.0042847949160990445,0.3787518987483961,0.19773540424318994,false,0.9470649637257047,0.28679725527763367
47227,GNSS_AIDED,2.583,664,3.3153257,0.03163453524670146,-0.037435335429688334,1.9396341433064983,0.259539287918528,false,3.5682235091428844,0.5516047477722168
47322,GNSS_AIDED,2.583,664,3.3153257,-0.11932719214763365,-0.1520703579329026,2.0002950007070766,0.08880555084605693,false,2.1816822169032126,0.13808560371398926
47419,GNSS_AIDED,2.583,873,3.3153257,0.04683433398262973,-0.06517138356264722,1.7996389625312137,0.2580160039272965,false,1.7688679652127988,0.45883938670158386
47521,GNSS_AIDED,2.583,873,3.3153257,0.03984016103200937,-0.05522227887433578,0.7514894428045107,0.26569286531708836,false,1.7463408015446487,0.27682700753211975
47621,GNSS_AIDED,2.583,873,3.3153257,0.03013507899169943,0.0047072304539370665,0.7219084851324089,0.31413471394924014,false,1.0799613757814734,0.5425214767456055
47720,GNSS_AIDED,2.583,1078,3.3153257,-0.01770071075697189,0.012676836446305587,0.3813712123692458,0.5018978295463032,false,1.2307676434534152,0.6593946814537048
47819,GNSS_AIDED,2.583,1078,3.3153257,-0.01818368879789511,-0.014096804471960185,0.5246406018424167,0.34772414187727224,false,0.7179663445725919,0.23775245249271393
47917,GNSS_AIDED,2.566,279,3.2262788,0.0019682203739795454,-0.002892968821696121,0.4355400069549775,0.39093416710313417,false,0.6450946409133633,0.4459235370159149
48019,GNSS_AIDED,2.566,279,3.2262788,-0.04185539125257206,-0.009270258403532095,0.42875514740955467,0.28878406597397793,false,0.4969520243027367,0.23335480690002441
48115,GNSS_AIDED,2.566,480,3.2262788,-0.061931243855452615,-0.03021826533588698,0.7355613291458082,0.34288430790329844,false,1.032877462538316,0.3907722234725952
48214,GNSS_AIDED,2.566,480,3.2262788,-0.10431697458919034,-0.07506413874102938,1.2826286815970036,0.29319574940654736,false,1.7682466245232704,0.272050678730011
48314,GNSS_AIDED,2.566,701,3.2262788,-0.013318522526321697,0.014277394822021464,1.1006786831670845,0.1964576279976458,false,1.0561775591630564,0.21138401329517365
48415,GNSS_AIDED,2.566,701,3.2262788,-0.030992716053431842,-0.03121093421357234,0.43879299015335366,0.1476121271710444,false,0.31758239498281976,0.17451722919940948
48513,GNSS_AIDED,2.566,910,3.2262788,-0.05285838142809984,-0.02127791866685986,0.5909505624288336,0.21610271764381966,false,0.7670316780499652,0.2734121084213257
48615,GNSS_AIDED,2.566,910,3.2262788,0.018974176081347674,-0.019375617492866717,0.3886944909182083,0.14381163640527989,false,0.6639610653196877,0.3350358307361603
48715,GNSS_AIDED,2.566,1111,3.2262788,0.03127425363815348,4.972077862782128E-4,0.46159371897730195,0.09672197002929114,false,0.8661366458902172,0.28114408254623413
48819,GNSS_AIDED,2.566,1111,3.2262788,-0.013451381624188604,0.019661220524170988,0.47542806370209145,0.17120641958884208,false,0.7608505348672493,0.2630656659603119
48915,GNSS_AIDED,2.55,309,3.1012013,-0.09931345967001874,0.01094008150934447,1.0000974906758846,0.30423981852266563,false,1.679792348991973,0.41816848516464233
49018,GNSS_AIDED,2.55,309,3.1012013,-0.07340770143553832,0.0019822770040404465,0.7336105138472726,0.12997348490142802,false,0.5296126445701547,0.10223141312599182
49115,GNSS_AIDED,2.55,519,3.1012013,-0.027318207573146767,0.0017377273281444614,0.2861114936375901,0.14012123223905926,false,0.15234383483653444,0.1896478533744812
49216,GNSS_AIDED,2.55,519,3.1012013,-0.048963593810735305,0.03725999962975155,0.6368355712777467,0.15994314493675776,false,0.957970633917533,0.19252988696098328
49316,GNSS_AIDED,2.55,719,3.1012013,-0.06008425893464492,-0.012641661134686356,0.6490463395727488,0.1294372167084919,false,1.0075806039096766,0.13924521207809448
49418,GNSS_AIDED,2.55,719,3.1012013,-0.007604907550980215,0.008500005499734538,0.6194091553182308,0.07604520010099958,false,0.7189146765539169,0.08413606882095337
49516,GNSS_AIDED,2.55,919,3.1012013,0.012858245597282478,-0.014252856299158418,0.5939543243677424,0.0895173437155638,false,0.9211907988142707,0.1337202936410904
49616,GNSS_AIDED,2.55,919,3.1012013,-0.010030192682399918,0.014665018802842756,0.2866278780697936,0.2245561561066386,false,0.9349631371932418,0.36483556032180786
49716,GNSS_AIDED,2.533,119,3.003919,-0.03341768255936292,0.11604135370195981,1.275886055871581,0.2678062308021108,false,2.2321110149295618,0.40471866726875305
49816,GNSS_AIDED,2.533,119,3.003919,-0.022084983442424412,0.19905072678770896,2.0001225114115053,0.38111759159458125,false,2.649716842462828,0.5426563024520874
49916,GNSS_AIDED,2.533,321,3.003919,0.02396777925682605,0.30673132967725164,3.104569355293035,0.43814931854307704,false,4.065258523295309,0.6045459508895874
50017,GNSS_AIDED,2.533,321,3.003919,-0.039472985838751834,0.23459219932176717,2.4883762680463937,0.5545815481687811,false,2.2077305239696523,1.1593621969223022
50119,GNSS_AIDED,2.533,521,3.003919,-0.14892247516627508,0.11673470238773755,1.9428863375760204,0.7762686423718258,false,2.374467836210934,0.967596173286438
50218,GNSS_AIDED,2.533,521,3.003919,-0.2729714764423614,-0.20394097443542109,3.6506836659800768,1.1261702354684942,false,6.223519445448147,1.4471694231033325
50319,GNSS_AIDED,2.533,721,3.003919,-0.06081109435509287,-0.15098346273237823,3.3606873483465747,0.8953980044569563,false,4.487500788507272,1.3678909540176392
50419,GNSS_AIDED,2.533,721,3.003919,0.030186153284523422,-0.13044593271816732,3.248957944590676,0.40806421915004554,false,3.34700704840838,0.329305499792099
50532,GNSS_AIDED,2.533,934,3.003919,-0.027748146918785268,0.05514370213777486,1.391152545081834,0.28866010198992004,false,2.151788741069496,0.813946545124054
50629,GNSS_AIDED,2.533,934,3.003919,-0.14854674455794992,0.29138851909313007,4.057787769439743,0.7417250503109903,false,7.227609491228305,1.113889455795288
50726,GNSS_AIDED,2.48,135,2.9781828,0.06046800384844749,0.6082530484007981,6.846422446594578,0.449440121645585,false,9.152749521421127,0.2661207914352417
50830,GNSS_AIDED,2.48,135,2.9781828,-0.029458392436172313,0.32985064344274545,3.3029623436570494,0.437203910494195,false,2.91410574817173,1.020424485206604
50927,GNSS_AIDED,2.48,335,2.9781828,-0.16105910384777572,0.18101900735603454,2.6380210633980865,0.4195549727778541,false,3.308230341279892,0.4991011917591095
51029,GNSS_AIDED,2.48,335,2.9781828,-0.07301321125973673,0.09878447759397586,1.608915037100341,0.19623938756473044,false,1.0842227149911006,0.48900270462036133
51126,GNSS_AIDED,2.48,536,2.9781828,0.022697463822924487,0.08602878947962732,0.9808983966054345,0.29026038947462607,false,2.007434449743246,0.5144912600517273
51227,GNSS_AIDED,2.48,536,2.9781828,-0.027987822948911653,0.04715770067467811,0.9973358883801389,0.07939365246451045,false,1.358162995910375,0.20241761207580566
51339,GNSS_AIDED,2.48,737,2.9781828,-0.020791676230533223,-0.02335022653591956,0.6696330762901096,0.06463148168620782,false,1.903526885050109,0.05706515535712242
51426,GNSS_AIDED,2.48,737,2.9781828,0.015881234550557025,-0.016489763225293913,1.0456752876491935,0.0687126429746972,false,1.3623408230332672,0.16310571134090424
51525,GNSS_AIDED,2.48,941,2.9781828,-0.04911087859423801,-0.07211550845205089,0.8743709895499693,0.13563713346981557,false,1.1886136534075675,0.2027435451745987
51628,GNSS_AIDED,2.48,941,2.9781828,-0.06349280664462968,0.05976576226434429,1.5169460411416904,0.22806692132149817,false,2.7853623469728217,0.3202939033508301
51725,GNSS_AIDED,2.46,143,2.986933,0.005789171290753294,-0.03064782252376813,0.5423736392381729,0.17654403230973875,false,1.1553596913054027,0.49408361315727234
51825,GNSS_AIDED,2.46,143,2.986933,0.02899433121439896,-0.08192592674599775,0.9057663823404584,0.23585082378673383,false,1.3166257090103188,0.42249223589897156
51926,GNSS_AIDED,2.46,346,2.986933,-0.021206510373086806,0.056589984018481115,0.9042497245810656,0.6370800648995372,false,2.2670005743271586,1.3015855550765991
52026,GNSS_AIDED,2.46,346,2.986933,-0.31695666708215103,0.15760106847620217,3.566642460112432,0.9922622782307954,false,6.003263097952756,1.8985894918441772
52126,GNSS_AIDED,2.46,546,2.986933,-0.12014510148376228,0.10729662421229426,2.8736584500606397,1.315693153190137,false,3.4549684873635647,1.7727664709091187
52228,GNSS_AIDED,2.46,546,2.986933,-0.1311820540682723,-0.17634305570010902,2.2332734063391606,1.0427348761373474,false,2.6726879802432215,1.0221351385116577
52327,GNSS_AIDED,2.46,746,2.986933,-0.008596788858195118,-0.08768878306243752,1.7306399856241406,0.3853917092350968,false,2.5031819124528423,0.25154587626457214
52425,GNSS_AIDED,2.46,746,2.986933,-0.12443344365640437,-0.041798037940334945,1.5408045659705354,0.6923337686539379,false,2.175972136101959,0.9640461802482605
52525,GNSS_AIDED,2.46,947,2.986933,-0.13225797957916666,0.10917724702160435,1.9599971182671976,0.9595557852042154,false,2.8761929354656925,1.4748899936676025
52626,GNSS_AIDED,2.46,947,2.986933,-0.12444646478733558,-0.033906880935217015,1.3450156789738417,1.199221984775581,false,1.886044219398211,1.6077303886413574
52725,GNSS_AIDED,2.44,153,3.0142133,0.017409275017402852,0.11244823759229929,1.5151736249890781,0.4905088565511253,false,3.016080730898102,0.9301785826683044
52825,GNSS_AIDED,2.44,153,3.0142133,0.003180188972819155,-0.1052313118816605,1.1469956127176977,0.648609226717295,false,3.214621376453057,0.777167797088623
52927,GNSS_AIDED,2.44,361,3.0142133,0.12139798539789852,0.21202006537932608,2.5242965971002014,0.8046630337022476,false,5.329663740328807,1.2483576536178589
53025,GNSS_AIDED,2.44,361,3.0142133,0.16920722540260424,0.14525528317807868,2.41855551543261,1.094945755135533,false,3.1742998675336938,1.4144543409347534
53127,GNSS_AIDED,2.44,563,3.0142133,0.13691860074675735,0.21543951344188203,2.934037730646454,1.013078346117624,false,4.461081872288104,1.506038784980774
53226,GNSS_AIDED,2.44,563,3.0142133,-0.019336150377653794,0.2205732117453933,3.2975526172409766,1.0162760493179692,false,3.5956553709964765,1.1037155389785767
53327,GNSS_AIDED,2.44,763,3.0142133,0.24800506249639803,0.2203247413395816,3.472597903369673,0.6901117636493664,false,3.75994816956353,0.5296562314033508
53426,GNSS_AIDED,2.44,763,3.0142133,0.10026387091239275,0.23350128768406309,2.560544261405377,0.1885408113438439,false,2.4459204780989166,0.3678742051124573
53527,GNSS_AIDED,2.44,963,3.0142133,0.07660717357907641,0.14917317247676845,1.6987895198931864,0.45843698665305405,false,1.0321501382889717,0.6863120198249817
53627,GNSS_AIDED,2.44,963,3.0142133,0.11544453550770384,-0.03723516348503858,1.364412950962202,0.4666444784844625,false,2.5181351141209194,0.5317015647888184
53726,GNSS_AIDED,2.45,162,3.0615678,0.14770733188951946,0.019333809369677882,1.5660334888443936,0.50045535996229,false,1.8836724298609944,0.7138866186141968
53840,GNSS_AIDED,2.45,162,3.0615678,0.02477318889569415,-0.07778177305391973,0.8678272535016929,0.3689184262217278,false,1.7128858165892848,0.6334460973739624
53943,GNSS_AIDED,2.45,369,3.0615678,0.02976867361942773,-0.04350799094973459,0.7049108839474105,0.463322016706367,false,1.1434137033711353,0.5436581969261169
54037,GNSS_AIDED,2.45,369,3.0615678,0.012079628129463246,-0.03948333196630278,0.43928565947078174,0.47578296207055243,false,0.37621104921193016,0.4929327368736267
54139,GNSS_AIDED,2.45,569,3.0615678,0.023921791803422996,-0.06573459914445567,0.6977213883529271,0.38556001513555216,false,0.9265239043331001,0.40000396966934204
54233,GNSS_AIDED,2.45,569,3.0615678,-0.00880595138248168,0.02143771529720941,0.5307164005949133,0.1521447637348617,false,1.2825467254591123,0.2688593864440918
54340,GNSS_AIDED,2.45,771,3.0615678,0.00205364983083889,0.016922862584975093,0.27838282273824255,0.2364954217862562,false,0.7651534628897962,0.3524135649204254
54433,GNSS_AIDED,2.45,771,3.0615678,-0.0032379729306096566,0.009314298424902386,0.24171107249942453,0.2880749984127462,false,0.5378510655448393,0.545996367931366
54538,GNSS_AIDED,2.45,973,3.0615678,-0.007127190714596593,0.02939658376998222,0.3227458418016473,0.32371494629771697,false,0.4652803628678273,0.3966187536716461
54633,GNSS_AIDED,2.45,973,3.0615678,0.027004018411447842,0.0033656594017280137,0.39265225080289706,0.2533827293347949,false,0.7039024535821065,0.1994124948978424
54739,GNSS_AIDED,2.466,174,3.1665711,-0.01903459599148167,0.008925067395974463,0.3982898609250018,0.1935325981936084,false,0.6862845447076852,0.16757939755916595
54835,GNSS_AIDED,2.466,174,3.1665711,-0.03551315067824263,-0.043533480857189694,0.5840467497410424,0.205907873398787,false,1.1290696499881363,0.2838820815086365
54937,GNSS_AIDED,2.466,375,3.1665711,0.0022747963040602396,-0.0034076966196293136,0.8779744339468948,0.24270784289082278,false,1.2943994470470903,0.31047549843788147
55033,GNSS_AIDED,2.466,375,3.1665711,-0.034211433078688964,0.050477642043626154,0.7781598943981172,0.15126699697647691,false,1.1373141255319075,0.2697344124317169
55138,GNSS_AIDED,2.466,575,3.1665711,-0.04725315872101112,-0.03450360275928793,0.6083371289576902,0.2901654010783599,false,0.9630188933756982,0.5398721098899841
55233,GNSS_AIDED,2.466,575,3.1665711,0.007878217721773806,-0.013022363756117778,0.29510762127879103,0.05608773882257606,false,0.5124377600730371,0.3256518244743347
55336,GNSS_AIDED,2.466,777,3.1665711,0.023984060841653988,-0.050794540991501325,0.5708975534016021,0.07074692651714001,false,0.8805642568065445,0.12152285128831863
55432,GNSS_AIDED,2.466,777,3.1665711,-0.09907483327483425,0.018460192412545023,1.1166947833304979,0.35284544766834885,false,2.3038885904523094,0.6470302939414978
55534,GNSS_AIDED,2.466,987,3.1665711,-0.0663780890387405,0.021629886227062963,0.7788049522404964,0.49360173992472606,false,0.5272530797814516,0.7920966148376465
55635,GNSS_AIDED,2.466,987,3.1665711,0.038721666430133216,0.043842355395209844,0.6208669954567169,0.41778756813985246,false,1.5141424290769459,0.5089655518531799
55733,GNSS_AIDED,2.466,987,3.1665711,-0.0017843780064712381,0.07154454704475273,0.7138375160783932,0.3611328104728442,false,1.009440110051998,0.5325812697410583
55834,GNSS_AIDED,2.5,190,3.3384883,-0.12850073869910314,0.0790098374414506,1.5996133885561037,0.3035244403003965,false,2.6216695940620083,0.3867834210395813
55934,GNSS_AIDED,2.5,190,3.3384883,0.06371425040923187,-0.08595466502636862,1.084517740205922,0.17579173888678049,false,3.055933819291265,0.4971584975719452
56033,GNSS_AIDED,2.5,391,3.3384883,-0.09130759265731164,0.006770860452465892,0.9174115233531757,0.5038385265943686,false,2.283111553373332,1.015567421913147
56137,GNSS_AIDED,2.5,591,3.3384883,-0.03838828607857979,-0.004684558085995283,0.9795388600844918,0.46396369787734704,false,1.690970385834152,1.184904932975769
56234,GNSS_AIDED,2.5,591,3.3384883,0.05584324877309877,0.006874769461567039,0.7829550768710851,0.11952516144264451,false,1.3390981564450213,0.2605516016483307
56334,GNSS_AIDED,2.5,591,3.3384883,-0.04554627970436056,0.031044851329070502,0.549747471436997,0.42802425060303767,false,1.4203400271931323,0.8430159687995911
56434,GNSS_AIDED,2.5,792,3.3384883,-0.10379646078706657,0.11774007730006592,1.6397557697378602,0.3382993090582761,false,2.5431734186603756,0.3551062047481537
56534,GNSS_AIDED,2.5,792,3.3384883,-0.09915146551058443,0.16380567207444752,1.9242364123305078,0.28667841311437414,false,2.213891797105797,0.3116511404514313
56645,GNSS_AIDED,2.5,1009,3.3384883,-0.04770372163738383,0.060626978466792145,1.8637208845940167,0.05407662331549453,false,2.8172518824969632,0.20249690115451813
56736,GNSS_AIDED,2.5,1009,3.3384883,-0.025201704682654823,-0.08682963920330826,1.331284580624695,0.4171134379760162,false,2.3532578377577753,0.7478590607643127
56845,GNSS_AIDED,2.566,218,3.4944491,-0.1282422797646664,-0.00455546045440513,1.3579183064705571,0.09463040566415827,false,2.1808458157498305,0.1617964804172516
56947,GNSS_AIDED,2.566,218,3.4944491,0.026597197960044533,-0.045399270092365294,1.1822951107452613,0.36298554636025576,false,2.816918808059143,0.7180845141410828
57047,GNSS_AIDED,2.566,424,3.4944491,0.05327209629851201,-0.07348162836002672,1.205908915733074,0.14519948632505197,false,1.3452324258293293,0.28351131081581116
57146,GNSS_AIDED,2.566,424,3.4944491,-0.07425974264905823,0.051493516771152215,1.0391634147112754,0.2944069867121532,false,2.7849033333950755,0.6136963367462158
57246,GNSS_AIDED,2.566,631,3.4944491,8.508389743251395E-5,-1.1530903970605903E-4,0.6620819049631915,0.40726191631470465,false,1.0323782106545156,0.6305292248725891
57344,GNSS_AIDED,2.566,631,3.4944491,0.1214129747065311,0.08622824145475681,1.4924567263416362,0.49321193291019366,false,2.732618557332617,0.8831233382225037
57443,GNSS_AIDED,2.566,834,3.4944491,-0.03274175228181577,0.12654708895525224,1.3758339435303821,0.625063723648587,false,2.3899796179221666,1.0038971900939941
57542,GNSS_AIDED,2.566,834,3.4944491,-0.04368450317452418,0.050297485110968404,0.71738726252032,0.4778411629322805,false,0.9894299024324549,0.5355128645896912
57640,GNSS_AIDED,2.566,1036,3.4944491,-0.02154784483429851,0.042987968192369296,0.47973595561176474,0.3526930386836841,false,0.4202131450340727,0.27820560336112976
57743,GNSS_AIDED,2.566,1036,3.4944491,-0.012321745063944886,-0.055474794615380234,0.5786219434362557,0.16298902865394935,false,1.3513863100149046,0.3704788088798523
57843,GNSS_AIDED,2.68,236,3.6370273,0.039355636051682956,-0.05761447964128194,0.7300825758832469,0.13563152292017033,false,1.1095767605116502,0.2070102095603943
57945,GNSS_AIDED,2.68,236,3.6370273,0.010889639635789853,-0.05632724173823627,0.5723170426561036,0.10978591894512972,false,0.5843253140226581,0.1550578773021698
58043,GNSS_AIDED,2.68,445,3.6370273,0.005174815933384735,-0.005167925976604168,0.38339311837013523,0.1707399085923236,false,0.7857862619371532,0.2746410667896271
58145,GNSS_AIDED,2.68,445,3.6370273,0.009694340148722044,-0.010691252020635023,0.19272689667822537,0.2281831083192818,false,0.5650204982299057,0.32455936074256897
58242,GNSS_AIDED,2.68,645,3.6370273,0.009424126165047161,0.01511076598465126,0.36989521840851874,0.12466014388041811,false,0.7758005918283327,0.09912538528442383
58342,GNSS_AIDED,2.68,645,3.6370273,0.032693674766844,-0.03197236386836587,0.615952376450271,0.18213178195118634,false,0.986880491253357,0.28197339177131653
58441,GNSS_AIDED,2.68,846,3.6370273,0.06559182896185489,-0.03056343482900656,0.7299229590334891,0.1416019572166433,false,1.0943618360010898,0.23548021912574768
58542,GNSS_AIDED,2.68,846,3.6370273,-8.988028960900999E-4,0.0010530041470694523,0.5009546407183053,0.10073642391258873,false,1.0966111606753515,0.19162891805171967
58644,GNSS_AIDED,2.68,1047,3.6370273,-0.004827036795812805,0.005576821430477837,0.6495155325069405,0.2560548326637071,false,1.0275866067210808,0.38289138674736023
58741,GNSS_AIDED,2.68,1047,3.6370273,0.03605477468539066,-0.061264078548939685,0.7095093523922915,0.19064570201487388,false,1.338842362628621,0.15833821892738342
58840,GNSS_AIDED,2.716,247,3.8012235,0.0440634739943558,0.02762113063006312,0.7509521072159391,0.2623786039709325,false,1.484222721355632,0.5935775637626648
58940,GNSS_AIDED,2.716,247,3.8012235,-0.01588180939582199,0.02091465142464106,0.7466772231772769,0.33118073351245175,false,0.8330629134853808,0.39771392941474915
59041,GNSS_AIDED,2.716,448,3.8012235,0.11022957179571169,-0.08022197439260091,1.58969646461136,0.32276908672564003,false,2.786370034422386,0.4865758717060089
59143,GNSS_AIDED,2.716,448,3.8012235,0.04764649237186354,0.008024205151728338,0.4834662424584501,0.565358050624328,false,1.062984925176641,1.0032837390899658
59242,GNSS_AIDED,2.716,648,3.8012235,-0.03447217978386616,0.04218116225789889,0.6952807106863556,0.17949150920968346,false,1.45597972092344,0.37821871042251587
59345,GNSS_AIDED,2.716,648,3.8012235,0.050035051629804206,0.12498187311229159,1.3427075433452942,0.43323854080930957,false,2.2568899674772798,0.8216962218284607
59445,GNSS_AIDED,2.716,849,3.8012235,-0.021090305414018757,0.15049786668602438,1.553195371162456,0.21538380944557767,false,1.965587255483407,0.2501893937587738
59558,GNSS_AIDED,2.716,849,3.8012235,0.04835602672495841,0.015140484592995943,0.5368985675552288,0.3551473074767913,false,1.38397694692587,0.5323102474212646
59654,GNSS_AIDED,2.716,1053,3.8012235,-0.0240557137485703,0.006523914836114521,0.2592838656349058,0.17788220623303239,false,0.8587109545454666,0.1714814007282257
59758,GNSS_AIDED,2.716,1053,3.8012235,0.026693283254602615,-0.036896755439148485,0.7208250896094475,0.20475489840338304,false,1.3588908010287382,0.33642175793647766
59857,GNSS_AIDED,2.82,257,4.025128,-0.02526790525152754,1.675809362013882E-4,0.2587113441167982,0.16465291395560133,false,0.9102699730823759,0.23582696914672852
59957,GNSS_AIDED,2.82,257,4.025128,0.04111313950938535,-0.03577954790606682,0.6297370921907549,0.3510453612692234,false,1.3219671462081337,0.6010109186172485
60055,GNSS_AIDED,2.82,457,4.025128,-0.06649017075523035,0.02400144588450406,0.7625737295911462,0.15786867567290178,false,1.7534553058680695,0.15930649638175964
60155,GNSS_AIDED,2.82,457,4.025128,-0.11534747392377423,0.038716079944756183,1.216070877886012,0.36884733250160506,false,1.659559647311237,0.5657137036323547
60255,GNSS_AIDED,2.82,659,4.025128,0.06681567093977915,-0.019223803289533305,0.7029821324306651,0.37016270473382284,false,2.211119769793093,0.4464276134967804
60356,GNSS_AIDED,2.82,659,4.025128,-0.04546843837435207,-0.002702191115999058,1.187094724019748,0.14223565048737769,false,2.3086899331097426,0.46632662415504456
60455,GNSS_AIDED,2.82,860,4.025128,0.008629816754138044,-0.007394230160278548,0.46431788975908245,0.20453614851743576,false,0.5836349616799156,0.3102046549320221
60555,GNSS_AIDED,2.82,860,4.025128,0.016510853245176683,-0.0733227023112837,0.7691021338313776,0.1468999714868818,false,1.2859605859255478,0.4072706401348114
60653,GNSS_AIDED,2.82,1060,4.025128,0.015987263760758326,-0.015648638895909048,0.7573974316653271,0.29224713534594904,false,1.4893447031896814,0.6150264143943787
60755,GNSS_AIDED,2.82,1060,4.025128,0.032977880900362466,-9.335369148477544E-4,0.33410783478491873,0.16320037154497272,false,0.37619717334186137,0.3527834713459015
60854,GNSS_AIDED,2.833,262,4.2258697,-0.036113999537164654,-0.07009915427649606,0.8543168589123262,0.25037527912317364,false,1.6710165103647654,0.3329809308052063
60953,GNSS_AIDED,2.833,262,4.2258697,-0.04710256854139647,-0.058905963707271955,0.7889868980003283,0.25275061885746763,false,0.7649584964833734,0.2968229055404663
61050,GNSS_AIDED,2.833,462,4.2258697,0.051317406130359074,-0.0043993887200524375,0.5168274306412013,0.19661936721247195,false,1.3506274996254473,0.2975080907344818
61152,GNSS_AIDED,2.833,462,4.2258697,0.11650577226627098,-0.032449235505518974,1.2319858722830042,0.03947851714227747,false,1.8325418136631884,0.09733688831329346
61252,GNSS_AIDED,2.833,669,4.2258697,0.052505561671483604,0.0637118509254697,0.8803808849812917,0.25321595168119654,false,1.589058942931533,0.46856775879859924
61351,GNSS_AIDED,2.833,669,4.2258697,-0.0849287204577896,0.035894009931643975,0.9951030285274701,0.20289449611944335,false,1.9879722677274703,0.35629671812057495
61451,GNSS_AIDED,2.833,872,4.2258697,-0.015638996540307763,0.01239609480897675,0.5410986373507916,0.25385729726343065,false,0.9609432680880012,0.41464075446128845
61551,GNSS_AIDED,2.833,872,4.2258697,0.03867098523369121,0.0314160040252835,0.5493876277753336,0.21723145331916835,false,1.4088492283661191,0.28778526186943054
61650,GNSS_AIDED,2.833,1072,4.2258697,-0.12046991220454367,-0.16155432962020197,2.181260694086427,0.3750559605534605,false,4.3381647152125025,0.7181243300437927
61752,GNSS_AIDED,2.833,1072,4.2258697,-0.09039155400492156,-0.09814037845124968,1.3341900951122776,0.1555119570087558,false,0.9579411071447304,0.4576877951622009
61849,GNSS_AIDED,2.9,272,4.388007,-0.045469273577030664,0.043117511675100854,0.8752999963387323,0.24571903243893908,false,1.8582015738357223,0.5457390546798706
61950,GNSS_AIDED,2.9,272,4.388007,-0.026699447054598088,0.12998557504556754,1.3537380211990584,0.2711621980758133,false,2.2235057188639407,0.3340436518192291
62050,GNSS_AIDED,2.9,472,4.388007,0.06478935874184402,0.09440580932114769,1.4266689835370245,0.30268000910686277,false,2.0060743478979117,0.3434866964817047
62150,GNSS_AIDED,2.9,472,4.388007,-0.057216962198072284,0.0864295527244189,1.0956310695655858,0.4608038170340848,false,1.7319402098370642,0.6152342557907104
62250,GNSS_AIDED,2.9,673,4.388007,-0.05789923744099247,-0.046351962817362646,0.741008604292248,0.2921087607506046,false,1.6352104721922776,0.4711957275867462
62350,GNSS_AIDED,2.9,673,4.388007,0.05824358624112711,-0.08781520312490601,1.077523034744485,0.09684651754099784,false,1.9781795488387919,0.34393006563186646
62453,GNSS_AIDED,2.9,877,4.388007,-0.0908024234376233,-0.08520766419552263,1.2422700931383401,0.19128501072453127,false,2.257218157642122,0.31767353415489197
62553,GNSS_AIDED,2.9,877,4.388007,-0.03097159536918307,0.022734095068677053,1.1259497679058441,0.27389756900838247,false,1.0715862665608322,0.42807504534721375
62663,GNSS_AIDED,2.9,1085,4.388007,-0.05737732403960362,-0.035200400876567714,0.7007971047904138,0.23422925791559385,false,0.4002310408868638,0.23475727438926697
62751,GNSS_AIDED,2.9,1085,4.388007,0.009926435932119206,-0.01181243537983777,0.8661980368864722,0.1593540894677928,false,1.0917968061347787,0.1125904992222786
62851,GNSS_AIDED,2.916,287,4.565586,0.03022060111781157,0.005380588862283201,0.47243437525470594,0.19897956874607647,false,1.4718723421281033,0.4584231674671173
62952,GNSS_AIDED,2.916,287,4.565586,-0.05843635618168575,0.02636230826432129,0.6649007078427237,0.37696279251822207,false,1.4865411273847102,0.6677794456481934
63052,GNSS_AIDED,2.916,487,4.565586,-0.05135724494160823,-0.050042385638645166,0.7156459738113282,0.4527364351429374,false,1.2097096158521163,0.6899499893188477
63152,GNSS_AIDED,2.916,487,4.565586,0.030946191702529657,-0.015175373156829914,0.6106350205954706,0.1232810734934071,false,1.3396778698467628,0.2583670914173126
63252,GNSS_AIDED,2.916,687,4.565586,0.03586183648064491,-0.0408923304797493,0.546184591021937,0.2388440851261255,false,0.7830179369164405,0.3502092957496643
63365,GNSS_AIDED,2.916,687,4.565586,-0.036287041622300543,0.06923343102986511,0.7864773168717495,0.29717613987381936,false,1.8349718276708225,0.46987009048461914
63463,GNSS_AIDED,2.916,887,4.565586,-0.013408740590841161,0.018839455464620417,0.7062264531944679,0.15571812609192107,false,1.2874736005216976,0.35298553109169006
63562,GNSS_AIDED,2.916,887,4.565586,0.0039031899855600837,0.028034988926891845,0.32825840486765767,0.30813960750708325,false,0.4050864244571336,0.5010287165641785
63660,GNSS_AIDED,2.916,1087,4.565586,-0.031006704590479488,0.02693226323397311,0.782609611750436,0.27979696560269407,false,1.4754121352351295,0.2907584011554718
63761,GNSS_AIDED,2.916,1087,4.565586,-0.02660332570240636,0.033273263535388294,0.9689369189006282,0.263109535828273,false,1.7565665430511097,0.5205522775650024
63860,GNSS_AIDED,2.96,286,4.74368,0.20123040829496275,0.01629934585717135,2.070192934987096,0.22297294744978075,false,3.408219178866208,0.31331679224967957
63962,GNSS_AIDED,2.96,286,4.74368,-0.19930855818380236,0.058326039193657246,2.1396498522060723,0.7861423943128973,false,5.408641617993211,1.405956745147705
64061,GNSS_AIDED,2.96,486,4.74368,-0.07901173235473251,0.013479638115905574,0.8017176125522085,0.5018481902729487,false,0.6015237226104778,1.412985920906067
64162,GNSS_AIDED,2.96,486,4.74368,-0.15717076077333864,0.19521201992157605,2.6284904580722057,0.3616239063865025,false,4.2696588241547415,1.0035830736160278
64260,GNSS_AIDED,2.96,686,4.74368,-0.15031317569204228,-0.06792577765840138,1.7324974908903985,0.6211493848274589,false,3.133020763794976,1.2729426622390747
64359,GNSS_AIDED,2.96,686,4.74368,0.07769788012963398,-0.018405660613790623,0.9294780522880652,0.4112623102737414,false,2.62345496020993,0.7794802784919739
64463,GNSS_AIDED,2.96,897,4.74368,0.19965584889129076,0.016472986381081457,2.037332228133406,0.23689579769122687,false,3.007868856773482,0.3888074457645416
64555,GNSS_AIDED,2.96,897,4.74368,0.039926396417643936,-0.06381768753972272,1.0423287276791253,0.5164404962731347,false,1.8249706189152817,0.8940575122833252
64658,GNSS_AIDED,2.96,1098,4.74368,-0.03365045229881209,0.04157963018492877,0.6035775899533155,0.384134332063925,false,1.5767345806057884,0.33615919947624207
64757,GNSS_AIDED,2.96,1098,4.74368,-0.0878052640449874,-0.0069261129585193445,0.959060909653414,0.352302779214246,false,1.5224041545269884,0.43711331486701965
64864,GNSS_AIDED,2.983,300,4.876993,-0.02783258806039198,-0.0622528945742802,0.702718250185865,0.11565149414917553,false,1.077098686333333,0.370013028383255
64961,GNSS_AIDED,2.983,300,4.876993,-0.046923212214163415,-0.10419078194488038,1.2233710614027529,0.22811511349700975,false,1.641768567319469,0.3509035110473633
65063,GNSS_AIDED,2.983,501,4.876993,-0.0604402777743436,-0.07237943178869471,0.9441047133090624,0.2397432300845847,false,0.8755870020876595,0.2617351710796356
65159,GNSS_AIDED,2.983,501,4.876993,-0.08600392000252459,-0.06938780632221137,1.346598251781495,0.06533871198976983,false,1.8217112346042683,0.2711380422115326
65260,GNSS_AIDED,2.983,702,4.876993,-0.0064185817311987374,0.009304567627210098,1.1900888831055687,0.2885890910156275,false,1.2091486497523316,0.482086718082428
65358,GNSS_AIDED,2.983,702,4.876993,0.005095280183657659,0.050808315676688746,0.5093941382691201,0.21928955501890443,false,1.4866400191909483,0.17810691893100739
65459,GNSS_AIDED,2.983,910,4.876993,-0.02582373347739185,-0.011112087759096985,0.3552683075769215,0.1522621271008222,false,0.8793693366354909,0.3375011086463928
65559,GNSS_AIDED,2.983,910,4.876993,-0.04559365973681715,-0.0034301580560337124,0.5663232738003833,0.04554162735308468,false,0.9877725456140405,0.11857610940933228
65659,GNSS_AIDED,2.983,1112,4.876993,-0.015131395852232485,0.041131507695743065,0.8012736079133388,0.030668402455031753,false,1.2124886705273799,0.0778898298740387
65759,GNSS_AIDED,2.983,1112,4.876993,-0.010992369579446876,0.017492525076709044,0.7720837316868949,0.08411617982961742,false,0.9093296839528243,0.12996339797973633
65859,GNSS_AIDED,3.04,312,4.9022145,-0.07888991375635168,0.046216280483480573,1.0149022065369036,0.13192311318388195,false,1.4155613039600947,0.19873394072055817
65959,GNSS_AIDED,3.04,312,4.9022145,-0.053756498782285625,0.07686817535745236,1.1593705697678782,0.04830529225497688,false,1.906483225253106,0.0678996667265892
66060,GNSS_AIDED,3.04,513,4.9022145,0.008878572304954813,-0.019136725486961333,0.6876459122288352,0.08408622625322781,false,2.0484636322443603,0.1841714233160019
66160,GNSS_AIDED,3.04,513,4.9022145,-0.10584915782579973,0.06465066681755213,1.242562990697943,0.25819629207228784,false,2.3798212447376277,0.5267610549926758
66261,GNSS_AIDED,3.04,714,4.9022145,0.0054211430991121055,0.033385533357005594,0.5469054668532086,0.12851436281597964,false,1.2765479247864024,0.41363075375556946
66361,GNSS_AIDED,3.04,714,4.9022145,-0.05236278438724117,0.0677097141651948,1.9502497403699242,0.09317408605893812,false,3.117086540012437,0.2497478872537613
66461,GNSS_AIDED,3.04,714,4.9022145,-0.15401442877089108,-0.008803654266431024,1.6614598239984528,0.3451972669967076,false,3.506044149349289,0.6084385514259338
66574,GNSS_AIDED,3.04,917,4.9022145,0.0650232337930391,0.23497253394029521,2.486266027282417,0.3858435810828177,false,5.096498410771361,0.8105131387710571
66673,GNSS_AIDED,3.04,917,4.9022145,-0.21605010753841902,0.03275002840954682,2.180161084726905,0.5866571140927566,false,4.571738430591633,1.242263913154602
66772,GNSS_AIDED,3.033,129,4.851772,-0.08832085737943146,0.0780357830604363,2.025460314652448,0.4319669714602734,false,3.134154515551246,0.3404083847999573
66871,GNSS_AIDED,3.033,129,4.851772,-0.016391609272286615,0.012274558034727729,1.3471695854735992,0.5376662788004983,false,1.2200733906975871,0.7222720980644226
66972,GNSS_AIDED,3.033,329,4.851772,-0.07208742041553753,0.12407461289835411,1.5665765887161125,0.4739597050639916,false,3.269312394628508,0.6089385151863098
67071,GNSS_AIDED,3.033,329,4.851772,-0.1340058023378442,0.2380575937914438,3.1376356951991307,0.36614179887635245,false,4.492062951000019,0.4144696593284607
67171,GNSS_AIDED,3.033,530,4.851772,-0.16874303708110006,0.0562629265187555,2.7049368092742325,0.4705200189433919,false,4.105704995278813,0.8989688754081726
67270,GNSS_AIDED,3.033,530,4.851772,-0.010774838948209608,-0.09643611543192963,1.3700370147939476,1.2542561978760602,false,4.160181630293828,2.06251859664917
67367,GNSS_AIDED,3.033,749,4.851772,0.015462113112076526,-0.003517970983352756,1.5511066321167486,0.4255034205278583,false,2.1479570141690556,0.8465107083320618
67468,GNSS_AIDED,3.033,749,4.851772,-0.15713890726171556,0.19040575374468702,3.5279746851733407,0.5399712734225665,false,7.316943562747529,0.9362411499023438
67570,GNSS_AIDED,3.033,954,4.851772,0.07191026468730011,0.22276463396940432,2.335398964369705,0.30047429921125235,false,4.0188863004841195,0.6801291108131409
67666,GNSS_AIDED,3.033,954,4.851772,-0.11681939197844252,0.02786356835051325,1.2813638853839624,0.6435061277201437,false,3.0684811884201877,1.0453970432281494
67769,GNSS_AIDED,3.04,154,4.7107377,-0.2338720582138068,-0.03091937682311108,2.485174381062366,0.47848054069900403,false,3.5176291768347543,0.7231370210647583
67870,GNSS_AIDED,3.04,154,4.7107377,-0.08434229514977938,0.04375222124625941,0.9528554428141417,0.31585331692400465,false,1.3545691437883307,0.4907103478908539
67966,GNSS_AIDED,3.04,356,4.7107377,0.05087585372814133,-0.07384593607577293,0.9318727536005063,0.2820045871211622,false,2.361217939306926,0.3872963786125183
68065,GNSS_AIDED,3.04,356,4.7107377,-0.039566381573531643,-0.10545472429471804,1.3819470630492665,0.2285716485745601,false,2.3803422770587424,0.3058386445045471
68168,GNSS_AIDED,3.04,556,4.7107377,-0.1889328774648965,-0.09838846000818788,2.4693466202588903,0.2315840254307217,false,3.588996594590094,0.26520341634750366
68269,GNSS_AIDED,3.04,556,4.7107377,-0.03164796885154246,0.010360752833038509,0.35671963682218605,0.6717603046532692,false,1.8199110490072752,1.3544247150421143
68367,GNSS_AIDED,3.04,756,4.7107377,-0.09504124949384132,-0.15780366547283942,1.842218192830284,0.4669754014135461,false,3.2649570906463037,0.8003180623054504
68467,GNSS_AIDED,3.04,756,4.7107377,0.07732440997912424,0.10891247708907377,1.716454417895129,0.7776158511346041,false,4.356727022133022,1.358038067817688
68568,GNSS_AIDED,3.04,957,4.7107377,0.0982723503120818,0.07811481392035725,1.3583347181368137,1.1429765344866767,false,2.2030799713102605,2.181976795196533
68668,GNSS_AIDED,3.04,957,4.7107377,0.12514170267112626,0.04628897096320223,1.4956478985777166,0.6548207745369948,false,2.2081429763577174,0.5145487785339355
68768,GNSS_AIDED,3.016,157,4.5830865,-0.020117114028588637,0.02591193267632204,1.2412049536262986,0.6052562063092659,false,2.134858440151071,0.6737520694732666
68867,GNSS_AIDED,3.016,157,4.5830865,-0.023995002614731187,0.031033535495168192,1.3299065794992522,0.18825464412438636,false,2.2279398524990857,0.20043416321277618
68968,GNSS_AIDED,3.016,358,4.5830865,-0.08222883036488392,0.04962820549191214,0.9638149679406716,0.280907437123537,false,1.4176805908522052,0.35710030794143677
69068,GNSS_AIDED,3.016,358,4.5830865,-0.018473344511519055,0.06537186031796097,0.858134761366794,0.24143932319813577,false,1.5946490243376532,0.35164979100227356
69169,GNSS_AIDED,3.016,571,4.5830865,-0.009591772008945272,0.18913728381318273,2.0044514308412076,0.47373637737090185,false,2.9667204902079196,0.6840481162071228
69270,GNSS_AIDED,3.016,571,4.5830865,0.0032507031236226895,0.13867203665029607,1.5096217208545877,0.31176118796335794,false,1.1354360541672128,0.24725008010864258
69369,GNSS_AIDED,3.016,772,4.5830865,-0.03972220084633718,0.05899950907471126,0.7624023809553051,0.20348371804857093,false,0.7378627743198655,0.279782235622406
69486,GNSS_AIDED,3.016,772,4.5830865,-0.07528538019374428,0.0471209569295671,0.8869912731934457,0.11536297472293816,false,1.107562235352273,0.3256937265396118
69585,GNSS_AIDED,3.016,972,4.5830865,0.07566641637042595,-0.06523506414620989,1.033035564665348,0.24391663286814289,false,2.525363445228321,0.41798797249794006
69681,GNSS_AIDED,3.016,972,4.5830865,0.04510068175674996,-0.059089929496825074,1.2190493693880562,0.10446010069306991,false,1.5756784596684572,0.07247137278318405
69781,GNSS_AIDED,2.98,171,4.4353614,-0.03180188333524112,0.04305579168227411,0.7449050787082312,0.4460142703947456,false,1.5499240634340608,0.8507624268531799
69879,GNSS_AIDED,2.98,171,4.4353614,0.06753995044519659,-0.09144068626203117,1.2731894540630655,0.5097372713016864,false,2.567371877626893,0.6971704363822937
69980,GNSS_AIDED,2.98,383,4.4353614,0.03498851898624254,-0.04731852277031345,0.6396668735404649,0.3432921005845787,false,0.8782122413239115,0.44209423661231995
70079,GNSS_AIDED,2.98,383,4.4353614,-0.07139136519739092,-0.10041811934449923,1.3160928467764879,0.18942811918381802,false,2.073616705745266,0.2632266581058502
70181,GNSS_AIDED,2.98,586,4.4353614,-0.09469485700375373,-0.0432416858602133,1.0478939807828465,0.06958103055769692,false,1.1354442337653987,0.14293599128723145
70279,GNSS_AIDED,2.98,586,4.4353614,-0.05919371374356902,0.024433803990031516,0.6437321554289388,0.12854123137560383,false,0.8769654773299386,0.24621735513210297
70377,GNSS_AIDED,2.98,786,4.4353614,0.004268287709065306,0.029804430483370947,0.3316671145660926,0.20422501350173267,false,0.715879509582478,0.28234362602233887
70479,GNSS_AIDED,2.98,786,4.4353614,-0.07321732391764234,0.09072942703722353,1.1773753318871871,0.2823486228564898,false,1.9436291074217693,0.3724505603313446
70576,GNSS_AIDED,2.98,997,4.4353614,-0.05058524142378481,0.009117543921129647,0.5187629499677769,0.30291156694212124,false,0.705371359105199,0.4805202782154083
70673,GNSS_AIDED,2.98,997,4.4353614,-0.005199328747898421,0.006900052361147778,0.5722842360627309,0.20188014635980556,false,0.7742535011345801,0.1353987604379654
70772,GNSS_AIDED,2.966,199,4.328299,-0.050464964166399034,-0.02458045196602794,0.5599150672159389,0.24125438741329305,false,0.6891990513731876,0.2813974618911743
70874,GNSS_AIDED,2.966,199,4.328299,-0.05155829514302234,-0.01701555773161831,0.6339281478778618,0.188716511670466,false,0.8019986786933976,0.22804424166679382
70974,GNSS_AIDED,2.966,400,4.328299,-0.017585237696407127,0.020572296212010094,0.46986062067241835,0.20556208595894623,false,0.40395438354475,0.22292830049991608
71072,GNSS_AIDED,2.966,400,4.328299,-0.04447461978839388,-0.060618148061405704,0.7525291560446759,0.1573240329053724,false,1.1502419700212498,0.13768109679222107
71176,GNSS_AIDED,2.966,601,4.328299,-0.04001254729410714,-0.04959694576311417,0.6813833618148886,0.16895565726288245,false,0.734400192461103,0.18677380681037903
71276,GNSS_AIDED,2.966,601,4.328299,-0.009667182233111265,0.05765999900745056,0.6392105783557883,0.2835921935664705,false,1.4574752727023677,0.39273470640182495
71375,GNSS_AIDED,2.966,801,4.328299,0.0065156422643723065,-0.008446603828968606,0.32738975002755777,0.07489367102413325,false,0.7260415694949979,0.19717682898044586
71475,GNSS_AIDED,2.966,801,4.328299,-0.027676118271622047,0.0016255777184634155,0.3087743786109401,0.21577164338014618,false,0.5550408750507885,0.3710603713989258
71577,GNSS_AIDED,2.966,1002,4.328299,-0.025772416857381204,0.018678609877080612,0.3176286208208595,0.07865543256451722,false,0.4220997390005386,0.11495238542556763
71673,GNSS_AIDED,2.966,1002,4.328299,0.035239788963901425,-0.005549127659827715,0.4039835362856836,0.1221601956099491,false,0.9324327918827822,0.16607950627803802
71774,GNSS_AIDED,2.92,205,4.256753,-0.0295547981903677,0.02923646581843325,0.5748466094873442,0.308384763597749,false,1.1968261260716282,0.46752503514289856
71874,GNSS_AIDED,2.92,205,4.256753,0.13633610655814832,-0.13675270370370607,2.259967298871514,0.20048133711276947,false,4.421069542317981,0.3653600513935089
71977,GNSS_AIDED,2.92,407,4.256753,0.05350919347358445,-0.012047354456755133,1.5797707680719757,0.5463733151228405,false,2.797896850307588,0.95513516664505
72075,GNSS_AIDED,2.92,407,4.256753,-0.16066140577998467,0.052131940998047466,2.292749493554965,0.4042088117438095,false,3.812405461020558,0.7706659436225891
72177,GNSS_AIDED,2.92,611,4.256753,-0.22786495851233088,0.0995741170723904,2.627597493766187,0.3674947891012876,false,3.1373252861394554,0.43704739212989807
72295,GNSS_AIDED,2.92,611,4.256753,-0.015778005154025422,-0.006190231267113373,0.25748271447493065,0.28086861329937274,false,2.0490641912955483,0.5499857664108276
72378,GNSS_AIDED,2.92,811,4.256753,0.03519178419555392,-0.06960124266475239,1.441671133005977,0.2273366507072188,false,2.6392418565566973,0.3945681154727936
72478,GNSS_AIDED,2.92,811,4.256753,0.07738072645852132,0.06687750146293077,1.3204615316344157,0.2150433191732486,false,2.4062746316842576,0.35734328627586365
72580,GNSS_AIDED,2.92,1012,4.256753,-0.01222123277827701,0.05911379918105187,1.076819861444607,0.28523451527493754,false,1.3585325690093564,0.38796573877334595
72677,GNSS_AIDED,2.92,1012,4.256753,-0.05260019379456731,-0.0337396100778977,0.6553303030497974,0.328303312199346,false,1.407184726205761,0.4732375741004944
72777,GNSS_AIDED,2.92,212,4.154323,-0.040977977194123626,0.015111444806456058,0.552000129705494,0.21414757573140858,false,0.7676601799148313,0.46150076389312744
72890,GNSS_AIDED,2.92,212,4.154323,0.04327082341647537,-0.05343681214830149,1.0126311142769504,0.17208303507918052,false,2.21659783533648,0.14016403257846832
72988,GNSS_AIDED,2.92,412,4.154323,-0.017084727928370444,0.0210985908016154,0.36294723160870357,0.3052429017068861,false,1.0477985792144198,0.4333268404006958
73086,GNSS_AIDED,2.92,412,4.154323,-0.0464264967460604,0.006273042730343898,0.8055763975870711,0.2439679526664249,false,1.4789594590592214,0.34026870131492615
73187,GNSS_AIDED,2.92,612,4.154323,-0.05509512961896923,-0.020797776120621902,0.6024244379082022,0.20372508578121384,false,0.7991408596124688,0.17770591378211975
73290,GNSS_AIDED,2.92,612,4.154323,-0.06750170975797157,-0.004632429684346921,0.6748201744794459,0.09917711979586008,false,0.7826638770334307,0.13594967126846313
73381,GNSS_AIDED,2.92,813,4.154323,-0.07198326059866161,0.002948107736658993,0.7343493079258961,0.10552673077745764,false,0.8063346589568112,0.1905645877122879
73488,GNSS_AIDED,2.92,813,4.154323,-0.0018356455916576427,0.0023635089797719986,0.5991887118366421,0.08954728938067556,false,1.1008846859826467,0.14562353491783142
73591,GNSS_AIDED,2.92,1023,4.154323,-0.04544174583051935,0.06141489572457172,0.9655335920512466,0.14451350248923522,false,1.7543074763258946,0.2009056657552719
73686,GNSS_AIDED,2.92,1023,4.154323,-0.007754245517761879,0.010479927018478082,0.8595795046348842,0.13033285493972524,false,1.3714811231569932,0.21429304778575897
73787,GNSS_AIDED,2.92,224,4.0796885,-0.037221390075949545,-0.053143099831208254,1.0110948933075379,0.20902900572084665,false,1.8843923023729459,0.31865954399108887
73886,GNSS_AIDED,2.92,224,4.0796885,-0.029229002332153607,-0.014268403615265038,0.615900029006275,0.16887431312933374,false,0.42830331657018444,0.3565337061882019
73990,GNSS_AIDED,2.92,424,4.0796885,-0.037303240239929765,0.059460790285528024,1.1607747936821011,0.0889222727978021,false,2.4153074077240917,0.10848923772573471
74084,GNSS_AIDED,2.92,424,4.0796885,0.003129667529172779,0.08318531846485215,1.1742967661065602,0.28316978503466944,false,1.3429742306696044,0.4514847695827484
74190,GNSS_AIDED,2.92,625,4.0796885,-0.03276551980958305,0.08813413455435681,0.9574515479141196,0.2548107333177546,false,1.1463862765143524,0.35444316267967224
74285,GNSS_AIDED,2.92,625,4.0796885,-0.04073506874349309,0.011091710325673078,0.7918825088543664,0.2836349118528086,false,1.2535883366325942,0.31650257110595703
74390,GNSS_AIDED,2.92,826,4.0796885,-0.006043103487468433,-0.05732540266311497,0.5912176240408624,0.22591246241721966,false,1.3759589630595712,0.32231807708740234
74487,GNSS_AIDED,2.92,826,4.0796885,0.04771825356978842,0.016091261548665473,0.5428528676752379,0.2826599320368104,false,1.19595301841983,0.47162941098213196
74589,GNSS_AIDED,2.92,1026,4.0796885,0.012449305253070862,0.0032749573178807224,0.12838854890382376,0.1211550448822911,false,0.23568985820918276,0.1273382157087326
74686,GNSS_AIDED,2.92,1026,4.0796885,-0.041700416030621225,-0.04267855810568203,0.5957826878807048,0.2034943988711719,false,1.1571420996830797,0.2856757342815399
74786,GNSS_AIDED,2.916,236,4.028731,0.01823529141758254,0.009012789572505906,0.2098171082421922,0.07190447438917093,false,0.8277827212502239,0.2752749025821686
74885,GNSS_AIDED,2.916,236,4.028731,-0.04001476886137881,0.04929226974747281,1.7089952263926476,0.25675858754438297,false,3.153464619460528,0.47818660736083984
74987,GNSS_AIDED,2.916,436,4.028731,-0.23576123693630074,-0.010221492908872745,2.3663980502063655,1.038941452391953,false,3.781487691776792,1.667718529701233
75086,GNSS_AIDED,2.916,436,4.028731,-0.11138757335784254,0.00874187500863529,1.3283520293614604,0.6865090770005738,false,1.5160165359957876,0.953201949596405
75187,GNSS_AIDED,2.916,637,4.028731,-0.005332812983124651,-0.06672859449689356,1.1970832646384826,1.0219395027494538,false,1.9166217262315854,1.3684078454971313
75286,GNSS_AIDED,2.916,637,4.028731,-0.006067680552942047,-0.08795548912906011,0.9885236755621849,0.8328263921715982,false,1.0475814215742654,0.7619730830192566
75387,GNSS_AIDED,2.916,837,4.028731,-0.0054119886990323576,-0.01256342506148694,0.2829942369335304,0.596423594604281,false,0.4817844151948786,0.4133634567260742
75486,GNSS_AIDED,2.916,837,4.028731,-0.06283601641313603,-0.10199513774799049,1.2009857902816536,0.5886897274233719,false,2.0361234621306603,0.8892924785614014
75587,GNSS_AIDED,2.916,1039,4.028731,-0.12326519085834203,-0.36679758257740375,3.869085207245878,0.6387340344455334,false,6.031278724991688,0.73089200258255
75686,GNSS_AIDED,2.916,1039,4.028731,-0.09254787869150703,-0.11682367940854556,2.358927264952073,0.4899356045266399,false,3.660238654188803,0.5397974252700806
75788,GNSS_AIDED,2.92,240,4.018951,0.04230200752670336,-0.17019012967517497,1.8209608497189147,0.6104727258867095,false,3.5061985752841913,0.7244243621826172
75886,GNSS_AIDED,2.92,240,4.018951,-0.003872234448470252,0.030192155270409988,0.4250759141348793,0.3212383512015746,false,1.93455556911884,0.46500349044799805
76003,GNSS_AIDED,2.92,455,4.018951,-0.05474088152063277,0.04595033148988824,1.3778367156757045,0.41338348977470374,false,2.6014381218283193,0.5636248588562012
76086,GNSS_AIDED,2.92,455,4.018951,1.0506355199026326E-4,-0.0019135725224532923,1.0575902510577686,0.46195747750819244,false,0.9950134407879707,0.5979504585266113
76199,GNSS_AIDED,2.92,455,4.018951,-0.007057510555382621,0.04143587922025944,0.9109994112726391,0.31243468761783194,false,2.390916288542213,0.3935477137565613
76286,GNSS_AIDED,2.92,655,4.018951,-0.016993553209724274,0.029650217260022756,0.5486366242815026,0.08049599091979685,false,0.34531114767990273,0.11569086462259293
76398,GNSS_AIDED,2.92,655,4.018951,0.006118469606122518,-0.07251880789709922,0.7984938722768057,0.12322115437631163,false,1.7728397437678833,0.26773375272750854
76495,GNSS_AIDED,2.92,885,4.018951,0.003200847668538263,-0.037937862263846,0.8008768215700082,0.3683725383440533,false,1.5160033166919322,0.5996804237365723
76593,GNSS_AIDED,2.92,885,4.018951,0.09132486555883322,0.02447277548339501,1.9319762480090836,0.4198836810367309,false,3.0256928211203964,0.5706650614738464
76692,GNSS_AIDED,2.92,1086,4.018951,0.01023778107789554,0.0792711820563433,0.8299347677881835,0.3015900094896583,false,2.2048230394757597,0.3795209527015686
76791,GNSS_AIDED,2.92,1086,4.018951,-0.03304557033443847,0.07862184436034748,1.1388220917592051,0.07789312829311665,false,1.5618554938081164,0.28130343556404114
76894,GNSS_AIDED,2.916,288,4.0853505,-0.020574738406682152,0.03865203495099509,0.43679838784872055,0.15315015767634418,false,0.5990959176046132,0.23356370627880096
76992,GNSS_AIDED,2.916,288,4.0853505,0.024587028547052758,0.036950097321403336,0.6773463471724328,0.005800750441049132,false,1.160888867290295,0.11948709934949875
77091,GNSS_AIDED,2.916,488,4.0853505,0.01846821156536281,0.0641655637111398,0.6695333972564732,0.11148723030504583,false,0.9110547673451239,0.20336635410785675
77193,GNSS_AIDED,2.916,488,4.0853505,0.026917778482238697,0.028174854743918915,0.395873860941677,0.14259482881842184,false,0.3448260670952612,0.20354926586151123
77292,GNSS_AIDED,2.916,704,4.0853505,0.024016749884370425,0.0692696228458551,0.9649935762202585,0.13319240238245153,false,1.5792221422670902,0.1269965022802353
77391,GNSS_AIDED,2.916,704,4.0853505,0.0526104213824355,-0.051839169746264006,0.7935373574417168,0.15813797991624295,false,1.6560833873893932,0.22148069739341736
77491,GNSS_AIDED,2.916,914,4.0853505,0.006587422480517741,-0.06654323240995909,0.7220634199919415,0.3185822335391155,false,0.8726538634706278,0.5986350774765015
77591,GNSS_AIDED,2.916,914,4.0853505,0.007485759739413817,-0.08792165596360674,1.2429969847668862,0.2141348607210391,false,1.7212852443091655,0.13547079265117645
77691,GNSS_AIDED,2.916,1115,4.0853505,-0.09477450543210547,-0.15251194100886786,1.8561907123498749,0.2704967118074028,false,3.0051884188239546,0.3155938982963562
77792,GNSS_AIDED,2.916,1115,4.0853505,-0.004902100401171197,0.07676454417990228,2.268153305788055,0.6928031214371284,false,4.852680106845245,1.305230975151062
77893,GNSS_AIDED,2.916,315,4.189839,1.9424864476019044E-4,-0.0033059041151938615,0.5246213401330567,0.23210251946522673,false,1.5375305768249976,0.4926685690879822
77995,GNSS_AIDED,2.916,315,4.189839,-0.02068430892594103,0.0127831267451688,0.5897080232240751,0.12265928485585288,false,1.4118561897670088,0.2228703647851944
78093,GNSS_AIDED,2.916,519,4.189839,-0.013256545482099053,-0.0014090700076533483,0.22938443583732532,0.11377160122311535,false,0.17237034752105318,0.18127486109733582
78193,GNSS_AIDED,2.916,519,4.189839,0.008891348621804707,-0.012202543423655765,0.5128553265923492,0.09771492933423806,false,1.0810964155829443,0.1726551204919815
78292,GNSS_AIDED,2.916,719,4.189839,-0.07164149793459117,0.01291642471004673,0.7356398281585842,0.09314168375161949,false,1.5156253256541443,0.10044824331998825
78393,GNSS_AIDED,2.916,719,4.189839,-0.02450286546433477,0.02131897215160748,0.42683460108634896,0.17255849348289945,false,0.5080890265266151,0.3007100224494934
78496,GNSS_AIDED,2.916,927,4.189839,-0.006448332638794926,-0.011435925924873388,0.17298728680510403,0.07272779060443225,false,0.5699114974999437,0.05865386500954628
78593,GNSS_AIDED,2.916,927,4.189839,0.03389726015805935,-0.007385319193228847,0.4345890961728295,0.10081884477158173,false,0.7614698416146862,0.21980249881744385
78693,GNSS_AIDED,2.9,127,4.2438846,-0.04333483943075874,0.004851102771317133,0.45849111167714807,0.17063374512846433,false,1.1533158448451906,0.23033317923545837
78793,GNSS_AIDED,2.9,127,4.2438846,-0.002446245315239428,0.04192622557944462,0.507591992132325,0.1778612117339403,false,1.0049045504459424,0.22387491166591644
78894,GNSS_AIDED,2.9,328,4.2438846,-0.001415427487694201,0.012868638944151372,0.4716833279208041,0.1354818804914437,false,0.5955886837936362,0.13739842176437378
78995,GNSS_AIDED,2.9,328,4.2438846,0.006268709114029253,0.040832302188876145,0.4274216866097209,0.1133913777551972,false,0.6593268430207011,0.11140664666891098
79095,GNSS_AIDED,2.9,529,4.2438846,-0.028042091890480545,0.011614983428279775,0.3076748940333933,0.06712152742034104,false,0.5940592905653372,0.17655394971370697
79195,GNSS_AIDED,2.9,529,4.2438846,0.006960594739939173,0.027062961822113884,0.4157974260732796,0.11883472916405437,false,0.7306187905914748,0.17059139907360077
79295,GNSS_AIDED,2.9,729,4.2438846,0.0011552821828980412,-0.020620133281065173,0.3260431345463943,0.10511680732712579,false,0.8607969577712238,0.18030890822410583
79408,GNSS_AIDED,2.9,729,4.2438846,-0.030443679497711307,-0.05955203184387047,0.8810630578061126,0.07591694802720891,false,1.4342783425351953,0.06250732392072678
79495,GNSS_AIDED,2.9,930,4.2438846,0.010946596912650087,-0.10785843284446368,1.2239756147454621,0.13880330502108595,false,1.605031512167751,0.30195215344429016
79605,GNSS_AIDED,2.9,930,4.2438846,-0.0035713162322626116,0.0349132366131259,0.7060471682074018,0.7725779837107738,false,2.088412339044071,1.3456581830978394
79704,GNSS_AIDED,2.9,130,4.202707,-0.05136434899467929,0.15122344748223124,1.637965007612587,0.9858179362836031,false,2.7291112567170424,1.1829895973205566
79805,GNSS_AIDED,2.9,130,4.202707,-0.06989430018015404,0.14513016810516946,1.6821429175160023,0.7334580610048022,false,1.737616465352958,0.5432520508766174
79909,GNSS_AIDED,2.9,340,4.202707,-0.056332141454342594,0.10498357137987614,1.1978360293759096,0.6101447683070669,false,1.08752479859402,0.5176153182983398
80004,GNSS_AIDED,2.9,340,4.202707,-0.017371235130608273,0.1673933493889623,1.7386624066990586,0.349645205929376,false,2.297451252562197,0.494407057762146
80109,GNSS_AIDED,2.9,542,4.202707,0.05080554708184206,0.05209948981487595,0.7870244091686702,0.3577335428898189,false,1.289350213116693,0.5160404443740845
80202,GNSS_AIDED,2.9,542,4.202707,-0.04334094465843156,0.10073293050390447,1.0939263632972043,0.4304312657774689,false,1.842867330827487,0.5015454292297363
80310,GNSS_AIDED,2.9,743,4.202707,0.006578848564024661,-0.06892174013312467,0.8331437972793772,0.7807527675859144,false,2.2372730929909372,1.2192727327346802
80400,GNSS_AIDED,2.9,743,4.202707,0.011355795337012739,-0.03323806086614408,0.9060834752634374,0.40228348129819114,false,1.8170150317517852,0.6221486926078796
80506,GNSS_AIDED,2.9,943,4.202707,-0.07852274452070213,-0.04135939279291004,1.8272042465539586,0.8699407203208074,false,3.3127416690080125,1.7795342206954956
80603,GNSS_AIDED,2.9,943,4.202707,0.05487332984454751,-0.19498928633129686,2.5055933584285457,1.123720845610745,false,3.806865477164188,1.367306113243103
80705,GNSS_AIDED,2.9,143,4.098733,0.05310932221849643,-0.0986669929533758,1.255859327938193,1.3364897966584732,false,0.5806685429874788,1.5383780002593994
80802,GNSS_AIDED,2.9,143,4.098733,0.04858534449341425,-0.2754859470805664,2.799747017217828,1.606007478837429,false,4.171583704255258,2.1680920124053955
80906,GNSS_AIDED,2.9,344,4.098733,0.2291317033229877,-0.19793305667368943,3.0990991025004435,1.0760611087510905,false,4.09613502325208,1.318252682685852
81002,GNSS_AIDED,2.9,344,4.098733,0.1219057081673185,-0.08890580795672973,1.5361165847866156,0.5180147286742591,false,0.3678241098253297,0.8856653571128845
81103,GNSS_AIDED,2.9,555,4.098733,0.022313781745810543,0.04583022423082472,0.9116559498158701,0.39179664900038075,false,1.9695955533400857,0.5030245780944824
81206,GNSS_AIDED,2.9,555,4.098733,-0.18190322079191648,0.2658525365289423,3.448732029840671,1.39276624982679,false,5.828342175318073,2.2552261352539062
81301,GNSS_AIDED,2.9,555,4.098733,-0.1284623433296635,0.32342615761836385,3.7787289699126214,1.2274487234320985,false,4.697730686867347,1.141239047050476
81402,GNSS_AIDED,2.9,756,4.098733,-0.17017569390179518,0.22493112961639164,2.8531882763267373,0.9423000458549218,false,2.522364630296864,0.8258793354034424
81500,GNSS_AIDED,2.9,756,4.098733,-0.09590950820075488,0.23090717332425886,2.867793916217257,1.7010267241976922,false,3.765310818190515,2.3201096057891846
81601,GNSS_AIDED,2.9,956,4.098733,0.11289916804720593,0.25328924709603073,3.082174283702892,1.0518593544279686,false,4.0941157151462075,0.7852902412414551
81701,GNSS_AIDED,2.9,956,4.098733,0.173076441158494,0.1809590832862803,2.6553850740587666,0.9434263437452642,false,2.580670726607394,1.6215131282806396
81802,GNSS_AIDED,2.92,155,3.9520373,0.13831600255650292,1.0115031900696398E-6,1.5762922390236223,0.7698937666769512,false,1.9225957709186747,0.9925999045372009
81905,GNSS_AIDED,2.92,357,3.9520373,0.06751662571545577,-0.09023464635248984,1.1426176688233136,0.45427288099874635,false,1.6354322122457516,0.32018202543258667
82001,GNSS_AIDED,2.92,357,3.9520373,0.056381646353729525,-0.005953021665625196,0.5692849100811308,0.2987197633618114,false,0.8206049625823424,0.30848294496536255
82104,GNSS_AIDED,2.92,357,3.9520373,0.08714561241806144,0.03609486647318973,0.9901530382664403,0.18211753332426228,false,1.4441779728469357,0.23113518953323364
82212,GNSS_AIDED,2.92,574,3.9520373,0.06279604872183489,-0.0075879937861032766,0.6388640324706274,0.2499825400265211,false,0.6080548811914536,0.45705196261405945
82409,GNSS_AIDED,2.92,574,3.9520373,-0.005271485873519679,-0.04699219549542107,0.9160479423817321,0.770042039732318,false,1.265391624367138,0.9884390234947205
82523,GNSS_AIDED,2.92,866,3.9520373,-0.02992350622438911,-0.04502085356748342,0.5432753094172238,0.7757976372122369,false,1.1508975327430973,0.8001284003257751
82616,GNSS_AIDED,2.92,866,3.9520373,-0.03473335739974225,-0.04106794346335912,0.6546408618857084,0.7394323541844496,false,0.8217899416928117,0.8058197498321533
82716,GNSS_AIDED,2.92,1070,3.9520373,-0.027829412153877645,0.025668908947508493,0.4742634645294719,0.6098986961344961,false,1.151065641944939,0.5637022256851196
82819,GNSS_AIDED,2.92,1070,3.9520373,0.006452370750295158,0.014072009490625658,0.4922636982958596,0.3416504071858829,false,0.698542421080468,0.3186330497264862
82918,GNSS_AIDED,2.916,275,3.8249009,0.004178698433587957,-0.03563279288213751,0.3735384375348834,0.21704987370144646,false,0.7783337165559278,0.13322508335113525
83012,GNSS_AIDED,2.916,275,3.8249009,0.0017940186339085154,-0.015298039670660969,0.5647002375171536,0.19677630990635311,false,1.0306531734300775,0.22966276109218597
83112,GNSS_AIDED,2.916,486,3.8249009,-0.045511018502383864,-0.007185816851780502,0.5388674330920419,0.1928791056428005,false,0.6048027969132393,0.21020349860191345
83211,GNSS_AIDED,2.916,486,3.8249009,-0.03790336514868746,-0.04270421459182887,0.6046788959958828,0.35226268892601337,false,0.7879746462955092,0.48232415318489075
83315,GNSS_AIDED,2.916,686,3.8249009,-0.013711301632667698,0.03237995892633682,0.4477165102498182,0.2219324883456253,false,1.131695297122898,0.14985014498233795
83411,GNSS_AIDED,2.916,686,3.8249009,0.07594351956795514,0.03928983597296137,0.8539047952518147,0.2499153288068945,false,1.5401891099799971,0.46478772163391113
83509,GNSS_AIDED,2.916,894,3.8249009,0.08394262859092094,-0.06681463129383886,1.089278653157318,0.3815791557039941,false,1.7999987444563752,0.567464292049408
83609,GNSS_AIDED,2.916,894,3.8249009,0.07236311840267194,-0.032924637022960154,0.8333144617553322,0.38912202415148317,false,0.8870734338709578,0.42634814977645874
83709,GNSS_AIDED,2.916,1095,3.8249009,0.08160465582698503,0.02127089848229293,0.9389837983542954,0.32158684497778045,false,1.2228264210097943,0.26839497685432434
83809,GNSS_AIDED,2.916,1095,3.8249009,0.06287862195825845,0.05655706198020562,0.9094973624428986,0.3067510474083281,false,1.0091578723957784,0.34079840779304504
83911,GNSS_AIDED,2.916,296,3.6879847,0.029292761804470862,-0.019261771588107084,0.5392031334089141,0.18798808210039278,false,1.2809676385734377,0.11637326329946518
84009,GNSS_AIDED,2.916,296,3.6879847,0.04970767801678463,-0.0064105993121372044,0.5635045806563935,0.1185151034820271,false,1.0302396148416815,0.18741129338741302
84108,GNSS_AIDED,2.916,497,3.6879847,0.05600572916800026,-0.03958081216692817,0.7028542615351093,0.06337567946267472,false,0.8995923247488643,0.1367270052433014
84208,GNSS_AIDED,2.916,497,3.6879847,0.0210455322591431,-0.020262793232755115,0.3391936758876152,0.10174385352801922,false,0.4475887841100965,0.15887010097503662
84307,GNSS_AIDED,2.916,697,3.6879847,0.01607222348331326,-1.769067389074975E-4,0.18824400556176893,0.10471511687704008,false,0.20218843370007497,0.147741436958313
84408,GNSS_AIDED,2.916,697,3.6879847,0.023187686764216637,-0.00127548022968436,0.36842807022675844,0.16545512170738957,false,0.5224161420204564,0.2795054316520691
84508,GNSS_AIDED,2.916,897,3.6879847,-0.0010423035418393033,0.08124685883148203,0.8107286685768312,0.09215852474964872,false,1.4890184227725625,0.08266311883926392
84608,GNSS_AIDED,2.916,897,3.6879847,-0.022831627755344343,0.04852306066165313,0.6404611107894216,0.1881012030315514,false,0.6627770798894365,0.28928786516189575
84708,GNSS_AIDED,2.916,1098,3.6879847,-0.02027183365303015,0.04201350700892691,0.7164578417092866,0.20311685437811303,false,1.0049102830053174,0.3640660345554352
84808,GNSS_AIDED,2.916,1098,3.6879847,-0.016961925435761804,0.03616929005845139,0.4947239142816037,0.11777436778039266,false,0.7320232778573825,0.28008708357810974
84909,GNSS_AIDED,2.92,299,3.5448918,0.03033253163855765,0.05495949009748814,0.6262850789903098,0.06539950610651035,false,0.8553677450208617,0.12353730201721191
85010,GNSS_AIDED,2.92,299,3.5448918,0.0042734900573722584,0.016809213469280226,0.17927955951644264,0.4837167020528866,false,0.2235852000563449,0.8428417444229126
85113,GNSS_AIDED,2.92,499,3.5448918,0.05289175279424212,0.004473708644561194,0.7883000080923909,0.08634336397258033,false,1.418633158611249,0.485021710395813
85213,GNSS_AIDED,2.92,499,3.5448918,0.010218426809471695,-0.027666783349317995,0.9013160433616533,0.36972102824671876,false,1.418540008749645,0.6211434006690979
85310,GNSS_AIDED,2.92,699,3.5448918,0.08705870607785803,-0.049388839911404574,1.0177429743640374,0.23196989195836026,false,1.3408354991379248,0.17966687679290771
85410,GNSS_AIDED,2.92,699,3.5448918,0.047140040751950434,-0.10080275743303176,1.2342659820725015,0.5386428530680899,false,1.524886961416238,0.7847084999084473
85510,GNSS_AIDED,2.92,899,3.5448918,0.028760688723148606,-0.01284336478916623,0.3184772420657805,1.1421227386182824,false,0.6873624162553189,1.6359800100326538
85610,GNSS_AIDED,2.92,899,3.5448918,0.026916108944624477,-0.06741138165433244,0.9938225077074984,0.34829375121885925,false,1.5737365936078846,0.48108023405075073
85711,GNSS_AIDED,2.92,1103,3.5448918,0.09763326170857275,-0.030635331774447768,1.0409208854565495,0.34135413087174754,false,1.1300123112425255,0.363827109336853
85811,GNSS_AIDED,2.92,1103,3.5448918,0.09080332575890808,0.0016099956443199489,0.9257988365317433,0.3067277806631392,false,1.027092513951492,0.2894853353500366
85916,GNSS_AIDED,2.92,1303,3.5448918,0.013217503789224436,-0.030444562248001635,1.0819018836148735,0.2868332232676358,false,1.3180931794025972,0.2760079801082611
86016,GNSS_AIDED,2.92,1303,3.5448918,0.0060196215259866745,-0.013508017105419169,0.7625358941989463,0.28766964714783266,false,1.5550673846989522,0.3107547163963318
86117,GNSS_AIDED,2.92,1505,3.5448918,-0.0020264283530639785,0.004436766119382069,0.8423256640812717,0.22809807607217147,false,1.039476731089521,0.264823317527771
86216,GNSS_AIDED,2.92,1505,3.5448918,0.016263945502786432,-0.03566740375640126,0.5241125171582415,0.37360191016276756,false,0.7493875164377903,0.6602986454963684
86316,GNSS_AIDED,2.92,1706,3.5448918,0.025829000277052754,-0.050903916396042914,0.574467286426176,0.2674628909378349,false,0.7707401059147434,0.32115820050239563
86416,GNSS_AIDED,2.92,1706,3.5448918,0.019147219777772305,-0.04008874112751573,0.5008611041652714,0.20892767514058339,false,0.5535579375344865,0.1691562980413437
86515,GNSS_AIDED,2.92,1911,3.5448918,0.020873325819099023,0.026013821034168886,0.7805353097576312,0.1468129192125477,false,1.3959251427285377,0.13732072710990906
86615,GNSS_AIDED,2.92,1911,3.5448918,0.037581481131255146,0.03830551242237703,0.5362848040655749,0.20115136489453334,false,0.8581062338581682,0.2816242277622223
86715,GNSS_AIDED,2.92,2112,3.5448918,-0.010943580366225602,0.08057023292228353,0.8248207812432271,0.2667596950785954,false,1.2755137132327887,0.34362924098968506
86815,GNSS_AIDED,2.92,2112,3.5448918,-0.012561381593886952,0.06388610334347891,0.6913315849842839,0.24850797572749375,false,0.6064305397801049,0.2695993483066559
86915,GNSS_AIDED,2.92,2312,3.5448918,-0.022695886461450012,0.03487252399853312,0.6234359227417564,0.2384505057531133,false,0.7167673140249347,0.24596327543258667
87014,GNSS_AIDED,2.92,2312,3.5448918,0.00231460447087074,0.06049957502449074,0.6388469011133372,0.3211263502049651,false,0.7137599033524885,0.40282297134399414
87115,GNSS_AIDED,2.92,2517,3.5448918,0.01645167578674349,0.03967488172822176,0.42946345312803647,0.32833153877040966,false,0.37642517668747777,0.339008092880249
87215,GNSS_AIDED,2.92,2517,3.5448918,0.04729795678132186,-0.0014525697714032819,0.48045221870269944,0.3132748689911963,false,0.8043189679978147,0.30840304493904114
87365,GNSS_AIDED,2.92,2719,3.5448918,0.04715067350446243,0.002680084914003016,0.6160556755197288,0.31456211748215435,false,0.7963699409413469,0.3497657775878906
87436,GNSS_AIDED,2.92,2719,3.5448918,-0.011746523922075909,-0.044603547139851485,0.4605014339889978,0.16688995863065786,false,1.043219595746965,0.16789093613624573
87585,GNSS_AIDED,2.92,2919,3.5448918,0.06763650388860075,-0.0608820994471394,1.101720195090749,0.4405551047472371,false,1.7045574228986897,0.7016881108283997
87647,GNSS_AIDED,2.92,2919,3.5448918,-0.008272304728039748,-0.07100268709029316,0.8902820882341339,0.5850008674290489,false,1.3783256122763585,0.7016881108283997
87717,GNSS_AIDED,2.92,3123,3.5448918,0.06473229087270829,-0.06127226762368665,1.67763052997419,0.5387666448333572,false,2.4846099750376194,0.6995343565940857
87865,GNSS_AIDED,2.92,3123,3.5448918,0.03191244970909223,-0.10132359177352648,1.065061703937487,0.6123946728420336,false,0.9949195069796702,0.6995343565940857
87931,GNSS_AIDED,2.92,3324,3.5448918,0.0,0.0,0.2035475396633199,0.280994387901429,true,0.5024556737921188,0.08589722961187363
88069,GNSS_AIDED,2.92,3324,3.5448918,0.0,0.0,0.12503977073583886,0.12628447013085786,true,0.1991875673114756,0.07394228130578995
88140,GNSS_AIDED,2.92,3525,3.5448918,0.0,0.0,0.25008511255433535,0.0760918314995187,true,0.5194593641343617,0.07394228130578995
88287,GNSS_AIDED,2.92,3726,3.5448918,0.0,0.0,0.9408498856398961,0.13473833126186258,true,1.5934289105067911,0.21995918452739716
88349,GNSS_AIDED,2.92,3726,3.5448918,0.0,0.0,0.25317144790683416,0.08948429777354545,true,0.9929805107911353,0.08216392993927002
88422,GNSS_AIDED,2.92,3726,3.5448918,0.0,0.0,0.23308661768861502,0.08102460787230988,true,0.34746405060662466,0.08216392993927002
88562,GNSS_AIDED,2.92,3931,3.5448918,0.0,0.0,0.2798114878989285,0.0754928508279999,true,0.6310469629931901,0.10342897474765778
88631,GNSS_AIDED,2.92,3931,3.5448918,0.0,0.0,0.9511733217519098,0.08868616536045397,true,1.916133895147918,0.10342897474765778
88771,GNSS_AIDED,2.92,4131,3.5448918,0.0,0.0,0.4928276476883136,0.11129898908683669,true,0.6388506239445741,0.19367371499538422
88845,GNSS_AIDED,2.92,4131,3.5448918,0.0,0.0,0.3276225575353628,0.20836374445131564,true,0.41364213019971846,0.31007224321365356
88985,GNSS_AIDED,2.92,4332,3.5448918,0.0,0.0,0.8632360840292413,0.26409333024031495,true,1.4056949527715634,0.31007224321365356
89053,GNSS_AIDED,2.92,4332,3.5448918,0.0,0.0,0.5993990256391103,0.11734526243131775,true,0.5831700471986233,0.12480062246322632
89126,GNSS_AIDED,2.92,4533,3.5448918,0.0,0.0,0.37299762850721774,0.09864049343738292,true,0.5205622343279642,0.12480062246322632
89262,GNSS_AIDED,2.92,4533,3.5448918,0.0,0.0,0.5987121056421274,0.050169571867816655,true,0.9036228664230724,0.05940715968608856
89333,GNSS_AIDED,2.92,4737,3.5448918,0.0,0.0,0.507163320086277,0.03730161343039209,true,0.5713723945120929,0.06778372824192047
89477,GNSS_AIDED,2.92,4737,3.5448918,0.0,0.0,0.11502425484751731,0.03850136413894704,true,0.2508235665206918,0.05919865891337395
89546,GNSS_AIDED,2.92,4937,3.5448918,0.0,0.0,0.2702608942076614,0.04895788783767421,true,0.4223571131541998,0.05919865891337395
89686,TRANSITION,2.92,5138,3.5448918,-0.02907869342018558,0.04117930990310672,0.5093880060623299,0.04473117358974037,false,0.7625531073293923,0.09081300348043442
89759,TRANSITION,2.92,5138,3.5448918,-0.04954543665219669,0.045312234707837414,0.21659983623405002,0.06904407111954453,false,0.14151794503590287,0.09081300348043442
89825,TRANSITION,2.92,5138,3.5448918,-0.0633171552376621,0.05790728658426946,0.2602510087878476,0.07085998832185002,false,0.3056655093985277,0.10643032193183899
89968,TRANSITION,2.92,5339,3.5448918,-0.07304776556290417,0.06981392158890615,0.18307444748141408,0.1506238754411661,false,0.12961295250235252,0.21519377827644348
90034,TRANSITION,2.92,5339,3.5448918,-0.09606369250803658,0.09181092733796993,0.32261103786357365,0.1865708919630474,false,0.4747492315112909,0.21519377827644348
90173,TRANSITION,2.92,5544,3.5448918,-0.11971510650968256,0.11886729285338074,0.5700337678515967,0.10480409761421733,false,0.8742680848484999,0.10830549895763397
90248,TRANSITION,2.92,5544,3.5448918,-0.12074935473281961,0.12154917125541925,0.39517357023204486,0.0961998517786987,false,0.4529709615503386,0.10830549895763397
90391,TRANSITION,2.92,5744,3.5448918,-0.09215260718988194,0.17963133795118885,0.6490268194778616,0.11813641264971145,false,0.8716968987002844,0.13608402013778687
90457,TRANSITION,2.92,5744,3.5448918,-0.09475374787128908,0.22469415382379376,0.5317732134268256,0.16437121863350218,false,0.6339964572692415,0.261768102645874
90526,TRANSITION,2.92,5944,3.5448918,-0.18780071793489522,0.16722432372493,0.41689433710013507,0.21623711446561217,false,0.6297481551814245,0.261768102645874
90673,TRANSITION,2.92,5944,3.5448918,-0.19928092173275305,0.2039061190910609,0.40628769077351695,0.19172334563869597,false,0.541059666403663,0.20855140686035156
90741,DEAD_RECKONING,2.92,6151,3.5448918,-0.20158681080088506,0.28714614425223356,0.8585431986884954,0.1972600529743019,false,1.2327905547291096,0.20855140686035156
90876,DEAD_RECKONING,2.92,6151,3.5448918,-0.27351793625999493,0.28899939136964253,0.5964247806828501,0.12099079742549818,false,1.1146315847797774,0.3087237477302551
90948,DEAD_RECKONING,2.92,6352,3.5448918,-0.21443201378256765,0.2612454710656853,0.6609923738253525,0.3075548092235319,false,1.655061559549142,0.47542232275009155
91089,DEAD_RECKONING,2.92,6352,3.5448918,-0.23090940175685065,0.2541921272894706,0.8507145421181687,0.5106737581676994,false,1.4513089828509762,0.7615832686424255
91157,DEAD_RECKONING,2.92,6563,3.5448918,-0.2844458587927018,0.3125418447778462,1.4889728271674976,0.646770610065705,false,2.155445032310743,0.7615832686424255
91228,DEAD_RECKONING,2.92,6563,3.5448918,-0.2648200938743327,0.29097755553560545,0.6737852725927298,0.7102517972146233,false,1.3956728165385117,0.7615832686424255
91372,DEAD_RECKONING,2.92,6763,3.5448918,-0.24747827410597356,0.38503484319379255,1.0951625375553586,0.39697451176109705,false,1.943271607895674,0.37608346343040466
91442,DEAD_RECKONING,2.92,6763,3.5448918,-0.32433000705673193,0.30734257124123615,0.8984581444053676,0.30150303023035635,false,2.3107565798060676,0.33156099915504456
91579,DEAD_RECKONING,2.92,6963,3.5448918,-0.35709993944508217,0.4871468817221654,1.8688977673271234,0.5202797278226331,false,3.797245570359026,0.8024593591690063
91654,DEAD_RECKONING,2.92,6963,3.5448918,-0.3618492627338629,0.32554080312215905,1.2155995176250702,0.6735110227146004,false,3.6237435876094364,0.8024593591690063
91789,DEAD_RECKONING,2.92,7164,3.5448918,-0.12302437523963816,-0.048439092688842667,4.446595165408882,0.8608869634365729,false,7.050656381834321,1.0869150161743164
91861,DEAD_RECKONING,2.92,7164,3.5448918,-0.060669178129442954,-0.2649430116351879,2.297816809965292,0.9815440252154023,false,1.3048948391587238,1.0869150161743164
91930,DEAD_RECKONING,2.92,7365,3.5448918,0.2405932661352398,-0.1864890452873252,3.186110681456852,0.5419256103043508,false,4.2069772548831095,0.5035755038261414
92070,DEAD_RECKONING,2.92,7365,3.5448918,0.26662200568734273,-0.20432339471750105,0.36197273493374343,0.27077585971441376,false,2.5014116728442097,0.2569308876991272
92140,DEAD_RECKONING,2.92,7566,3.5448918,0.3411122499700042,-0.28562727709436847,1.408960316534088,0.22572710542356575,false,2.251352816657083,0.2569308876991272
92287,DEAD_RECKONING,2.92,7566,3.5448918,0.42344936846780523,-0.27979411784673797,1.5183992818071352,0.18314946319876813,false,1.9904966104833974,0.3172610104084015
92352,DEAD_RECKONING,2.92,7776,3.5448918,0.5390798889678787,-0.1979320441385906,1.5081614256286102,0.24924950215841668,false,2.0058043582876386,0.3172610104084015
92491,DEAD_RECKONING,2.92,7776,3.5448918,0.5787946719091212,-0.04555260858928936,1.9246026361018473,0.2025087067625784,false,3.1916012693569766,0.20257674157619476
92562,DEAD_RECKONING,2.92,7976,3.5448918,0.6280849478120805,0.02801310669998855,1.0137233981662366,0.9577552953487115,false,1.867185442896246,1.7597237825393677
92635,DEAD_RECKONING,2.92,7976,3.5448918,0.2605910014539226,-0.29775099690381107,1.0974670877575434,1.4036870790184657,false,1.6670634986800306,1.7597237825393677
92770,DEAD_RECKONING,2.92,8177,3.5448918,0.2483161186297617,-0.2701532672511652,0.8276662770192106,1.2810279321807747,false,1.1139514000348913,1.2296370267868042
92842,DEAD_RECKONING,2.92,8177,3.5448918,0.12157555899791506,-0.13226702584758046,2.0412504718586124,1.2468575115297333,false,3.706704058223892,1.2296370267868042
92984,DEAD_RECKONING,2.92,8378,3.5448918,0.032544753323574635,0.006737733414795527,1.68277989574811,0.7044379253985412,false,1.9799049939779396,0.733875572681427
93053,DEAD_RECKONING,2.92,8378,3.5448918,0.02342830808552335,0.06338290833933094,0.6843497060639248,0.5317279858399323,false,0.6771015729340919,0.40529489517211914
93192,DEAD_RECKONING,2.92,8579,3.5448918,0.022830216052284677,0.1247980130319948,0.6189256868129719,0.18686895276066884,false,0.6678161210571275,0.1488911658525467
93267,DEAD_RECKONING,2.92,8579,3.5448918,0.10044332085212966,0.13921057272594667,0.8785973001069987,0.08794017489313113,false,1.6079832425230909,0.1488911658525467
93333,DEAD_RECKONING,2.92,8785,3.5448918,0.07341632941099856,-0.031558187638428506,0.6351191752173418,0.3141033118563302,false,1.0937546883800564,0.5521583557128906
93474,DEAD_RECKONING,2.92,8785,3.5448918,0.027829356264447887,-0.08707400747052313,0.7985569988672644,0.4460920056552993,false,1.2301464281656491,0.5521583557128906
93557,DEAD_RECKONING,2.92,8987,3.5448918,0.11207480507367426,-0.08828882003486915,1.0355094426687208,0.4851035364713547,false,2.3511052295648063,0.7871644496917725
93688,DEAD_RECKONING,2.92,8987,3.5448918,0.12445063754683992,-0.056238970046207044,0.3545077232990285,0.6225302709095984,false,0.7993137757738802,1.0760670900344849
93755,DEAD_RECKONING,2.92,9187,3.5448918,0.15836680559333646,-0.09045184734570047,2.156065691444536,0.8637922888097272,false,3.831783786689619,1.0760670900344849
93898,DEAD_RECKONING,2.92,9187,3.5448918,-0.014053064565261786,-0.1941577215269943,2.0093529795950227,0.3068055020845147,false,4.145306448436859,0.5625131726264954
93967,DEAD_RECKONING,2.92,9388,3.5448918,-0.14941317421975833,-0.24638584793193075,2.4705556041463352,0.3705533020885775,false,3.6675729407228372,0.5625131726264954
94036,DEAD_RECKONING,2.92,9388,3.5448918,-0.1430926288940412,0.0421936992730805,1.0550874016030618,0.5808024829897731,false,1.1116538311484039,1.2066280841827393
94181,DEAD_RECKONING,2.92,9589,3.5448918,-0.10554619240748625,0.019467954440048594,0.8256859562298926,0.6282171846832222,false,2.3002678270281596,0.9978190064430237
94249,DEAD_RECKONING,2.92,9589,3.5448918,-0.2815131671415222,-0.00856644058697495,2.248681817701157,0.8179737925652095,false,3.9549939127927023,0.9978190064430237
94388,DEAD_RECKONING,2.92,9789,3.5448918,-0.368847323074344,-0.05765732949994343,1.0049178174517692,0.4450053411725382,false,1.1279787478662917,0.3814299404621124
94462,DEAD_RECKONING,2.92,9789,3.5448918,-0.3957557746051598,-0.039283379621853756,0.5169163039723603,0.3746925740234553,false,1.0991502510304574,0.3321297764778137
94597,DEAD_RECKONING,2.92,9990,3.5448918,-0.3703038903088543,0.11584679355180885,0.7245009347557934,0.34916004448694826,false,1.1900242921850743,0.3321297764778137
94665,DEAD_RECKONING,2.92,9990,3.5448918,-0.3286442323255117,0.13804335012803803,0.7308498091967022,0.4162205571408512,false,1.2304939657111307,0.4718759059906006
94775,DEAD_RECKONING,2.92,9990,3.5448918,-0.3358707388175257,0.08252357328427408,0.7141388436426178,0.37172585235159344,false,1.3049777327087488,0.937403678894043
94879,DEAD_RECKONING,2.92,10250,3.5448918,-0.2909170191937874,0.11635775661929693,0.567462910389913,0.6835007104289709,false,1.4450847511237455,0.937403678894043
94948,DEAD_RECKONING,2.92,10250,3.5448918,-0.19170916434817525,0.06921825875331064,1.4623910471584078,0.6324034070106862,false,2.2089881856562017,0.5997155904769897
95086,DEAD_RECKONING,2.92,10450,3.5448918,-0.09241860752866056,0.047329664386921794,1.1953809280071217,0.5323644922896891,false,1.8354401223203258,0.46030184626579285
95162,DEAD_RECKONING,2.92,10450,3.5448918,-0.01918926370019375,0.04543470082916341,1.3142074085407867,0.4911660468289319,false,1.5547111788992563,0.46030184626579285
95300,DEAD_RECKONING,2.92,10650,3.5448918,0.010893406218154881,0.06143595407771085,0.552149749727072,0.20897461435429426,false,1.6754135569948119,0.302083820104599
95369,DEAD_RECKONING,2.92,10650,3.5448918,0.037629636953795446,0.043070329870713825,0.7514636012977709,0.21883429725634337,false,1.011863827210823,0.302083820104599
95444,DEAD_RECKONING,2.92,10850,3.5448918,0.02183515967384049,-0.00490221524454834,0.4173880005972299,0.025937624162789406,false,0.5848363362966107,0.21436376869678497
95579,DEAD_RECKONING,2.92,10850,3.5448918,-0.06764181990521785,0.016885985353503063,1.0277371323494608,0.2967848934597636,false,1.9429592529272575,0.5187198519706726
95650,DEAD_RECKONING,2.92,11063,3.5448918,-0.20568606921504487,0.05134710977693465,1.5182850248713224,0.4204781250318519,false,2.12011894217991,0.5187198519706726
95794,DEAD_RECKONING,2.92,11063,3.5448918,-0.29192906643141364,0.07406840822017702,1.2387279076847322,0.26009628085752257,false,1.4252199183622032,0.3375929594039917
95861,DEAD_RECKONING,2.92,11277,3.5448918,-0.28499746253657554,0.07225204307731449,0.41000771053063584,0.28100044602528246,false,0.8540905185232416,0.3375929594039917
96001,DEAD_RECKONING,2.92,11277,3.5448918,-0.2897384380824375,0.12715456609320086,0.683043696433391,0.16381025930806428,false,1.0565531626306262,0.3148428797721863
96076,DEAD_RECKONING,2.92,11481,3.5448918,-0.34605420805656323,0.09305593620902733,0.5517039294036589,0.32095424687660834,false,1.2323478525804055,0.5615604519844055
96143,DEAD_RECKONING,2.92,11481,3.5448918,-0.34250776201129973,0.09210227678436615,0.672329034911261,0.45256510877366946,false,1.4255169040429874,0.5615604519844055
96279,DEAD_RECKONING,2.92,11681,3.5448918,-0.24498665135207742,0.028912796812582353,1.2172941997379267,0.36520258986195675,false,2.2565692914306745,0.4676976501941681
96351,DEAD_RECKONING,2.92,11681,3.5448918,-0.13628492153067662,0.04658402498180667,1.0592334583570342,0.4067666505243336,false,1.1686797218684868,0.4676976501941681
96492,DEAD_RECKONING,2.92,11881,3.5448918,-0.13150301834062494,0.04901038948552246,0.2579863766153346,0.39913401701023415,false,0.9728404803911584,0.512195348739624
96562,DEAD_RECKONING,2.92,11881,3.5448918,-0.08022243569559598,0.10327744190110444,0.7596478812871066,0.21366775192805537,false,1.263377076522371,0.19934247434139252
96709,DEAD_RECKONING,2.92,12081,3.5448918,-0.18198372307300606,0.07388826148677693,1.7038072160473434,0.3810241197065986,false,3.493448801839821,0.5580989718437195
96774,DEAD_RECKONING,2.92,12081,3.5448918,-0.18762042346134447,0.07641012324365416,0.3208944497793981,0.4778719858565651,false,1.6469363627991207,0.5580989718437195
96848,DEAD_RECKONING,2.92,12281,3.5448918,-0.11011106669148973,0.04484373300713934,1.7969660043988445,0.5223336606373845,false,3.2051618192236417,0.5580989718437195
96992,DEAD_RECKONING,2.92,12281,3.5448918,-0.12111285951047375,-0.03241413604330136,0.7788603522586215,0.7296233284308463,false,0.5904038031844149,0.8949694037437439
97056,DEAD_RECKONING,2.92,12481,3.5448918,-0.12876770536780224,-0.038030045285657725,0.9026864125528999,0.5620395259556468,false,1.7122771142200721,0.5684870481491089
97193,DEAD_RECKONING,2.92,12481,3.5448918,-0.14644622447427647,0.07595540670991807,0.7719096888702367,0.3000330228277379,false,1.612224291870859,0.3184749484062195
97265,DEAD_RECKONING,2.92,12681,3.5448918,-0.21705214570657158,0.1149188323662144,0.856068537464496,0.2748926014130435,false,1.2118938954793645,0.3184749484062195
97408,DEAD_RECKONING,2.92,12681,3.5448918,-0.17937626344320828,0.11596197500249983,0.39335504519539294,0.24383307603005128,false,1.3724480920615632,0.24040929973125458
97476,DEAD_RECKONING,2.92,12886,3.5448918,-0.1841308966051642,0.11510082635510417,0.7877353370416658,0.2394063696715012,false,1.46806929796779,0.24040929973125458
97548,DEAD_RECKONING,2.92,12886,3.5448918,-0.19902766165646216,0.12441284296413066,0.7887036209580136,0.705112972264541,false,0.9326330516925145,1.177714228630066
97690,DEAD_RECKONING,2.92,13093,3.5448918,-0.1867336548441458,0.12124558074064554,0.7886680931798695,0.4083687622127053,false,1.5093257827425883,0.44753146171569824
97756,DEAD_RECKONING,2.92,13093,3.5448918,-0.1641561105153066,0.10658605149760401,0.7739748752024579,0.3913667375580998,false,0.8465300701176636,0.44753146171569824
97896,DEAD_RECKONING,2.92,13293,3.5448918,-0.2164419013119849,0.14982936768802507,1.1728823504570625,0.735250093400783,false,2.7009094961752487,1.1297184228897095
97972,DEAD_RECKONING,2.92,13293,3.5448918,-0.24651349586860855,0.1946823932447682,0.6801100768473395,0.9507899029850133,false,0.7248771714419509,1.1297184228897095
98106,DEAD_RECKONING,2.92,13493,3.5448918,-0.29322315082841083,0.25753972828577265,0.7958676862749235,0.4541914594959538,false,1.2148621961828825,0.2685754895210266
98177,DEAD_RECKONING,2.92,13493,3.5448918,-0.287844048640367,0.2093974247670883,0.48466309097794835,0.4764243123469596,false,1.3611674061589762,0.5679423809051514
98246,DEAD_RECKONING,2.92,13693,3.5448918,-0.26739550314698596,0.24381753112901464,0.2434992262581375,0.5211775475313797,false,0.5380017206929727,0.5679423809051514
98388,DEAD_RECKONING,2.92,13693,3.5448918,-0.27883000099203437,0.17963881576250845,0.6802794036778324,0.3481533475630508,false,1.1207381564874315,0.22962208092212677
98459,DEAD_RECKONING,2.92,13894,3.5448918,-0.29339047717723504,0.18825195922677457,0.17209792019395645,0.2749987592772677,false,0.7179984168174994,0.2546238899230957
98602,DEAD_RECKONING,2.92,13894,3.5448918,-0.2935260827029028,0.05045737582199025,1.5183007338039889,0.2585279581243994,false,2.79876233457445,0.2546238899230957
98669,DEAD_RECKONING,2.92,14096,3.5448918,-0.22826176388195618,0.030591653766705806,0.8287131528107091,0.45628413935142637,false,1.4210992524529,0.7405642867088318
98810,DEAD_RECKONING,2.92,14096,3.5448918,-0.07253251076572197,0.09624179425670906,1.0139988033962808,0.2897671862078154,false,1.9164721790000045,0.29657065868377686
98878,DEAD_RECKONING,2.92,14296,3.5448918,-0.08673241915295009,0.06259227657914766,0.8942852193124072,0.273844643361047,false,1.2357505354685752,0.29657065868377686
98952,DEAD_RECKONING,2.92,14296,3.5448918,-0.09910682426164753,0.12217513575990842,1.4742730220366984,0.24991154107753474,false,2.2093825740276976,0.5851125717163086
99089,DEAD_RECKONING,2.92,14497,3.5448918,-0.20271584059995384,0.01125343089005737,1.766946996049971,0.4322795979405908,false,2.213131927231077,0.5851125717163086
99158,DEAD_RECKONING,2.92,14497,3.5448918,-0.061257486535542104,0.09880558253729685,2.683947222367041,0.3777830731021098,false,4.838148215986686,0.40400534868240356
99302,DEAD_RECKONING,2.92,14698,3.5448918,-0.16091618048799844,0.0024169298055364136,1.8031338677991628,0.47668232204308264,false,1.2665298375788507,0.6783692240715027
99369,DEAD_RECKONING,2.92,14698,3.5448918,-0.18701008858830653,-0.09334129507698546,1.2648535511210037,0.5822338523610571,false,2.537512223070655,0.6783692240715027
99510,DEAD_RECKONING,2.92,14904,3.5448918,0.003876120470098475,-0.007760168545584698,1.7394326640817108,0.21911109839554418,false,2.398887796711559,0.15421971678733826
99584,DEAD_RECKONING,2.92,14904,3.5448918,-0.022747777441898463,0.04599040251189192,1.421667365926713,0.13362165433330156,false,1.5980348233424286,0.2414674609899521
99654,DEAD_RECKONING,2.92,15105,3.5448918,-0.08925341308265286,0.1804484153986338,1.8186469212697904,0.18269964447395304,false,2.3946375418488266,0.2414674609899521
99791,DEAD_RECKONING,2.92,15105,3.5448918,-0.1384483576440543,0.27464290075737563,1.769562172240764,0.30713330266230365,false,1.8618273008480928,0.4219238758087158
99873,DEAD_RECKONING,2.92,15305,3.5448918,-0.1594978624494215,0.3271385333586636,0.5866742872631918,0.37031612044141116,false,1.4005216302413066,0.4219238758087158
100000,DEAD_RECKONING,2.92,15305,3.5448918,-0.29785397203574726,0.4290439916942424,3.7990708017773276,0.7333100330997189,false,6.538744582150701,1.0984147787094116
100074,DEAD_RECKONING,2.92,15505,3.5448918,-0.4152480280099937,0.5677373123187139,1.8808746499358477,0.645023822372561,false,2.647823268561739,0.6000996828079224
100215,DEAD_RECKONING,2.92,15505,3.5448918,-0.43198858238671617,0.5829401802344477,2.1865272820560437,0.6167932162327309,false,4.4241527665831635,0.6000996828079224
100282,DEAD_RECKONING,2.92,15706,3.5448918,-0.47296294251741644,0.5461342018644828,1.5070530147363763,0.7371295381180888,false,1.2620838774986782,1.0816291570663452
100352,DEAD_RECKONING,2.92,15706,3.5448918,-0.26746337151085725,0.6114766579182989,0.5841381864071356,0.9156412428462719,false,2.1197065538945976,1.0816291570663452
100498,DEAD_RECKONING,2.92,15907,3.5448918,-0.26310480759255717,0.6779384195352843,1.1514862149494658,1.003250611648183,false,1.8603186988610991,1.0835922956466675
100564,DEAD_RECKONING,2.92,15907,3.5448918,-0.2757232752270856,0.7284210328615451,0.5205337180150779,0.69524311117964,false,0.8153254325019818,0.4924246370792389
100703,DEAD_RECKONING,2.92,16107,3.5448918,-0.26062392542926827,0.7176513850485671,0.5631051065138267,0.5744903488523235,false,1.2081334005954703,0.4924246370792389
100774,DEAD_RECKONING,2.92,16107,3.5448918,-0.2789848700500348,0.6155692694858736,1.1994533500211022,0.2903882810689543,false,1.917340216935479,0.21724842488765717
100916,DEAD_RECKONING,2.92,16309,3.5448918,-0.30791005063105464,0.5799983204009377,0.8744034517023056,0.08181902768610522,false,1.8642965271597085,0.15400798618793488
100986,DEAD_RECKONING,2.92,16309,3.5448918,-0.3178571629172893,0.6322116800784597,0.9918577556981336,0.08718755851264463,false,1.5206276757175314,0.15400798618793488
101054,DEAD_RECKONING,2.92,16309,3.5448918,-0.12488155370562028,0.6969834047562666,0.7062050060671529,0.3077424432838377,false,1.6886756611337785,0.507063627243042
101196,DEAD_RECKONING,2.92,16510,3.5448918,-0.11045899102962875,0.7467853718247432,0.6372130645117767,0.3536591168945154,false,0.6749510952135568,0.40222060680389404
101265,DEAD_RECKONING,2.92,16715,3.5448918,-0.09370186122304018,0.7326482102103041,0.23111816079809633,0.37968875087022946,false,0.7987048440103997,0.40222060680389404
101406,DEAD_RECKONING,2.92,16715,3.5448918,-0.08552809407158686,0.7381923215879076,0.2740358736683388,0.2478765731011634,false,0.4518367744547153,0.46935325860977173
101498,DEAD_RECKONING,2.92,16926,3.5448918,-0.09226595681404481,0.7836491557560568,0.4702546680566946,0.35425663635442284,false,0.8829685356083992,0.46935325860977173
101614,DEAD_RECKONING,2.92,16926,3.5448918,-0.08327371854237085,0.7792866679867293,0.6464210187716705,0.4041912303116325,false,1.1685715357499256,0.7260205149650574
101687,DEAD_RECKONING,2.92,17130,3.5448918,-0.32168776342994615,0.6769333746459006,0.3612721536059886,0.34557356994114435,false,1.1425370674786426,0.846194863319397
101761,DEAD_RECKONING,2.92,17130,3.5448918,-0.3275319772469204,0.6892314594070206,0.5755409329973806,0.6189626957104222,false,1.0019057580480486,0.846194863319397
101901,DEAD_RECKONING,2.92,17331,3.5448918,-0.37128584723396824,0.7538686251252441,1.6729646472305295,0.26092015170488403,false,3.0300024484150256,0.37965553998947144
101967,DEAD_RECKONING,2.92,17331,3.5448918,-0.44673083067321256,0.9070541191634788,2.2002223802910845,0.27365621364382897,false,4.4111190643670986,0.37965553998947144
102108,DEAD_RECKONING,2.92,17533,3.5448918,-0.49650517684289924,0.9975635596948674,1.2202377078775692,0.3902695313544278,false,2.205820541293009,0.7916896939277649
102176,DEAD_RECKONING,2.92,17533,3.5448918,-0.5563164980308177,0.9419949045372658,1.279936301132219,0.5011203741539122,false,2.2251106808485464,0.5916805267333984
102316,DEAD_RECKONING,2.92,17733,3.5448918,-0.4392368689102071,0.9545183411892199,0.9988387353039684,0.25003478191621875,false,1.0574385528825656,0.35455554723739624
102392,DEAD_RECKONING,2.92,17733,3.5448918,-0.48544509816873693,1.0356359893797733,1.0422314729501552,0.2729657238407965,false,2.306427054206067,0.35455554723739624
102461,DEAD_RECKONING,2.92,17733,3.5448918,-0.48223322988511647,1.028783872837217,0.5128038242013125,0.3138549027097784,false,1.1808753729633614,0.35455554723739624
102598,DEAD_RECKONING,2.92,17937,3.5448918,-0.4348827907031527,1.0212586660377732,0.534548290022826,0.6256856630276909,false,0.6072341358075563,0.9408035278320312
102668,DEAD_RECKONING,2.92,17937,3.5448918,-0.39872268531567284,0.9492143264884157,1.1582526118980176,0.23072762007290418,false,2.157745389728794,0.09333617240190506
102809,DEAD_RECKONING,2.92,18145,3.5448918,-0.4028205915968693,0.9282829957239636,0.9063659872326233,0.17026969352036006,false,1.2345660256120288,0.39430007338523865
102877,DEAD_RECKONING,2.92,18145,3.5448918,-0.46614790789599425,0.9258029549737202,0.6367915829672753,0.28913670211371983,false,0.9227548486869876,0.39430007338523865
103025,DEAD_RECKONING,2.92,18353,3.5448918,-0.5275962585878194,0.9471218173148973,1.0159364217038314,0.16978224985054527,false,1.5221407643117537,0.2827838957309723
103092,DEAD_RECKONING,2.92,18353,3.5448918,-0.45280367938374616,1.0532970690411516,0.7339260965635148,0.21681773374256844,false,0.9120728714187168,0.2827838957309723
103159,DEAD_RECKONING,2.92,18553,3.5448918,-0.49680770084622017,1.1556577806314992,1.2128235128887326,0.20562116534829103,false,1.6951628711090656,0.3486492931842804
103300,DEAD_RECKONING,2.92,18553,3.5448918,-0.47734135243548664,1.2450484116229206,0.91774381624506,0.10855287648574521,false,0.820431681638193,0.21916399896144867
103374,DEAD_RECKONING,2.92,18753,3.5448918,-0.48776298389235123,1.2419897987033242,0.5086574309227544,0.15935566282818966,false,1.0347364463147861,0.21916399896144867
103509,DEAD_RECKONING,2.92,18959,3.5448918,-0.533122131099871,1.1616605594974503,1.0299045555190238,0.1329515191160453,false,1.765509213889905,0.2458857297897339
103579,DEAD_RECKONING,2.92,18959,3.5448918,-0.5681897474934645,1.0875299779436898,0.9198023016038571,0.19023618944816242,false,0.8358281905510759,0.2458857297897339
103731,DEAD_RECKONING,2.92,19161,3.5448918,-0.6206425484760039,1.0505740974747408,0.6788521065096021,0.153570822346342,false,0.9950495223538758,0.18228107690811157
103790,DEAD_RECKONING,2.92,19161,3.5448918,-0.6366333314336411,1.058190609942004,0.1912233251789493,0.19519149409764952,false,0.4504283997599285,0.25910669565200806
103861,DEAD_RECKONING,2.92,19161,3.5448918,-0.4494698470026973,1.1138699516610695,0.5579676651461932,0.22885814232340518,false,1.1391628974900752,0.25910669565200806
104007,DEAD_RECKONING,2.92,19362,3.5448918,-0.44568352614805773,1.1016364172746946,0.5682559692540124,0.13093656931439532,false,0.7747915548190865,0.177596777677536
104073,DEAD_RECKONING,2.92,19362,3.5448918,-0.49795633150741536,1.0753059565185454,0.18560002942401752,0.045701972852447814,false,0.6699802011048713,0.09440343081951141
104213,DEAD_RECKONING,2.92,19563,3.5448918,-0.4860414740480407,1.0988795863302643,0.30593620800447147,0.06199679910910514,false,0.44579842533034686,0.09440343081951141
104287,DEAD_RECKONING,2.92,19563,3.5448918,-0.5256006520655051,1.1350597467040415,1.0348662198533702,0.26777610606937935,false,1.8625474245687144,0.4935801923274994
104424,DEAD_RECKONING,2.92,19772,3.5448918,-0.5626696083476672,1.1072390292195253,0.4862016085669483,0.25040831293447274,false,0.9616133523891902,0.35698044300079346
104494,DEAD_RECKONING,2.92,19772,3.5448918,-0.5396273821694333,1.110588954946719,0.2669813804444703,0.3015744298431637,false,0.8384836808069674,0.35698044300079346
104570,DEAD_RECKONING,2.92,19973,3.5448918,-0.4340371288177405,1.102761669352923,0.8054678338702449,0.14499950531729472,false,1.488195302324203,0.48282697796821594
104705,DEAD_RECKONING,2.92,19973,3.5448918,-0.5128679907474949,1.0987997309174646,0.819140000078322,0.33175636185502855,false,1.666712137591918,0.48282697796821594
104772,DEAD_RECKONING,2.92,20178,3.5448918,-0.5661606198280013,1.0823835080339217,0.47821191613144864,0.12871406845719605,false,0.3715029589303683,0.11466312408447266
104919,DEAD_RECKONING,2.92,20178,3.5448918,-0.5855153863837704,1.1422218870078624,0.9450466486938888,0.21304800479029304,false,1.4626833617057555,0.3058492839336395
104989,DEAD_RECKONING,2.92,20378,3.5448918,-0.6792447365613391,1.1699190507764539,0.9974439548708758,0.26358454223719513,false,1.0863062352198924,0.3058492839336395
105129,DEAD_RECKONING,2.92,20578,3.5448918,-0.7413604003579513,1.2535840768901945,1.0733072235926735,0.41104435448777754,false,1.4795770947670375,0.6457840800285339
105194,DEAD_RECKONING,2.92,20578,3.5448918,-0.6185113441747241,1.461328791839907,1.4912238918394816,0.5034866692906649,false,2.0246134461938525,0.7281755805015564
105268,DEAD_RECKONING,2.92,20578,3.5448918,-0.6791774535656856,1.6046618659651855,1.6838550268128407,0.6204045830204706,false,1.8516788433019014,0.7281755805015564
105408,DEAD_RECKONING,2.92,20778,3.5448918,-0.6232272126805621,1.725634428854081,1.3393519242990186,0.38317215463823007,false,1.3301690785604356,0.6114258766174316
105475,DEAD_RECKONING,2.92,20778,3.5448918,-0.5654537189101768,1.7977423408821191,1.048314885036434,0.47747355467616504,false,0.9605051822615621,0.6114258766174316
105618,DEAD_RECKONING,2.92,20978,3.5448918,-0.49861772228662893,1.8896643831451283,1.1455122879195894,0.22604205376684436,false,1.2572528973047616,0.044415052980184555
105687,DEAD_RECKONING,2.92,20978,3.5448918,-0.4843768455727553,1.8668846721992636,0.5168015285305629,0.6068828894075943,false,1.3421281686020385,0.9513947367668152
105827,DEAD_RECKONING,2.92,21179,3.5448918,-0.28175733799195357,1.7800331142416752,1.392155096220649,0.7978014057292699,false,2.3512891731309606,0.9513947367668152
105900,DEAD_RECKONING,2.92,21179,3.5448918,-0.35155822983546725,1.7818631098288615,0.9230938776944576,0.9568106174457904,false,1.829213880543726,1.0855066776275635
105970,DEAD_RECKONING,2.92,21382,3.5448918,-0.42875261385675534,1.9780155092401022,2.3363364495494308,1.0283498257880617,false,3.8770631541015885,1.0855066776275635
106106,DEAD_RECKONING,2.92,21382,3.5448918,-0.442069912955896,2.208426212672594,2.3712281752791404,0.6161754434828667,false,2.54921144393335,0.5042623281478882
106183,DEAD_RECKONING,2.92,21590,3.5448918,-0.4450766974616451,2.353409776448523,1.4676003440676793,0.7408696297798786,false,1.1843023477484425,1.1212589740753174
106317,DEAD_RECKONING,2.92,21590,3.5448918,-0.42948697144852843,2.507975341217952,1.5888871204816304,0.9386876875323824,false,1.701726131726563,1.1212589740753174
106389,DEAD_RECKONING,2.92,21792,3.5448918,-0.3410937012481428,2.597446213502697,1.260232268903853,0.2181631968572495,false,1.5071498462970596,0.713621973991394
106533,DEAD_RECKONING,2.92,21792,3.5448918,-0.23791735456733634,2.540639221257244,1.4243715173080653,0.14791504473287123,false,2.581114368665093,0.23791567981243134
106599,DEAD_RECKONING,2.92,21993,3.5448918,-0.21475361860940287,2.5078666042876465,0.41124237235627825,0.18767017988639945,false,0.9134731660922465,0.23791567981243134
106668,DEAD_RECKONING,2.92,21993,3.5448918,-1.0313945486800937,2.048401462534684,0.6918096207196281,0.1400421561030725,false,1.002757038195604,0.15093185007572174
106815,DEAD_RECKONING,2.92,22193,3.5448918,-1.0467759621935986,2.036520681299362,0.4614999457167312,0.09553711242320106,false,0.5342830182861058,0.11747023463249207
106881,DEAD_RECKONING,2.92,22193,3.5448918,-1.047492953833284,2.0622007860041975,0.258464094728821,0.1015563699443127,false,0.6728841426254168,0.11747023463249207
107019,DEAD_RECKONING,2.92,22394,3.5448918,-0.9248520626642751,2.030653466101916,0.891631653992281,0.042258272567407246,false,1.7472727824416265,0.12046302855014801
107088,DEAD_RECKONING,2.92,22394,3.5448918,-0.943317792201025,1.9403458016764583,0.9341920986435657,0.08217387258603813,false,1.4298008101924014,0.12046302855014801
107233,DEAD_RECKONING,2.92,22597,3.5448918,-0.9971035333480227,1.8674329167038848,1.001532688893042,0.12755100678684753,false,1.1944221569054239,0.19802837073802948
107299,DEAD_RECKONING,2.92,22597,3.5448918,-0.9929725437667352,1.779661117347652,1.0601566534457054,0.29481064299531684,false,1.7977065646032326,0.4453248381614685
107372,DEAD_RECKONING,2.92,22800,3.5448918,-0.6741056952356244,1.805540557085616,1.0338227782431553,0.3781282111041569,false,1.2148620172322289,0.4453248381614685
107514,DEAD_RECKONING,2.92,22800,3.5448918,-0.7019674495542795,1.7696168892929853,0.5170523682176326,0.29713435519963094,false,0.4699851196286039,0.3011583387851715
107581,DEAD_RECKONING,2.92,23000,3.5448918,-0.705689137923067,1.7789990374228928,0.7000592774453397,0.290912280949223,false,1.0976991831361136,0.3011583387851715
107721,DEAD_RECKONING,2.92,23000,3.5448918,-0.7591121416339657,1.8669060696463695,1.0922193516746774,0.38373800163896027,false,2.101713082830242,0.5669289827346802
107795,DEAD_RECKONING,2.92,23201,3.5448918,-0.7317483698473523,1.9169706632486911,0.6031433566484729,0.14943841960729146,false,0.9360294741465985,0.4759340286254883
107931,DEAD_RECKONING,2.92,23201,3.5448918,-0.6948706276617945,1.979393643235319,0.7472020797410434,0.3891370994618067,false,0.9806191588935788,0.6583409905433655
108003,DEAD_RECKONING,2.92,23402,3.5448918,-0.6607254702808698,1.9867886132721053,0.45858279343254005,0.5376263425539176,false,0.617379574266109,0.6583409905433655
108077,DEAD_RECKONING,2.92,23402,3.5448918,-1.0402570731006993,1.768816613893401,0.6896788105253576,0.6047264465691922,false,1.5835955501831456,0.6583409905433655
108214,DEAD_RECKONING,2.92,23602,3.5448918,-0.9803762999024308,1.7187629442803383,1.2111495782297068,0.5487957027694175,false,2.634844198562263,0.5331130027770996
108282,DEAD_RECKONING,2.92,23602,3.5448918,-0.9634979488722634,1.709252285176158,0.35809811388822155,0.32874663761753004,false,0.3449615629976804,0.22645971179008484
108428,DEAD_RECKONING,2.92,23803,3.5448918,-0.9175568319816028,1.7446716389677042,0.7621067240151841,0.22011458982515875,false,1.5003339766969916,0.1721198558807373
108495,DEAD_RECKONING,2.92,23803,3.5448918,-0.8759561104768464,1.7019012242847578,0.9523019470684781,0.18666675739819563,false,2.0545969259079655,0.1721198558807373
108634,DEAD_RECKONING,2.92,24005,3.5448918,-0.8615816066576677,1.640916592493181,0.8109144300525701,0.47074490182015205,false,0.8275418246841664,0.7039822936058044
108711,DEAD_RECKONING,2.92,24005,3.5448918,-0.8709685648474388,1.5593937215802858,0.9429451160537439,0.6005213434309137,false,1.1027107693727296,0.7039822936058044
108776,DEAD_RECKONING,2.92,24205,3.5448918,-0.8499336221175089,1.533694675598237,0.4433693783805419,0.24865819991040755,false,0.5965561485689609,0.23781602084636688
108915,DEAD_RECKONING,2.92,24205,3.5448918,-0.8652063757722194,1.5123462045764193,0.2618121728870832,0.3973073676791263,false,0.23367643434360075,0.5400688648223877
108992,DEAD_RECKONING,2.92,24406,3.5448918,-0.9229551259246124,1.5294659308133625,0.5132463386248061,0.47557513976852384,false,0.9272232690569142,0.5400688648223877
109130,DEAD_RECKONING,2.92,24406,3.5448918,-0.953621214000776,1.5401115174773614,0.2533558208479998,0.33123215654765426,false,0.21898758199906815,0.2517963945865631
109194,DEAD_RECKONING,2.92,24609,3.5448918,-0.9803849381506531,1.5578783483141705,0.40328510216971614,0.2808211554167627,false,0.5792369350988288,0.2517963945865631
109342,DEAD_RECKONING,2.92,24609,3.5448918,-1.0301030146379697,1.4735720501081924,0.9762040180283468,0.4078890210301992,false,1.794994129450783,0.5693743824958801
109408,DEAD_RECKONING,2.92,24818,3.5448918,-1.078148536444879,1.444793321956439,0.6272010957406299,0.29895660952915953,false,0.7035470799755812,0.28854861855506897
109476,DEAD_RECKONING,2.92,24818,3.5448918,-0.960114068377602,1.4978962412767618,0.6478420527432843,0.2827766639715948,false,0.7089383248755192,0.28854861855506897
109617,DEAD_RECKONING,2.92,25018,3.5448918,-0.9684934091462324,1.468799690122826,0.30256612910270925,0.13803900471533484,false,0.2701578968809325,0.38999247550964355
109691,DEAD_RECKONING,2.92,25018,3.5448918,-0.9381872287825147,1.4436579006912829,0.8318347687560677,0.2634557587957554,false,1.452484183805713,0.42161864042282104
109827,DEAD_RECKONING,2.92,25218,3.5448918,-0.9614971573946808,1.3793053216914002,0.7041895806432122,0.349788986033454,false,1.4608433047868674,0.42161864042282104
109897,DEAD_RECKONING,2.92,25218,3.5448918,-0.9522594970541081,1.348178061321314,0.5430073132093426,0.2139374462022071,false,0.7349212058037023,0.292238712310791
110040,DEAD_RECKONING,2.92,25418,3.5448918,-0.9261081360217404,1.3971884862690638,0.6121584801726644,0.38346750563071,false,1.4415609301916017,0.5417131781578064
110107,DEAD_RECKONING,2.92,25418,3.5448918,-0.9152013350446524,1.4170086396813903,0.2454021315765158,0.47059930656763777,false,0.38135781054487,0.5417131781578064
110179,DEAD_RECKONING,2.92,25619,3.5448918,-0.743656579982619,1.4422166810689023,0.6869801607056588,0.47154460925089486,false,1.3659803553530152,0.5343210101127625
110323,DEAD_RECKONING,2.92,25619,3.5448918,-0.790432191701131,1.475347978470578,0.5971616778624677,0.500742207641992,false,1.5653177291042693,0.5343210101127625
110389,DEAD_RECKONING,2.92,25819,3.5448918,-0.6566063033681739,1.5030973687227405,0.5622153525590292,0.35892570713160227,false,1.2685734860783153,0.5333381295204163
110527,DEAD_RECKONING,2.92,25819,3.5448918,-0.7300595817720681,1.5712714574606748,1.0307904594171513,0.09981185920875899,false,1.9376586157926636,0.34705254435539246
110599,DEAD_RECKONING,2.92,26024,3.5448918,-0.700554680640923,1.57468135762873,0.6877760294649866,0.22181113536913868,false,1.784525823628729,0.34705254435539246
110741,DEAD_RECKONING,2.92,26024,3.5448918,-0.7016517726723495,1.6372255064343926,0.6523455423835213,0.10806694724032669,false,1.1309574740175985,0.23930218815803528
110810,DEAD_RECKONING,2.92,26225,3.5448918,-0.7246254114729659,1.6656967833805743,0.38885485383565793,0.16990288750620436,false,0.5621546610206146,0.23930218815803528
110881,DEAD_RECKONING,2.92,26225,3.5448918,-0.7735179173947839,1.6651249017626835,0.2283374039572009,0.14169570073807286,false,0.26562182151958585,0.20094513893127441
111020,DEAD_RECKONING,2.92,26426,3.5448918,-0.8073744114407962,1.7886847347072714,1.263404435603594,0.321805491453636,false,2.1059043237698325,0.5198500156402588
111090,DEAD_RECKONING,2.92,26426,3.5448918,-0.8648914025756919,1.9161098333621664,1.5274207851162438,0.43072693244789145,false,1.874099835620258,0.5198500156402588
111236,DEAD_RECKONING,2.92,26627,3.5448918,-0.8262083646385403,1.945119181404482,0.47478132858387373,0.2788995729037604,false,1.096021554535104,0.29519379138946533
111303,DEAD_RECKONING,2.92,26627,3.5448918,-0.7863061948223327,1.811035131906906,2.182113423907641,1.0845784874064202,false,4.062013654698053,2.1555755138397217
111442,DEAD_RECKONING,2.92,26827,3.5448918,-0.6835033434997405,1.8256231399873162,1.0554330165026975,1.681477322248083,false,2.636007617448548,2.1555755138397217
111512,DEAD_RECKONING,2.92,26827,3.5448918,-0.6658350514596371,1.8491576262318445,3.3740283143708676,0.3799660024911531,false,5.896292442318141,1.7742953300476074
111594,DEAD_RECKONING,2.92,27028,3.5448918,-0.8953983848170679,1.8481616210616638,2.3191423713610666,1.1219096437770144,false,5.40013063436423,1.7742953300476074
111721,DEAD_RECKONING,2.92,27028,3.5448918,-1.1993610320892814,2.095341909765413,7.868167697623979,0.5711204564554037,false,13.255037901704556,0.6577661037445068
111792,DEAD_RECKONING,2.92,27230,3.5448918,-0.7870675706638054,2.2761712873064246,2.0075819306614835,1.0168917894953509,false,2.924318106400989,1.4104658365249634
111935,DEAD_RECKONING,2.92,27230,3.5448918,-0.7647838319722448,2.3339451108739344,1.8082602804522478,0.5520099574170219,false,4.731689291863607,1.3138726949691772
112002,DEAD_RECKONING,2.92,27431,3.5448918,-0.8351091074899132,2.097848293387652,2.466497300769381,0.9374893164224186,false,5.194858498064571,1.3138726949691772
112151,DEAD_RECKONING,2.92,27431,3.5448918,-0.9231882613283474,2.1253625437378387,1.4061249928964397,0.41459824850551813,false,3.1022296099272695,0.42125770449638367
112218,DEAD_RECKONING,2.92,27631,3.5448918,-1.0394208593465029,2.1315394233242793,1.6309886598345278,0.3363572432123776,false,1.8408056345313557,0.42125770449638367
112286,DEAD_RECKONING,2.92,27631,3.5448918,-1.0219559049534979,2.2212935845895823,1.2987419660502397,0.4087604315381493,false,2.522273053048464,0.6228370666503906
112426,DEAD_RECKONING,2.92,27837,3.5448918,-1.0518350826253622,2.1964019974829467,1.576454040029082,0.40142400807192496,false,2.2603287232912432,0.4690352976322174
112492,DEAD_RECKONING,2.92,27837,3.5448918,-1.1189577791998782,2.0465972069084004,1.717818737640971,0.4324503772874102,false,2.678243555710523,0.4690352976322174
112637,DEAD_RECKONING,2.92,28040,3.5448918,-1.0865440293657007,1.9631962133206524,1.0034547935211187,0.3122817952153581,false,1.6897747796037106,0.6336638331413269
112720,DEAD_RECKONING,2.92,28040,3.5448918,-1.0250623324559585,1.9825525808947722,0.7909476426974323,0.47546956336936,false,1.3920791734126452,0.6336638331413269
112852,DEAD_RECKONING,2.92,28243,3.5448918,-0.9721371375692706,2.030980452736981,0.862711442731832,0.5624346229123395,false,1.4946304265237413,0.646331250667572
112918,DEAD_RECKONING,2.92,28243,3.5448918,-0.9567801593245369,2.145917937618665,1.1982193103658734,0.3841263294040191,false,1.6885873016950952,0.24704840779304504
112988,DEAD_RECKONING,2.92,28243,3.5448918,-0.7719817279338647,2.2674415257399176,0.5905481593704529,0.30682048058553046,false,0.546016854924529,0.24704840779304504
113137,DEAD_RECKONING,2.92,28443,3.5448918,-0.7928259916571375,2.2840341291445827,0.4655126592276928,0.29549947534902343,false,0.6881913050593478,0.29701125621795654
113207,DEAD_RECKONING,2.92,28644,3.5448918,-0.7934326379290372,2.2218200090023736,0.6205308139578809,0.29517925895899577,false,1.2899077423573952,0.29701125621795654
113337,DEAD_RECKONING,2.92,28644,3.5448918,-0.8174834018298955,2.2088131697581317,0.33723486546808956,0.06838149657115679,false,0.6125948407448921,0.2899877727031708
113418,DEAD_RECKONING,2.92,28845,3.5448918,-0.8141567883198297,2.228987781872639,0.28141022683179356,0.08352266791683662,false,0.5602361786556912,0.14003434777259827
113550,DEAD_RECKONING,2.92,28845,3.5448918,-0.8147989248307372,2.2304368912346257,0.10910951294611554,0.046298878275666526,false,0.14458628739015153,0.035948555916547775
113622,DEAD_RECKONING,2.92,29053,3.5448918,-0.8438637895606205,2.2453891998099182,0.3757267368829884,0.036650243563092176,false,0.6267685969182255,0.035948555916547775
113687,DEAD_RECKONING,2.92,29053,3.5448918,-0.6525872739704311,2.290715946913824,0.4409511307778123,0.03537034949586637,false,0.6836764184890223,0.035948555916547775
113832,DEAD_RECKONING,2.92,29253,3.5448918,-0.595162114716831,2.330465616124742,0.24432567752716644,0.07166393284801363,false,0.6014591561974291,0.14725345373153687
113901,DEAD_RECKONING,2.92,29253,3.5448918,-0.6089509732398944,2.3122218178122673,0.27384767267213506,0.07927243434432446,false,0.5979649683664986,0.17565295100212097
114036,DEAD_RECKONING,2.92,29459,3.5448918,-0.6309604187309419,2.2717711532911906,0.4274695158101849,0.11939053851089398,false,0.7522147767680798,0.16924697160720825
114107,DEAD_RECKONING,2.92,29459,3.5448918,-0.5964223392881329,2.301442489923251,0.4727263706044524,0.1462758751482882,false,1.1053240222615188,0.16924697160720825
114248,DEAD_RECKONING,2.92,29671,3.5448918,-0.5970098466207293,2.3033983950656918,0.222689540650212,0.07994979462674459,false,0.6103409461853212,0.12391145527362823
114317,DEAD_RECKONING,2.92,29671,3.5448918,-0.8806663215174337,2.278091504047846,0.7956042425960733,0.09544749694382362,false,1.417121050473551,0.12391145527362823
114388,DEAD_RECKONING,2.92,29671,3.5448918,-0.8990716137432936,2.325701976737438,0.5398088745943884,0.07851322122803635,false,0.4966093668941765,0.10836727172136307
114532,DEAD_RECKONING,2.92,29873,3.5448918,-0.8853309763159075,2.3298452607398175,0.37724822317558954,0.10814577245878088,false,0.6822683178127804,0.22729948163032532
114598,DEAD_RECKONING,2.92,29873,3.5448918,-0.886569052455614,2.3331033934649748,0.5797882461939606,0.17347996530598334,false,0.8135571679891093,0.22729948163032532
114747,DEAD_RECKONING,2.92,30085,3.5448918,-0.8636899803476468,2.3131821029602277,0.31300810175226773,0.11558527894671342,false,0.8020627262266945,0.3292781710624695
114815,DEAD_RECKONING,2.92,30085,3.5448918,-0.8692567085290372,2.2988022914602513,0.3455546576941224,0.23352230251980843,false,0.5746193757534153,0.3292781710624695
114950,DEAD_RECKONING,2.92,30286,3.5448918,-0.9894996980669538,2.228016674805005,0.34165508604301503,0.08703492868641145,false,0.47869053463311223,0.14169205725193024
115019,DEAD_RECKONING,2.92,30286,3.5448918,-0.9981288616843133,2.1910269020018656,0.44350220996383966,0.044712001416223245,false,0.6270544448100054,0.07288135588169098
115094,DEAD_RECKONING,2.92,30486,3.5448918,-0.9654755903229015,2.119348585967109,0.8414103683790672,0.05478394911465915,false,1.2507644616967313,0.07288135588169098
115231,DEAD_RECKONING,2.92,30486,3.5448918,-0.9407693232418808,2.140482391839948,0.1515095523255976,0.06747535521582823,false,0.843717329461831,0.0930120125412941
115300,DEAD_RECKONING,2.92,30688,3.5448918,-0.9440135705289529,2.1680408187591813,0.3237061885257364,0.11761573288855175,false,0.5570720957557037,0.15791824460029602
115449,DEAD_RECKONING,2.92,30888,3.5448918,-0.9644928136028561,2.199747914020614,0.43526829304267395,0.14005842690682432,false,0.5817165227422529,0.15791824460029602
115511,DEAD_RECKONING,2.92,30888,3.5448918,-1.0246446176385446,2.271079172522838,0.896618096632147,0.17736172888839138,false,1.3364572666240913,0.21477662026882172
115652,DEAD_RECKONING,2.92,31088,3.5448918,-1.0760102633962674,2.3716946159020313,1.1608383432803429,0.11046075384845408,false,1.4139519884596876,0.24817660450935364
115724,DEAD_RECKONING,2.92,31088,3.5448918,-1.1271194955537287,2.429156231625763,0.9381474946379164,0.18076968359121648,false,1.0006960530894768,0.24817660450935364
115795,DEAD_RECKONING,2.92,31088,3.5448918,-1.037375757959636,2.46111903619958,0.22442510258847906,0.10779477416364468,false,0.8008763914936793,0.09902109950780869
115932,DEAD_RECKONING,2.92,31295,3.5448918,-1.0063414861962956,2.4657992226496788,0.4908087226420896,0.09477224686596641,false,0.800626383854842,0.09902109950780869
116007,DEAD_RECKONING,2.92,31295,3.5448918,-1.0137560386236746,2.483966810752233,0.8022096720939147,0.16569467433047794,false,1.1246122162362522,0.23838192224502563
116144,DEAD_RECKONING,2.92,31495,3.5448918,-1.0295502370070198,2.5387702630515787,0.7221280224277082,0.23219277923527856,false,0.9223592230616927,0.29601994156837463
116212,DEAD_RECKONING,2.92,31495,3.5448918,-1.0868791005764342,2.5487861554326323,0.6331195247703936,0.2670614055576644,false,0.9412425005870804,0.29601994156837463
116356,DEAD_RECKONING,2.92,31697,3.5448918,-1.1488262758718253,2.583482455028054,0.7215298357052324,0.2430099511850488,false,0.850654565902673,0.25656506419181824
116425,DEAD_RECKONING,2.92,31697,3.5448918,-1.1837440829297499,2.594392480015537,0.4241840798592245,0.20407979636162574,false,0.5217309467401674,0.1915821135044098
116494,DEAD_RECKONING,2.92,31898,3.5448918,-0.6620128614853112,2.7190227297882266,0.4034613485741615,0.1947397906289238,false,0.7664380182174911,0.1915821135044098
116639,DEAD_RECKONING,2.92,31898,3.5448918,-0.7416160936559462,2.7110227616091827,0.23394700203886407,0.17789442161095154,false,0.3185636515925862,0.2285679280757904
116707,DEAD_RECKONING,2.92,32098,3.5448918,-0.7669987199229098,2.6900166225696047,0.3290158366915914,0.20084159593123663,false,0.6463944548051698,0.2285679280757904
116847,DEAD_RECKONING,2.92,32299,3.5448918,-0.8071109307600701,2.682588736717397,0.2621938132273949,0.0914682237504449,false,0.3372206813074764,0.0338166169822216
116915,DEAD_RECKONING,2.92,32299,3.5448918,-0.8116605001712888,2.5939618216008156,0.9440125044189613,0.19248988728930755,false,1.6409064226536354,0.30435657501220703
117061,DEAD_RECKONING,2.92,32500,3.5448918,-0.7745078377362195,2.5237707583934808,0.8528507925624089,0.2538848407755984,false,0.9321859469845305,0.30435657501220703
117127,DEAD_RECKONING,2.92,32500,3.5448918,-0.8034350453266028,2.511855876018513,0.16831139589237848,0.11261876088671323,false,0.7833888472448453,0.08824221789836884
117195,DEAD_RECKONING,2.92,32500,3.5448918,-0.8138505996396713,2.544419020301864,0.4340334244681524,0.07747363587311651,false,0.8741542868980601,0.08824221789836884
117340,DEAD_RECKONING,2.92,32701,3.5448918,-0.761579499491945,2.6369519778968407,0.7927277351329974,0.04264640731871214,false,1.2477442115752924,0.037171315401792526
117406,DEAD_RECKONING,2.92,32701,3.5448918,-0.7809357269069723,2.7039724822574853,0.7913823077886625,0.17638847671986282,false,0.9362074706252861,0.28766560554504395
117547,DEAD_RECKONING,2.92,32901,3.5448918,-0.7676259353806775,2.810199769583631,1.0857687152476458,0.2383345170596269,false,1.3220135234266883,0.28766560554504395
117619,DEAD_RECKONING,2.92,32901,3.5448918,-0.7578107601200519,2.876001788609544,0.6698176800130717,0.08733078635357686,false,0.4540805749807539,0.24018746614456177
117756,DEAD_RECKONING,2.92,33108,3.5448918,-0.7188828048902792,2.89127342873184,0.5246916470227092,0.17236461908674508,false,0.8322399677418895,0.3028948903083801
117826,DEAD_RECKONING,2.92,33108,3.5448918,-0.6756380240335955,2.918389993679196,0.5153623135799406,0.24379681390615804,false,0.6930337945129935,0.3028948903083801
117897,DEAD_RECKONING,2.92,33308,3.5448918,-0.6821080801363067,2.9463371285606343,0.362680148179674,0.10481425746440058,false,0.39113355806375544,0.09042922407388687
118038,DEAD_RECKONING,2.92,33308,3.5448918,-0.6547476050594729,2.9798929854341063,0.43552731246860354,0.13885722719184018,false,0.6772504231014633,0.2567983865737915
118109,DEAD_RECKONING,2.92,33521,3.5448918,-0.5765904085686522,2.996105599560284,0.4060066047004799,0.20229223070318694,false,0.5030021185592862,0.2567983865737915
118252,DEAD_RECKONING,2.92,33521,3.5448918,-0.579299690275651,2.9897131926940737,0.19530123020108614,0.22257274452178832,false,0.47496749064911226,0.24356405436992645
118320,DEAD_RECKONING,2.92,33733,3.5448918,-0.5675207037476637,2.928374498763294,0.626463618668914,0.23382089361747832,false,1.0724699015495802,0.24356405436992645
118459,DEAD_RECKONING,2.92,33733,3.5448918,-0.8934294776754143,2.795337316420892,0.3317443896107117,0.16057597767497744,false,0.3868639638678295,0.1578558087348938
118529,DEAD_RECKONING,2.92,33940,3.5448918,-0.8430108166657074,2.7867887738183335,0.5909869898986484,0.17414540548444532,false,0.8612835723224876,0.2889300286769867
118601,DEAD_RECKONING,2.92,33940,3.5448918,-0.9553024887037462,2.7706579597378522,0.48621196063491134,0.2335637715841456,false,0.7482970039432921,0.2889300286769867
118740,DEAD_RECKONING,2.92,34153,3.5448918,-0.9518384538386013,2.742612673941596,0.35164767983976236,0.08319736621419148,false,0.7180750398393712,0.18998569250106812
118810,DEAD_RECKONING,2.92,34153,3.5448918,-0.986857123131054,2.742227588681011,0.1600489009772898,0.12599649559832982,false,0.43876954503847615,0.18998569250106812
118953,DEAD_RECKONING,2.92,34354,3.5448918,-0.9823114798248085,2.7808340342108893,0.37996064822718945,0.08943151663668653,false,0.5735185078664656,0.19216357171535492
119021,DEAD_RECKONING,2.92,34354,3.5448918,-0.9602680130956319,2.827269627054698,0.4224643453401312,0.0770102460385236,false,0.5166097307003195,0.16440314054489136
119160,DEAD_RECKONING,2.92,34555,3.5448918,-0.9412995998066109,2.8050378714280146,0.3183753070351201,0.162200195830643,false,0.9057082952169208,0.2638140916824341
119233,DEAD_RECKONING,2.92,34555,3.5448918,-0.9487551679478374,2.7761438902830013,0.30086232496273624,0.2179065950237613,false,0.40743335148889087,0.2638140916824341
119301,DEAD_RECKONING,2.92,34555,3.5448918,-1.0283990917200463,2.7250154946375953,0.4966927088887287,0.24337825785844552,false,0.6968684512143317,0.2638140916824341
119442,DEAD_RECKONING,2.92,34755,3.5448918,-0.9950309602832924,2.7594155252448114,0.22831700472477076,0.13194624309234385,false,0.5755157007124868,0.055875103920698166
119521,DEAD_RECKONING,2.92,34955,3.5448918,-1.0316022846132238,2.7497090368271317,0.5050381842590752,0.12022162808846294,false,0.8650749003470244,0.13513487577438354
119652,DEAD_RECKONING,2.92,34955,3.5448918,-1.0019005621481831,2.7721902973800026,0.5242429149482479,0.053540722529014456,false,0.583165072596351,0.0980919674038887
119726,DEAD_RECKONING,2.92,35156,3.5448918,-1.0120549597266508,2.7633914091948597,0.19504342829459548,0.06994016454135166,false,0.2626398362647685,0.0980919674038887
119864,DEAD_RECKONING,2.92,35156,3.5448918,-1.0345639839969436,2.787770813323211,0.5460957311939111,0.16520946923692115,false,1.0853974579774013,0.2632600665092468
119933,DEAD_RECKONING,2.92,35356,3.5448918,-1.0480056822352897,2.8034595397509925,0.3000982275841771,0.21925156867721232,false,0.7439282508854108,0.2632600665092468
120006,DEAD_RECKONING,2.92,35356,3.5448918,-1.0314662899158096,2.8690131889688635,0.65610559764817,0.21670867440735228,false,1.1615474195668132,0.24596796929836273
120150,DEAD_RECKONING,2.92,35568,3.5448918,-1.0229705927802453,2.9020029903049784,0.40328038680352934,0.20222677552619833,false,0.4759476890545999,0.22262969613075256
120213,DEAD_RECKONING,2.92,35568,3.5448918,-1.001164194561333,2.8401417468971153,1.0786996940660551,0.21037240062301618,false,2.1333685308177563,0.22262969613075256
120357,DEAD_RECKONING,2.92,35768,3.5448918,-0.9820000042690634,2.9298429619406003,0.9393504201067081,0.5123272287865098,false,2.343783426557343,0.9581507444381714
120429,DEAD_RECKONING,2.92,35768,3.5448918,-0.9748152433907755,3.0464902490364048,1.6230489292803527,0.7584958853145032,false,2.59117827717062,0.9581507444381714
120566,DEAD_RECKONING,2.92,35969,3.5448918,-0.9451041177125341,3.0818237811568565,0.6571080783754476,0.38140411432762983,false,1.8244019844818673,0.5128650665283203
120634,DEAD_RECKONING,2.92,35969,3.5448918,-0.9971930371680596,3.0956581197995368,3.0795414024623504,0.38693331149434834,false,5.199573395342773,0.9737811088562012
120713,DEAD_RECKONING,2.92,35969,3.5448918,-0.6808881968534931,3.174094823972724,0.6914618028751733,0.7128201345977518,false,3.5769302713045,0.9737811088562012
120846,DEAD_RECKONING,2.92,36169,3.5448918,-0.6999086857040165,3.189155705341738,2.9223923104346685,0.23907994564226379,false,4.774688519809776,0.504173994064331
120915,DEAD_RECKONING,2.92,36169,3.5448918,-0.7138189095379915,3.2525380730831523,1.6758909161545037,0.3262379999407828,false,2.1388359585463608,0.504173994064331
121061,DEAD_RECKONING,2.92,36369,3.5448918,-0.7903965095616062,3.344506110858407,1.5368460973127724,0.9035319530639457,false,1.5982876731410725,1.659166693687439
121133,DEAD_RECKONING,2.92,36569,3.5448918,-0.9742526945306582,3.531603337885782,3.0850391097690246,0.27902243040356034,false,5.083029544045481,0.81101393699646
121265,DEAD_RECKONING,2.92,36569,3.5448918,-1.176081316008692,3.7386212813941047,2.944969580280989,0.26770395986129336,false,3.557020856871286,0.49180877208709717
121337,DEAD_RECKONING,2.92,36769,3.5448918,-0.8752757517441109,3.9992353431330185,2.6565097222065535,0.38398468877375713,false,3.6263741231368316,0.49180877208709717
121411,DEAD_RECKONING,2.92,36769,3.5448918,-0.9133069040599121,4.173004041944057,1.838629938246603,0.35886739779188864,false,2.098271660820651,0.4983624815940857
121546,DEAD_RECKONING,2.92,36969,3.5448918,-0.9784228855333553,4.346737576215913,1.9746636315164146,0.4251864832716688,false,2.472604267352595,0.4983624815940857
121617,DEAD_RECKONING,2.92,36969,3.5448918,-1.0047018000848416,4.36381654196796,0.36429257815189664,0.2587025116187403,false,1.3875718283502356,0.16118811070919037
121760,DEAD_RECKONING,2.92,37171,3.5448918,-1.0366643036918648,4.415456492640492,1.0213355077399073,0.18096349480482943,false,1.5855345390129723,0.28539136052131653
121828,DEAD_RECKONING,2.92,37171,3.5448918,-1.0776086387037291,4.435654168451047,0.6550207284653656,0.22720432025427756,false,1.572857548664841,0.28539136052131653
121968,DEAD_RECKONING,2.92,37372,3.5448918,-1.2361843975564233,4.6724575403170405,2.8570817174758663,0.17844917908998342,false,4.790804369511721,0.4179728627204895
122041,DEAD_RECKONING,2.92,37372,3.5448918,-1.0756931618404455,4.958722576526701,3.581315433065746,1.0669112042214355,false,5.9674532924284485,1.9831433296203613
122108,DEAD_RECKONING,2.92,37372,3.5448918,-1.8849095416683797,4.525668139569137,3.5110412756703027,1.5770593386966512,false,5.072496932501526,1.9831433296203613
122248,DEAD_RECKONING,2.92,37573,3.5448918,-1.601915347651174,4.62735794350029,3.008026396800271,0.511019838920569,false,2.758897327871168,0.43507373332977295
122325,DEAD_RECKONING,2.92,37573,3.5448918,-1.4842932573482253,4.71831108479033,1.650318976127986,0.18993962379898138,false,1.7002830445481518,0.43507373332977295
122460,DEAD_RECKONING,2.92,37780,3.5448918,-1.430908120210661,4.733563208814036,1.014939285580644,0.161776832933978,false,2.1476115108720792,0.38087406754493713
122529,DEAD_RECKONING,2.92,37980,3.5448918,-1.723766767247316,4.525255915352026,1.133557928765068,0.1320227342197532,false,1.6391213212293922,0.23982952535152435
122674,DEAD_RECKONING,2.92,37980,3.5448918,-1.6523857851232533,4.4181518340245445,1.2853302829648903,0.18613552607996725,false,1.5708504698887882,0.23982952535152435
122746,DEAD_RECKONING,2.92,38181,3.5448918,-1.9184668444293196,4.232292566420258,0.736213488896614,0.24741094281082765,false,0.8051804216383325,0.4928431510925293
122810,DEAD_RECKONING,2.92,38181,3.5448918,-1.887312329186029,4.163563193453781,0.8841554655774345,0.3807521652887004,false,1.4014182438963596,0.4928431510925293
122951,DEAD_RECKONING,2.92,38381,3.5448918,-1.8151352415085866,4.073131021547035,1.1807629144397913,0.44586443207845955,false,1.449749473952771,0.6154757738113403
123023,DEAD_RECKONING,2.92,38381,3.5448918,-1.6755417524391178,4.072549274958918,0.5653121627004745,0.304629720461041,false,0.17037091954328587,0.2036757469177246
123161,DEAD_RECKONING,2.92,38582,3.5448918,-1.728363834510977,3.9879497396766475,0.5668240109534899,0.31243754610690117,false,0.61462534828581,0.4536081850528717
123232,DEAD_RECKONING,2.92,38582,3.5448918,-1.7558441181694158,3.913229747088357,0.8161913040984216,0.382781030624169,false,1.2121538926902882,0.4536081850528717
123372,DEAD_RECKONING,2.92,38782,3.5448918,-1.7736579432077608,3.864636927750656,0.5315619007548739,0.3137546057406898,false,0.47956996562906196,0.40595707297325134
123442,DEAD_RECKONING,2.92,38782,3.5448918,-1.3905234903547348,3.9646361870008446,0.5599222889497399,0.3521777423727053,false,0.6561807027848465,0.40595707297325134
123513,DEAD_RECKONING,2.92,38782,3.5448918,-1.3923109999834271,3.969732703102646,0.5221152526151793,0.3060621269277577,false,0.7084090549384613,0.3229093551635742
123655,DEAD_RECKONING,2.92,38983,3.5448918,-1.4275748318297228,4.054520290725516,0.9164051947031596,0.09220858905160116,false,1.6416575861511913,0.108253113925457
123725,DEAD_RECKONING,2.92,38983,3.5448918,-1.1128189613344655,4.250659076194671,1.3326091766321713,0.05065128521907682,false,1.9093840726284093,0.108253113925457
123865,DEAD_RECKONING,2.92,39183,3.5448918,-1.017454994050651,4.3948438685528775,1.2069243162216992,0.18247447455496044,false,1.258321873281373,0.3583426773548126
123942,DEAD_RECKONING,2.92,39383,3.5448918,-1.036280911483514,4.5390422944569755,1.4811255584568146,0.28036350258259307,false,1.710444454655424,0.3583426773548126
124074,DEAD_RECKONING,2.92,39383,3.5448918,-0.830470477923617,4.633190693243654,0.8398307352458394,0.16939477838369216,false,0.8942045961139542,0.4926404654979706
124146,DEAD_RECKONING,2.92,39583,3.5448918,-0.8915151329504586,4.6860156289576,0.8715178094521961,0.20782837245374725,false,1.6774507847123121,0.3403776288032532
124214,DEAD_RECKONING,2.92,39583,3.5448918,-1.0329395015778737,4.758894733422505,1.0716586989414167,0.2775394873402794,false,1.683239979079292,0.3403776288032532
124354,DEAD_RECKONING,2.92,39783,3.5448918,-1.0160970487213041,4.7495663941887045,0.34706630638628416,0.3459869595651494,false,1.2854912666523621,0.47707653045654297
124425,DEAD_RECKONING,2.92,39783,3.5448918,-1.0730905606203178,4.736614347647131,0.9705419350779906,0.4144633971906638,false,1.676865816030184,0.47707653045654297
124567,DEAD_RECKONING,2.92,39984,3.5448918,-1.1984203909762343,4.754114021784025,0.5814465198626856,0.3275362993082952,false,1.5350076428934987,0.37740230560302734
124636,DEAD_RECKONING,2.92,39984,3.5448918,-1.2843946160312658,5.001415534727292,2.616432536975881,0.22257354274740357,false,4.3427442382496935,0.5220978260040283
124776,DEAD_RECKONING,2.92,40187,3.5448918,-1.4567975379548026,5.161836590871372,2.1346151104122484,0.22298363515300568,false,2.046913785539187,0.39287111163139343
124850,DEAD_RECKONING,2.92,40187,3.5448918,-1.493160897086196,5.2504033762665,0.9596406338627677,0.31088144077581714,false,0.8406744051623066,0.39287111163139343
124916,DEAD_RECKONING,2.92,40187,3.5448918,-1.6195465597408427,5.2383453325638065,0.9792048418586419,0.3557851429296724,false,1.6215504661871796,0.39287111163139343
125056,DEAD_RECKONING,2.92,40397,3.5448918,-1.6233239220578348,5.202951097624935,0.6543835243749792,0.05330320902464039,false,0.8709576041765215,0.36305493116378784
125127,DEAD_RECKONING,2.92,40397,3.5448918,-1.1566932956702562,5.2383457305654995,0.7289397811270687,0.10335942250180387,false,1.273487928953582,0.14891637861728668
125268,DEAD_RECKONING,2.92,40597,3.5448918,-1.1635392976669623,5.204048537327595,0.6280573878811506,0.09838335978290376,false,0.9742466278761943,0.14727796614170074
125337,DEAD_RECKONING,2.92,40597,3.5448918,-1.2035949733812596,5.203936583171606,0.6781894834734362,0.122383633755905,false,1.5698517652767843,0.14727796614170074
125482,DEAD_RECKONING,2.92,40797,3.5448918,-1.211837021323581,5.197451935586306,0.1294473569982777,0.1373376504802144,false,0.3618403034145791,0.20873162150382996
125554,DEAD_RECKONING,2.92,41006,3.5448918,-1.2388066304266045,5.2555437939725245,0.6511155483050466,0.1739993245046331,false,1.2023510581865826,0.20873162150382996
125617,DEAD_RECKONING,2.92,41006,3.5448918,-1.4611552072862404,5.330567325828401,1.3871740920576345,0.1667752904940861,false,1.9746175875757865,0.16114825010299683
125759,DEAD_RECKONING,2.92,41207,3.5448918,-1.4822113527699075,5.432049903115246,1.1157804897449743,0.13714968973345834,false,0.9673624367862746,0.31504637002944946
125832,DEAD_RECKONING,2.92,41207,3.5448918,-1.5215532013752824,5.517964310160973,0.9502146055669312,0.23258898766944375,false,0.916606664305324,0.31504637002944946
125970,DEAD_RECKONING,2.92,41408,3.5448918,-1.7762699308521528,5.4798939947896015,0.5007106342954989,0.39744693127380765,false,0.41127231211508747,0.535399317741394
126039,DEAD_RECKONING,2.92,41408,3.5448918,-1.7625197223167979,5.508380743321935,0.5732912355770751,0.47398403639424447,false,1.0481286594179036,0.535399317741394
126181,DEAD_RECKONING,2.92,41608,3.5448918,-1.7669359774635147,5.598403873509633,0.9380863551317046,0.3863253277235725,false,1.4012998556238503,0.37879478931427
126251,DEAD_RECKONING,2.92,41608,3.5448918,-1.7854966354012172,5.72153245267562,1.2742781744287137,0.055052815840050395,false,1.548566647645025,0.33551761507987976
126318,DEAD_RECKONING,2.92,41608,3.5448918,-1.6731080781748766,5.847658874048566,1.073294284834043,0.19868749942890018,false,1.0435482065653432,0.33551761507987976
126465,DEAD_RECKONING,2.92,41809,3.5448918,-1.6420805144944934,5.9027131039923635,0.8185300069331266,0.24626763337420984,false,0.8054090483721721,0.3465420603752136
126532,DEAD_RECKONING,2.92,41809,3.5448918,-1.6515667458422534,5.879463061131009,0.2577667035171636,0.1816319832092095,false,1.0827701195201347,0.15496718883514404
126671,DEAD_RECKONING,2.92,42010,3.5448918,-2.193102268992449,5.755987522283187,0.9810267274037918,0.1630027156745705,false,1.807599453863013,0.15496718883514404
126741,DEAD_RECKONING,2.92,42010,3.5448918,-2.169096606869854,5.878002238442244,1.149195626670203,0.2700024359875143,false,1.7994289542675994,0.41214340925216675
126895,DEAD_RECKONING,2.92,42214,3.5448918,-2.1370288874940226,5.868091578990221,0.33627625267897343,0.31713456016254016,false,1.2185067644954173,0.36447378993034363
126951,DEAD_RECKONING,2.92,42214,3.5448918,-2.2057555718404886,5.863481632855722,0.4573306640143848,0.34269349876907196,false,1.0827444022610808,0.36447378993034363
127022,DEAD_RECKONING,2.92,42424,3.5448918,-2.2351903502552766,5.941727058054071,0.9781443644134393,0.3015919787651402,false,1.827030443220603,0.2724599540233612
127164,DEAD_RECKONING,2.92,42424,3.5448918,-2.348616666897798,5.962058726406166,0.6705384358642713,0.2848956106766554,false,0.43847860985870285,0.2724599540233612
127232,DEAD_RECKONING,2.92,42624,3.5448918,-2.344563114928262,5.951768620220027,0.15922050439275248,0.0812369586046802,false,0.7176868579470347,0.2536855638027191
127372,DEAD_RECKONING,2.92,42825,3.5448918,-2.293026084201791,5.898135743159125,0.6941735322537806,0.3991504301964471,false,1.1466098126799755,0.6912561058998108
127445,DEAD_RECKONING,2.92,42825,3.5448918,-2.3500218184052364,5.840304353139482,0.7679746958867112,0.5615692272949929,false,1.2800452190321203,0.6912561058998108
127585,DEAD_RECKONING,2.92,43025,3.5448918,-2.3618252229420253,5.867702934927841,0.39862590771252016,1.0098572329862536,false,0.9167701248831942,1.3841633796691895
127652,DEAD_RECKONING,2.92,43025,3.5448918,-2.3951320367969724,5.858052852318258,0.45470885145375833,1.2176262038472667,false,0.9756050822537454,1.3841633796691895
152798,DEAD_RECKONING,2.92,68248,3.5448918,-0.0,0.0,1.0084591038073734,1.01278727232191,false,1.008459094729193,1.0127873420715332
152848,DEAD_RECKONING,2.92,68248,3.5448918,-1.2229046615649692,1.3285264939104116,0.6396821797717017,1.01278727232191,false,0.643718932897653,1.0127873420715332
152918,DEAD_RECKONING,2.92,68248,3.5448918,-1.2941006734982219,1.3133817944034027,1.215278609794281,0.5554189925008304,false,1.888530976267598,0.45662376284599304
152989,DEAD_RECKONING,2.92,68248,3.5448918,-1.1553473000624206,1.4008079374388978,1.5225744501098275,0.4489118963002694,false,2.145966644483577,0.45662376284599304
153129,DEAD_RECKONING,2.92,68451,3.5448918,-1.2677395725671923,1.3339294904670127,1.6832996166871383,0.3348445240028241,false,2.637483306851519,0.37834760546684265
153229,DEAD_RECKONING,2.92,68652,3.5448918,-1.297884016781192,1.2121397488907915,1.98489913897224,0.4807571093417323,false,2.554699158148223,0.6016274690628052
153339,DEAD_RECKONING,2.92,68652,3.5448918,-1.367373580237666,1.1792060551087138,2.3397864330528737,0.5478095410917468,false,2.944246712230898,0.6016274690628052
153412,DEAD_RECKONING,2.92,68853,3.5448918,-1.4443377435691012,1.1375198521454448,2.139379977260934,0.16613340582845817,false,1.9943773511050624,0.15561798214912415
153550,DEAD_RECKONING,2.92,68853,3.5448918,-1.5963162159505877,1.2544835117184856,1.9694259212842955,0.09604732238590127,false,4.004931639652247,0.23256823420524597
153620,DEAD_RECKONING,2.92,69053,3.5448918,-1.7209449564651769,1.3709643952156425,3.1563725131808353,0.1665763396334789,false,4.6605631904902465,0.23256823420524597
153691,DEAD_RECKONING,2.92,69053,3.5448918,-0.9805588198230444,1.7544856513550489,1.208955114258875,0.17901559450890722,false,1.788253640537167,0.28580960631370544
153831,DEAD_RECKONING,2.92,69253,3.5448918,-0.9992935289678052,1.7860555383044496,0.7366598079430995,0.5847652598959179,false,2.101144800513922,0.9895592331886292
153903,DEAD_RECKONING,2.92,69253,3.5448918,-1.0570474908503447,1.8892802470503192,1.7801729391353074,0.809027827631875,false,2.634365130144954,0.9895592331886292
154044,DEAD_RECKONING,2.92,69454,3.5448918,-1.17219514900732,2.0571024332729104,2.6043950528314164,0.4462478536643512,false,3.669801421647807,0.8082126379013062
154113,DEAD_RECKONING,2.92,69454,3.5448918,-1.4259139400537233,2.1173841708760346,3.0837592477469036,0.6027182423782859,false,4.367729484607311,0.8082126379013062
154252,DEAD_RECKONING,2.92,69655,3.5448918,-1.5423055436523108,2.099570516729713,1.5756773339130965,0.3959531483896573,false,0.9813710983169813,0.6945480704307556
154325,DEAD_RECKONING,2.92,69655,3.5448918,-1.559722696152539,2.0109633088502443,1.0598887427686638,0.3276586912062842,false,1.576601952951764,0.3750583231449127
154393,DEAD_RECKONING,2.92,69655,3.5448918,-0.9808638414172005,2.2126255751583104,0.5240836024833182,0.34352999476949697,false,0.7064576669759273,0.3750583231449127
154533,DEAD_RECKONING,2.92,69855,3.5448918,-1.0038679609724068,2.155053143442568,0.6183478126926106,0.2389587909473506,false,0.7935959213337707,0.44271448254585266
154609,DEAD_RECKONING,2.92,70055,3.5448918,-1.201835934852819,2.0610327454490216,0.793009687127359,0.33778455520042583,false,1.1809869116242608,0.44271448254585266
154744,DEAD_RECKONING,2.92,70055,3.5448918,-1.2163570208084422,1.9413634170019543,1.2428697210113488,0.26182993480099603,false,2.0752448325184267,0.22889703512191772
154814,DEAD_RECKONING,2.92,70256,3.5448918,-1.2604220653051246,1.9016916247746183,0.7296793774030113,0.42208051950364317,false,0.8813974165754997,0.5513119697570801
154958,DEAD_RECKONING,2.92,70256,3.5448918,-1.2576871689773603,1.8825199482700445,0.19505748223250907,0.06159991556599437,false,0.4933338939563492,0.31448426842689514
155025,DEAD_RECKONING,2.92,70460,3.5448918,-1.322045464141656,1.909455745365017,0.7229015120069704,0.1770033515794979,false,1.373384986465194,0.31448426842689514
155095,DEAD_RECKONING,2.92,70460,3.5448918,-1.3273551946553792,1.9109891230724871,0.18182725175625222,0.25300448865263575,false,0.601514856574302,0.31448426842689514
155235,DEAD_RECKONING,2.92,70660,3.5448918,-1.3659857858971314,1.9022190060186748,0.5294855432853938,0.27482610213034075,false,0.9113826047594654,0.32969751954078674
155307,DEAD_RECKONING,2.92,70660,3.5448918,-1.4692024371692547,1.7675074950111809,0.8833835470253705,0.13458826392018944,false,1.4920405548650142,0.030882755294442177
155444,DEAD_RECKONING,2.92,70866,3.5448918,-1.4845136688634306,1.7388472653779379,1.1216180829875595,0.15611579842002166,false,1.4107642540022576,0.2020729035139084
155516,DEAD_RECKONING,2.92,70866,3.5448918,-1.527633256128684,1.641797832021533,1.0759514869664129,0.1797076933866743,false,1.1846854755204064,0.2020729035139084
155656,DEAD_RECKONING,2.92,71067,3.5448918,-1.5091850458866234,1.4536091761146475,2.1392529110037555,0.23186285029723117,false,3.156152687177038,0.4762805104255676
155725,DEAD_RECKONING,2.92,71067,3.5448918,-1.5413272676234857,1.3414561590707723,1.32953186609361,0.36499701595004086,false,0.9544154461880021,0.4762805104255676
155796,DEAD_RECKONING,2.92,71067,3.5448918,-1.422995043563554,1.3813651708499914,0.8560425429004211,0.07177726177279456,false,0.9311535550558246,0.16850826144218445
155937,DEAD_RECKONING,2.92,71267,3.5448918,-1.3681895317332162,1.3723696029523378,0.931612256637452,0.20510338639582792,false,1.543390374261744,0.413420706987381
156007,DEAD_RECKONING,2.92,71267,3.5448918,-1.3179691569862206,1.3219957957033206,2.271083246928737,0.320992139275772,false,4.608763281438593,0.413420706987381
156148,DEAD_RECKONING,2.92,71467,3.5448918,-1.289889665310308,1.3668434297271577,1.0670714659098022,0.2836187522372193,false,1.1633509756952847,0.3272048532962799
156222,DEAD_RECKONING,2.92,71667,3.5448918,-1.2990730462436062,1.3856489158433947,0.5668549684536323,0.3006970622279365,false,1.753076892292695,0.3272048532962799
156358,DEAD_RECKONING,2.92,71667,3.5448918,-1.2867217022647415,1.4257545278609005,2.0323521446657917,0.36724690124833603,false,3.2133241040776843,0.4395535886287689
156428,DEAD_RECKONING,2.92,71867,3.5448918,-1.3780993633987637,1.5752370131609594,1.978734966402161,0.8565199993439682,false,2.9262610613043267,1.3499852418899536
156498,DEAD_RECKONING,2.92,71867,3.5448918,-1.6157115071322083,1.7913414264555017,4.5213308681852205,1.128576853021452,false,7.632814910857615,1.3499852418899536
156639,DEAD_RECKONING,2.92,72067,3.5448918,-1.8307908833635154,1.9924896180459772,3.063949785109002,0.6280426076718262,false,3.420750592480515,0.30685263872146606
156709,DEAD_RECKONING,2.92,72067,3.5448918,-0.592711842053511,2.33559865233662,1.452842380806033,0.42852206571603335,false,1.97091123725472,0.30685263872146606
156852,DEAD_RECKONING,2.92,72267,3.5448918,-0.5702486812261468,2.409616305958929,1.3270012957034028,0.6974513485640137,false,3.296428635072446,1.521878719329834
156920,DEAD_RECKONING,2.92,72267,3.5448918,-0.5319019234759121,2.4110216241167626,0.4158635374430634,0.7541590367721187,false,1.3756492145636612,0.8181935548782349
157059,DEAD_RECKONING,2.92,72467,3.5448918,-0.6949946888133576,2.3843433409973485,1.8243896714897287,0.4157801996889765,false,3.498122095887638,0.2980518639087677
157129,DEAD_RECKONING,2.92,72467,3.5448918,-0.7460868930318754,2.2841512402856163,1.4928745653232682,0.3176421076512716,false,1.9890143066835761,0.2980518639087677
157206,DEAD_RECKONING,2.92,72467,3.5448918,-1.066901009749799,1.9884074212943643,1.2551844184685113,0.2723509500392297,false,1.523957015604709,0.42277947068214417
157341,DEAD_RECKONING,2.92,72680,3.5448918,-1.0634363825320363,1.8927326229210928,1.5564830616914633,0.3445918415665681,false,2.0425314194683786,0.42277947068214417
157411,DEAD_RECKONING,2.92,72680,3.5448918,-1.0885931435113512,1.9375073014770463,0.5528695987432991,0.4139197878502869,false,2.105266643332224,0.4733205735683441
157551,DEAD_RECKONING,2.92,72881,3.5448918,-1.1724118113529292,1.9829221544657436,1.0768453344849822,0.19403242288322858,false,1.7000479084985016,0.12896254658699036
157623,DEAD_RECKONING,2.92,72881,3.5448918,-1.2017387993527093,1.9655133517904795,0.38941378534729504,0.12901078878288372,false,0.6878715751386395,0.12896254658699036
157767,DEAD_RECKONING,2.92,73081,3.5448918,-1.1646822259643512,2.022844651394537,0.6278652301212693,0.10749506289665094,false,1.1543497827488014,0.09490568190813065
157836,DEAD_RECKONING,2.92,73289,3.5448918,-1.1740847167316673,1.9969496508049558,0.316863274004447,0.033463898911784536,false,0.588398306183249,0.030530573800206184
157905,DEAD_RECKONING,2.92,73289,3.5448918,-1.1794145408292387,1.9784342521964149,0.21718290148431632,0.011471502660790075,false,0.1928123726614459,0.030530573800206184
158045,DEAD_RECKONING,2.92,73492,3.5448918,-1.202032796854827,1.9810612186018737,0.8904245132110585,0.26412707317532363,false,1.5536366145346376,0.46899643540382385
158115,DEAD_RECKONING,2.92,73492,3.5448918,-1.1931367466359708,1.8950302485004589,0.956372799296641,0.37833395274735443,false,1.5597898843314448,0.46899643540382385
158254,DEAD_RECKONING,2.92,73693,3.5448918,-1.176131148848123,1.8072096064214485,0.9615486514340832,0.4226809130830228,false,1.3378455950694468,0.5331182479858398
158325,DEAD_RECKONING,2.92,73693,3.5448918,-1.1360814427955421,1.7488126238461823,0.7248239127478302,0.3715664762761747,false,0.844560943075927,0.38354289531707764
158465,DEAD_RECKONING,2.92,73893,3.5448918,-1.1260395579288296,1.7399700454393725,0.3023445581989938,0.3722891256230475,false,0.7009685460512526,0.38354289531707764
158534,DEAD_RECKONING,2.92,73893,3.5448918,-1.1799727503772743,1.7198072929902954,0.49345329596144966,0.345763345425643,false,1.112158959258763,0.3463033437728882
158605,DEAD_RECKONING,2.92,73893,3.5448918,-1.235910109848773,1.8013358526446985,1.0570218866770755,0.34361273816414256,false,1.929548657387414,0.3463033437728882
158747,DEAD_RECKONING,2.92,74094,3.5448918,-1.2872322443185087,1.7789431241537625,0.6296379982760609,0.31181631182807196,false,1.0978548516821733,0.3293313682079315
158816,DEAD_RECKONING,2.92,74094,3.5448918,-1.1405013665715429,1.846665956912358,0.22886803430747482,0.28832608784444286,false,0.6867241451237338,0.37447524070739746
158956,DEAD_RECKONING,2.92,74295,3.5448918,-1.1164278001705839,1.9000587930242585,0.3628998939419263,0.32788976892482685,false,0.774399257260476,0.37447524070739746
159026,DEAD_RECKONING,2.92,74295,3.5448918,-1.1301705086091625,1.9065902905987606,0.1528776743369385,0.16186115375855517,false,0.14979459903065673,0.17647422850131989
159165,DEAD_RECKONING,2.92,74495,3.5448918,-1.2287235164819115,1.9715258981137656,1.779594130515474,0.27732460694345634,false,3.125727531439023,0.46767646074295044
159235,DEAD_RECKONING,2.92,74495,3.5448918,-1.2966717683290014,2.136939326068288,2.3667483199020203,0.38063741662038736,false,3.0274777312664365,0.46767646074295044
159305,DEAD_RECKONING,2.92,74709,3.5448918,-0.9786029445504145,2.5271226780132117,2.517268176559751,0.11700798926354893,false,3.393221636046716,0.10042602568864822
159450,DEAD_RECKONING,2.92,74709,3.5448918,-1.0038179000172474,2.4599765926352464,1.2408331096595633,0.10477757019161597,false,3.6286493717994843,0.1600233018398285
159517,DEAD_RECKONING,2.92,74909,3.5448918,-1.1165994053658788,2.2280449050862345,1.597582602891539,0.13153867786403706,false,2.786083261371589,0.1600233018398285
159657,DEAD_RECKONING,2.92,75109,3.5448918,-1.122627319213416,2.1201153729836677,1.395698889312033,0.4058198351687765,false,1.6657800368849403,0.6439685225486755
159728,DEAD_RECKONING,2.92,75109,3.5448918,-1.1904180144766767,1.9853077473923384,1.5764392111145007,0.5380991992797021,false,2.484057798189013,0.6439685225486755
159867,DEAD_RECKONING,2.92,75309,3.5448918,-1.271119465071885,1.8540622603415935,1.6639559236045276,0.4067395323632066,false,1.749247978873028,0.6306031346321106
159937,DEAD_RECKONING,2.92,75309,3.5448918,-1.3136775727355197,1.691734108744791,1.846474333399828,0.38351071283398874,false,2.0710712616191684,0.43173453211784363
160010,DEAD_RECKONING,2.92,75309,3.5448918,-0.7547003627923493,1.965787378409447,1.0683991307118612,0.4038774654705129,false,2.261945973613199,0.43173453211784363
160147,DEAD_RECKONING,2.92,75509,3.5448918,-0.8039739930866244,2.038988760302834,0.9212852455633634,0.36703593855120936,false,1.3083402623287514,0.3931543231010437
160218,DEAD_RECKONING,2.92,75509,3.5448918,-0.40127498394986144,2.286456631924193,1.838014553183153,0.37570857387988416,false,2.798278421211993,0.3931543231010437
160360,DEAD_RECKONING,2.92,75720,3.5448918,-0.4740750367482151,2.4784777499525235,2.462751331303395,0.26068228235526586,false,3.2661802692823847,0.7198582887649536
160428,DEAD_RECKONING,2.92,75720,3.5448918,-0.49845870127361175,2.5501252482056733,1.0904617360273445,0.5370352201412718,false,0.4766186607677592,0.9255066514015198
160569,DEAD_RECKONING,2.92,75920,3.5448918,-0.44115782467802944,2.37869220837406,1.8135230542837226,0.37853905992919745,false,3.9555188558448595,0.309207558631897
160644,DEAD_RECKONING,2.92,75920,3.5448918,-0.37017387427198334,2.224900435575116,1.8274634512797923,0.33066734894648325,false,2.1420316277614675,0.309207558631897
160710,DEAD_RECKONING,2.92,76121,3.5448918,-0.7332825276607842,2.3599570331672908,2.5515629549779244,0.3166115849639387,false,5.9278624693749045,0.309207558631897
160849,DEAD_RECKONING,2.92,76121,3.5448918,-0.7291514710313658,2.3817941007590266,0.7490916056114949,0.3409945618070181,false,1.7959566152378335,0.4035988748073578
160919,DEAD_RECKONING,2.92,76321,3.5448918,-0.7014604889508868,2.291340717087979,2.3315491255102465,0.36703812105798933,false,4.743362841441227,0.8173187971115112
161060,DEAD_RECKONING,2.92,76321,3.5448918,-0.6716112927609338,2.3020092865220323,2.7034647835456616,0.39231475135728383,false,3.526249580644964,0.4720495939254761
161130,DEAD_RECKONING,2.92,76522,3.5448918,-0.6043548216477588,2.3704214114465607,1.0400101620492248,0.43182706615902444,false,2.0476197471490902,0.4720495939254761
161276,DEAD_RECKONING,2.92,76722,3.5448918,-0.6607157495337216,2.4346592214811333,3.310344311105904,0.46403170628129425,false,6.283158323550905,0.9656734466552734
161349,DEAD_RECKONING,2.92,76722,3.5448918,-0.643065139336099,2.5062744784986024,0.7691194711412686,0.7344303241738337,false,2.3959184105877216,0.9656734466552734
161425,DEAD_RECKONING,2.92,76722,3.5448918,-0.6595662094702917,2.504841730654861,0.9725106153346943,0.270273100900989,false,2.034576040855252,0.7862372994422913
161576,DEAD_RECKONING,2.92,76928,3.5448918,-0.6158693671395146,2.55773568441915,1.3476489822768454,0.40728718277608755,false,1.869889205869447,0.5817844867706299
161625,DEAD_RECKONING,2.92,76928,3.5448918,-0.15186021684798912,2.518141751241852,1.4639488421920759,0.5013063483866956,false,2.5436940691466976,0.5817844867706299
161713,DEAD_RECKONING,2.92,77129,3.5448918,-0.023107152621116872,2.350432574368953,2.5724294410620168,0.47513454203395944,false,4.007429241830601,0.6119021773338318
161813,DEAD_RECKONING,2.92,77129,3.5448918,0.029512263991734462,2.364133668037494,0.5813734060277577,0.3907433820643345,false,2.206073802155588,0.37469154596328735
161912,DEAD_RECKONING,2.92,77330,3.5448918,0.034641916239089736,2.418655204046224,1.012970834867726,0.06848295765601688,false,1.6483929648531122,0.3618476688861847
162013,DEAD_RECKONING,2.92,77330,3.5448918,0.09367193703530469,2.3893292765986756,0.6579540574495663,0.16543577118603975,false,1.572405194831009,0.2589871287345886
162112,DEAD_RECKONING,2.92,77531,3.5448918,-0.5447126983947645,2.162738124064738,0.6987019323177782,0.23470613335657423,false,0.8191172828070018,0.29598569869995117
162213,DEAD_RECKONING,2.92,77531,3.5448918,-0.5024309108600522,2.1045303683984344,0.9714286925114917,0.3123792973567832,false,1.4452839645051208,0.39337989687919617
162313,DEAD_RECKONING,2.92,77731,3.5448918,-0.6165706297640416,1.9488438307214215,1.2299395345646373,0.13717598248531396,false,1.5273713618051616,0.31518593430519104
162413,DEAD_RECKONING,2.92,77731,3.5448918,-0.5999660400053216,1.9142949862218475,0.5208163440159781,0.14568434027084304,false,1.0077273291184257,0.23991276323795319
162513,DEAD_RECKONING,2.92,77931,3.5448918,-0.7097390345223185,1.8743296020862026,0.46161705296325367,0.18409259366650968,false,0.6391250674314114,0.2735370993614197
162614,DEAD_RECKONING,2.92,77931,3.5448918,-0.7200679954216727,1.9469159625475863,0.731253167894024,0.10801106275026166,false,1.3488361952041228,0.0813559740781784
162714,DEAD_RECKONING,2.92,78132,3.5448918,-0.7351369440707789,2.0795172568413114,1.4815857759402635,0.12326884891760127,false,2.1538060459861934,0.16595794260501862
162814,DEAD_RECKONING,2.92,78132,3.5448918,-0.732392768504295,2.285347590724497,2.031009206330741,0.1450219493464654,false,2.5081660671101744,0.24265041947364807
162914,DEAD_RECKONING,29.492,509,,-0.776864691404222,2.4487034489636543,1.6888847311490833,0.055079273547531865,false,1.5503607911597557,0.10593721270561218
163015,DEAD_RECKONING,29.492,509,,-0.8596445807976557,2.4533565805404294,0.3734001738566872,0.06077592344620747,false,0.8920046443522932,0.13670356571674347
163117,DEAD_RECKONING,29.492,710,,-0.8180975927239585,2.3004294025655323,1.6807974933301506,0.29226319313650534,false,3.2090953940399856,0.500460147857666
163220,DEAD_RECKONING,29.492,710,,-0.7838349013890177,2.2975649803608307,0.5844177709664526,0.20456115994531243,false,1.4035328687513664,0.5082516670227051
163317,DEAD_RECKONING,29.492,910,,-0.803458236288407,2.4385149979237686,1.4193543784590748,0.21495625353308717,false,2.7093815319221815,0.31856924295425415
163417,DEAD_RECKONING,29.492,910,,-0.845336998073285,2.5946750602223045,1.6229604909184885,0.31795110842534474,false,1.8115242075618518,0.4094370901584625
163516,DEAD_RECKONING,29.492,1119,,-1.0285085202325108,2.6014291095248416,0.8002490328991596,0.3040647124066598,false,0.42765491725862037,0.4075161814689636
163619,DEAD_RECKONING,29.492,1119,,-0.9788881493557887,2.5097714882349895,1.1502138527328352,0.29259488410577955,false,2.571784199597608,0.3311189115047455
163717,DEAD_RECKONING,29.492,1319,,-0.9464290963329846,2.3386696059959577,2.31876024593988,0.27556840265664734,false,3.7132823891977345,0.3186914622783661
163818,DEAD_RECKONING,29.492,1319,,-0.9555241347456268,2.248024816604402,1.0302903973678803,0.08412430891762239,false,2.10828013350732,0.2766437828540802
163919,DEAD_RECKONING,29.492,1520,,-0.7913817175636225,2.5317810986287914,3.6858546568464385,0.3680194519440008,false,6.738092385579547,0.6619266271591187
164018,DEAD_RECKONING,29.492,1520,,-0.8533332032981524,2.757176326264911,2.3766658336757853,0.7377448945025777,false,2.8669898727990613,1.0342719554901123
164118,DEAD_RECKONING,29.492,1726,,-0.8688816284118528,2.8794063194356734,1.8764262659546214,0.36270644800615615,false,2.945453923564772,0.12111135572195053
164219,DEAD_RECKONING,29.492,1726,,-0.8117045079054274,2.8678798938511108,0.8653319042037241,0.26107038069644106,false,1.6405202883302277,0.20176169276237488
164321,DEAD_RECKONING,29.492,1930,,-0.7849504505575532,2.9118726291848644,1.1734067873309937,0.2066156014773587,false,2.5565953808145636,0.22998933494091034
164420,DEAD_RECKONING,29.492,1930,,-0.8196374961080145,3.043395728964893,1.426087271585379,0.06926534983483083,false,2.1710517861029692,0.13133099675178528
164526,DEAD_RECKONING,29.492,2131,,-0.818194279097243,3.15629529099476,1.4788065485345487,0.13096223776143953,false,2.3077509076303313,0.21200759708881378
164620,DEAD_RECKONING,29.492,2131,,-0.7801735980594471,3.1608531720311115,0.7250914596251945,0.16945858841923908,false,1.1070838192358337,0.23795229196548462
164722,DEAD_RECKONING,29.492,2332,,-0.7801182389769126,3.1036889644930006,0.9167727231162175,0.03235032830798796,false,2.0900323821191127,0.13234765827655792
164820,DEAD_RECKONING,29.492,2332,,-0.7962011570059209,3.0659110433921524,0.5015990136424104,0.08237986159480812,false,0.3679989315912174,0.15279047191143036
164921,DEAD_RECKONING,29.492,2532,,-0.7937735234641395,3.0342471617170874,0.3536631693664577,0.16777980035363654,false,0.6024616725966493,0.2359040379524231
165021,DEAD_RECKONING,29.492,2532,,-0.5404309707132927,3.033099670590411,0.4630173731012192,0.21109343317098725,false,0.633180034891908,0.32899466156959534
165136,DEAD_RECKONING,18.546,158,0.5945042,-0.5418933349295931,2.988501701683378,0.5032464861470717,0.10535812786673958,false,0.6707606551608284,0.12331028282642365
165221,DEAD_RECKONING,18.546,158,0.5945042,-0.3722938108502659,2.9712036286211094,1.367029124871545,0.16123533192215087,false,2.1941372973606934,0.24631823599338531
165324,DEAD_RECKONING,18.546,358,0.5945042,-0.3246716044281428,2.872729357256672,1.1619261645384398,0.034014430300065034,false,1.7069973456127194,0.0958261489868164
165423,DEAD_RECKONING,18.546,358,0.5945042,-0.36497344783781693,2.898608079633603,1.0188068404202342,0.4784061485668121,false,2.5455014261720965,0.8422012329101562
165525,DEAD_RECKONING,18.546,558,0.5945042,-0.32158112213749174,3.0089409350507235,1.0607017877367233,0.1862905352526848,false,1.901893927019883,0.6224718689918518
165625,DEAD_RECKONING,18.546,558,0.5945042,-0.27430282544976947,3.1026063976618223,1.046901329907369,0.3376350062580439,false,1.1621031128827424,0.5073553323745728
165724,DEAD_RECKONING,18.546,758,0.5945042,-0.25048846709110895,3.0919969495024535,0.2600366386442417,0.1909405089185105,false,0.9328354526787179,0.12256896495819092
165827,DEAD_RECKONING,18.546,758,0.5945042,-0.2605169921137758,3.020857673205818,0.7209360951627782,0.2664716064833363,false,1.2527550821588216,0.3506341874599457
165926,DEAD_RECKONING,18.546,959,0.5945042,-0.22666978375719127,2.961542851575389,0.9181127466959459,0.08449138612512161,false,1.4422458386566264,0.2789652645587921
166029,DEAD_RECKONING,18.546,959,0.5945042,-0.16714658473598445,2.920948718443958,0.461648554145644,0.4233485097233856,false,0.578123110938121,0.717484176158905
166125,DEAD_RECKONING,18.546,1169,0.5945042,-0.21997502521130183,2.9626049613014875,1.0184450231147555,0.5885784286299482,false,2.0589268531097398,0.7335749268531799
166365,DEAD_RECKONING,18.546,1169,0.5945042,-0.05013942796062851,3.3313296979409985,2.155717763874099,0.38159962369758416,false,3.083442662284755,0.7623171806335449
166434,DEAD_RECKONING,18.546,1439,0.5945042,-0.09568918282976163,3.4506023381764654,1.3735139750154965,0.28473116371118606,false,0.9650592888142446,0.2816559076309204
166534,DEAD_RECKONING,18.546,1439,0.5945042,0.041287989579779555,3.4688593282122837,1.606725711388669,0.4836753780601695,false,2.5715713963257123,0.6957013607025146
166638,DEAD_RECKONING,18.546,1640,0.5945042,0.14489107023751951,3.3436266765714686,1.7327717571501908,0.4431445023308064,false,2.5445496087211152,0.4284937083721161
166734,DEAD_RECKONING,18.546,1640,0.5945042,-0.832406476919003,2.9849979913652165,0.9654295031281175,0.14063472099646307,false,1.577473974186535,0.2292415201663971
166829,DEAD_RECKONING,14.497,238,2.4387538,-0.8399415493403812,2.9660052407484967,0.22683135344453917,0.13828123224075567,false,0.6783750058901881,0.20128263533115387
166929,DEAD_RECKONING,14.497,238,2.4387538,-0.8554025849710406,2.9939937845967326,0.46861676604427654,0.18500890027149217,false,0.8712504882722875,0.3363606929779053
167031,DEAD_RECKONING,14.497,438,2.4387538,-0.8598888370588718,3.097535383877445,1.1527938216706695,0.26890578377692714,false,1.7534074663371157,0.5926114320755005
167130,DEAD_RECKONING,14.497,438,2.4387538,-0.9273841975604401,3.1652550677959934,1.047354824445658,0.09356602006930656,false,1.7100405633593405,0.1935543417930603
167231,REACQUISITION,14.497,638,2.4387538,-0.5277340389026202,3.3201278999740347,0.9304720143075904,0.14469666539820009,false,1.0855766922811858,0.2036685049533844
167332,REACQUISITION,14.497,638,2.4387538,-0.56529723177007,3.4007191821170024,0.9985753185002755,0.06028164417401241,false,1.3786891616605343,0.08400631695985794
167429,REACQUISITION,14.497,839,2.4387538,-0.6151955214675766,3.4016412955316957,0.37526195961759445,0.16054031386153614,false,0.9212478782775491,0.2782033681869507
167532,REACQUISITION,14.497,839,2.4387538,-0.6226751260661877,3.4232643150834448,0.6579696391648665,0.1478461698675114,false,0.9960176752782027,0.15316377580165863
167629,REACQUISITION,14.497,1041,2.4387538,-0.5952321100136273,3.459009039935857,0.6217247318926006,0.13292328241478976,false,0.9106498677583148,0.20595821738243103
167728,REACQUISITION,14.497,1041,2.4387538,-0.607417647543379,3.385295174915363,0.7826630798785715,0.039584319711827756,false,1.5216237945982125,0.13318392634391785
167830,REACQUISITION,6.2,252,3.0507586,-0.42212986674941816,3.3608056673497,0.6472177084741843,0.09853877437158359,false,1.024394386765291,0.18645799160003662
167930,REACQUISITION,6.2,252,3.0507586,-0.3792906845021527,3.3219119889668933,0.5771477368618427,0.2564931724939992,false,0.8805395001588474,0.3923432230949402
168030,REACQUISITION,6.2,453,3.0507586,-0.3815276716396319,3.139561878537212,1.8378850726128302,0.186019111408061,false,3.014744010410963,0.346449077129364
168193,REACQUISITION,6.2,453,3.0507586,-0.32198845295692835,3.0316269388532318,1.267560678816936,0.3343386921423197,false,1.4116794529131664,0.5876653790473938
168229,REACQUISITION,6.2,654,3.0507586,-0.34023274338809556,3.0115286665945087,0.24485618995204367,0.10743378938714931,false,0.8558904046278369,0.39435064792633057
168329,REACQUISITION,6.2,654,3.0507586,-0.30928780585312443,3.126013249950596,1.2041009809396015,0.13208284878751306,false,2.262779250666553,0.20013175904750824
168438,GNSS_AIDED,6.2,854,3.0507586,-0.017909686929897365,0.12713325864742964,1.4210049558772175,0.3148293277972732,false,1.6575637909037464,0.657651424407959
168530,GNSS_AIDED,6.2,854,3.0507586,-0.017360908700385674,0.11881433429837003,1.2905870869977587,0.1252695351664597,false,1.6675577878859735,0.3532651662826538
168631,GNSS_AIDED,6.2,1054,3.0507586,-0.01023441960577992,0.07101282356351453,1.3096233067337124,0.19604397725849815,false,1.6188991570065212,0.2829354703426361
168730,GNSS_AIDED,6.2,1054,3.0507586,-0.019908499155699602,-0.062298061823182545,0.71864997147665,0.06306665563377575,false,1.960443397934417,0.18624886870384216
168831,GNSS_AIDED,5.65,256,3.6545277,-9.107210328833726E-4,0.015157958832131292,0.2921099613667235,0.16424239797998486,false,0.8203134861315021,0.25008106231689453
168931,GNSS_AIDED,5.65,256,3.6545277,0.01325111121802146,0.005783697373528574,0.46180352806253594,0.2692730109079259,false,1.0070115701641402,0.42701631784439087
169032,GNSS_AIDED,5.65,457,3.6545277,0.002439019565627432,-0.023592479262773684,0.709226409793079,0.12824552995826058,false,0.9531687220127968,0.1025787815451622
169132,GNSS_AIDED,5.65,457,3.6545277,-1.6298130868463976E-4,0.001381614571029677,0.29973896970286823,0.10428833474735569,false,0.30502877618570423,0.10187052190303802
169232,GNSS_AIDED,5.65,657,3.6545277,0.009553666542546082,-0.013507510031386559,0.3719258539780791,0.058063034622540415,false,0.8327153745488274,0.12122557312250137
169333,GNSS_AIDED,5.65,657,3.6545277,-0.030402682102016604,-0.005959299047103316,0.36753498274039104,0.12344903595816946,false,0.8775237163881565,0.23558612167835236
169437,GNSS_AIDED,5.65,857,3.6545277,-0.07414617691840081,0.03821269172231523,0.8722742185973463,0.16231553586155878,false,1.3455278494326977,0.22219198942184448
169537,GNSS_AIDED,5.65,857,3.6545277,0.014535262172553803,-0.0777675123788008,0.8221700769418773,0.32245047832735674,false,1.9114420977353734,0.6518034338951111
169636,GNSS_AIDED,5.65,1058,3.6545277,0.013357375680487487,-0.0663924721644698,0.6808161998236267,0.029669168635918404,false,0.6301939262722465,0.26278960704803467
169736,GNSS_AIDED,5.65,1058,3.6545277,-0.002831444367733558,-0.18327558646201833,1.8645724376278787,0.20092562664263935,false,2.8314335320989397,0.35029906034469604
169836,GNSS_AIDED,5.24,261,4.0863795,-0.02942513990686125,0.037347760151911484,0.7118964655097458,0.3519062246295806,false,2.5079934194054436,0.7846393585205078
169936,GNSS_AIDED,5.24,261,4.0863795,-0.027449449384732448,0.1173267760198048,1.2095455358286542,0.47507182221133537,false,1.9400018552982896,0.7080668210983276
170035,GNSS_AIDED,5.24,461,4.0863795,-0.04251266868247425,0.16737376885679028,2.7451021794526085,0.22830241969757223,false,4.293225047415648,0.08985233306884766
170136,GNSS_AIDED,5.24,461,4.0863795,0.02032649076988686,-0.023039035168763662,0.33466069355343303,0.40046281112428606,false,2.647730291246971,0.7721237540245056
170236,GNSS_AIDED,5.24,662,4.0863795,0.018776046745899975,-0.05823535555761594,2.4634141468210267,0.6062034262426478,false,4.473797641349333,1.1540937423706055
170336,GNSS_AIDED,5.24,662,4.0863795,-0.08190058199336744,0.008266388809734801,1.5049497617769647,0.40881588009547437,false,2.7096624912906533,0.6714896559715271
170435,GNSS_AIDED,5.24,863,4.0863795,-0.05294515024326311,-0.04129085567641021,0.7576836474388436,0.30309470267454824,false,1.8480352628301422,0.3709370493888855
170547,GNSS_AIDED,5.24,863,4.0863795,-0.05063053863970702,0.048278757642792026,0.6988252472327674,0.29902789983129846,false,1.3033552305503846,0.31510698795318604
170636,GNSS_AIDED,5.24,1064,4.0863795,-0.019689484621458756,0.08260709057310325,1.079654768704993,0.31603751677640407,false,1.6064185891825864,0.3466343879699707
170737,GNSS_AIDED,5.24,1064,4.0863795,-0.017448868088335855,0.07403966298361589,1.0076677825682583,0.3118999117064052,false,1.1075203489297134,0.347858190536499
170837,GNSS_AIDED,4.38,263,4.033878,-0.0663938213031603,-0.025302020794019386,0.7086821187039436,0.3159646254948309,false,1.1793375513088002,0.336495578289032
170937,GNSS_AIDED,4.38,263,4.033878,-0.0030053943940518122,-0.1225491171642575,1.255133231331089,0.27755829446621544,false,2.1078148741354346,0.31477978825569153
171037,GNSS_AIDED,4.38,463,4.033878,0.04644356363140763,-0.1303493005658117,1.4824397321569551,0.27652787066255574,false,1.7721901621835061,0.28516727685928345
171137,GNSS_AIDED,4.38,463,4.033878,8.356066346283509E-4,-0.011140547779163689,0.4422221499082116,0.09888534742139954,false,1.100519416987891,0.324636846780777
171238,GNSS_AIDED,4.38,663,4.033878,-6.087608593195884E-4,0.07469733691290202,0.8158834160381258,0.15087677076767886,false,1.4727521644527921,0.19521349668502808
171338,GNSS_AIDED,4.38,663,4.033878,-0.0013503820165559307,0.1476708305246201,1.5222727845297064,0.2194583882738825,false,2.094314521609997,0.3561272919178009
171439,GNSS_AIDED,4.38,868,4.033878,0.0309561769195387,0.052773360222858466,0.940095424533899,0.11639398606288147,false,1.15082748046619,0.25208157300949097
171539,GNSS_AIDED,4.38,868,4.033878,0.0026107542739607563,0.11294108468349948,1.668435797369914,0.49137847116585515,false,3.241498205107004,0.9100973606109619
171643,GNSS_AIDED,4.38,1068,4.033878,-0.10843981862306229,0.22906491083905192,2.6370118714354236,0.37200457215128113,false,3.6219759797900983,0.30965399742126465
171738,GNSS_AIDED,4.38,1068,4.033878,-0.011281550857936475,0.17296339744441547,1.729412785502397,0.4500107267096984,false,1.5942590387754543,0.5393787622451782
171839,GNSS_AIDED,3.7,269,4.0812325,0.01067872698738666,0.0796536386289006,0.9330489095725907,0.4833062817276608,false,0.8659413162030601,0.5109801888465881
171939,GNSS_AIDED,3.7,269,4.0812325,-0.007878715325784411,0.07763713814435284,0.9742002687676344,0.29617062779839126,false,1.6343362928914402,0.2696012854576111
172039,GNSS_AIDED,3.7,470,4.0812325,0.022432526663715275,0.03586702338934165,0.45590285571727585,0.22602631403448778,false,0.4897081066411366,0.5994241833686829
172139,GNSS_AIDED,3.7,470,4.0812325,0.009207304583723635,0.08879838903362598,1.018975278372579,0.2879842174085355,false,1.4676034045583402,0.3834342956542969
172239,GNSS_AIDED,3.7,670,4.0812325,0.008670504298376293,0.09552963614804702,1.182560754860418,0.44250795272543575,false,1.486603379014773,0.5881385803222656
172341,GNSS_AIDED,3.7,670,4.0812325,-0.0016675110637802443,-0.01598798778065295,0.7264180162494395,0.33724812598161924,false,1.2961703456121014,0.26984289288520813
172440,GNSS_AIDED,3.7,871,4.0812325,-0.007541006339068442,-0.06445056627994974,0.8759847449250651,0.18096042722347572,false,1.2553000109531027,0.15181830525398254
172546,GNSS_AIDED,3.7,871,4.0812325,-0.0025203113853414895,-0.02406347502113771,0.4516655835552138,0.1051141625704773,false,0.30298270339929584,0.10010406374931335
172645,GNSS_AIDED,3.7,1071,4.0812325,-0.007838976216522369,0.020096367312347877,0.2534815434496241,0.10400928439744822,false,0.7788170702170111,0.10393927246332169
172744,GNSS_AIDED,3.7,1071,4.0812325,-0.045156319679508984,-0.16445330823153556,2.0392850126015065,0.22578351121213613,false,3.7183595892320933,0.3518427014350891
172844,GNSS_AIDED,3.55,275,3.8146064,-0.08802114243369473,-0.17868749166279163,2.5875880590309315,0.15510932437478983,false,3.066315828614283,0.41524648666381836
172945,GNSS_AIDED,3.55,275,3.8146064,-0.005436414288907663,-0.1882749460616449,1.9532787735294692,0.14258861703303005,false,2.074312556339686,0.1623697429895401
173044,GNSS_AIDED,3.55,475,3.8146064,-0.017877987698618415,-0.031611955317289483,1.0440802481489362,0.17479420191308442,false,2.385245915355745,0.22268018126487732
173144,GNSS_AIDED,3.55,475,3.8146064,-0.01723660605858516,-0.11731898399003085,1.4281336364845156,0.4934498678509239,false,2.242674316449261,0.8117437362670898
173244,GNSS_AIDED,3.55,676,3.8146064,-0.07358597994758045,0.05213156997252624,1.4267565946813634,0.16561672343854117,false,2.900107324605896,0.586768388748169
173344,GNSS_AIDED,3.55,676,3.8146064,0.04756069859454241,0.4327681369504624,4.368898132230751,0.7116709768683341,false,7.669005546152717,1.198171615600586
173445,GNSS_AIDED,3.55,877,3.8146064,0.011242478008438828,0.27403186435637406,3.0758341698166354,0.40103663273993856,false,2.60595854490493,0.4538690149784088
173544,GNSS_AIDED,3.55,877,3.8146064,0.1299686807707114,0.13844360678538892,2.631517099687919,0.5957750551488998,false,3.124585614619268,0.9166600108146667
173647,GNSS_AIDED,3.55,1079,3.8146064,0.1393958511937167,0.08764973801100813,1.6743219100443516,0.43596276176043064,false,2.5515343790881384,0.5014127492904663
173744,GNSS_AIDED,3.55,1079,3.8146064,0.07951044311824844,0.15314488550367847,2.445956305338701,0.32518088725209743,false,3.9607103929320826,0.25685152411460876
173845,GNSS_AIDED,3.233,277,3.6807785,0.10378579917515908,0.00468417998248236,1.8796449066132397,0.24417671169661492,false,2.1987107341229217,0.28006410598754883
173946,GNSS_AIDED,3.233,277,3.6807785,-0.03025179271708031,-0.21921359414564084,2.207806308968917,0.5942423511398999,false,4.338915788482591,1.2318284511566162
174048,GNSS_AIDED,3.233,477,3.6807785,0.005287440309089203,0.15189519889963823,1.7390775109724312,0.12847940147952758,false,4.667093861050192,0.38261696696281433
174145,GNSS_AIDED,3.233,477,3.6807785,-0.01142052677576644,-0.13047377070202645,1.6891247894965553,0.4958141902862903,false,3.8469563852339563,0.8508256077766418
174250,GNSS_AIDED,3.233,677,3.6807785,-0.13862712981292974,-0.2952864223228423,3.2565071151640885,0.6053664769149351,false,4.998926907877854,0.6944434642791748
174346,GNSS_AIDED,3.233,677,3.6807785,-0.022992313659145332,-0.11568789456192045,1.4560059548335387,0.65967636921198,false,2.102843175574966,0.9599376320838928
174446,GNSS_AIDED,3.233,878,3.6807785,0.02828262718810817,-0.14491805293534366,2.292521027226854,0.3497393832672186,false,3.085857185373719,0.26809364557266235
174546,GNSS_AIDED,3.233,878,3.6807785,0.01351343517774535,-0.16284721643940256,1.6445014628579282,0.30069520975348923,false,2.0295876731476947,0.482183575630188
174646,GNSS_AIDED,3.233,1078,3.6807785,4.3666974966054674E-4,0.003239197412867892,2.632123602809945,0.4483644889036197,false,5.149762716769383,0.6578992605209351
174746,GNSS_AIDED,3.233,1078,3.6807785,-0.11811744584042962,-0.0675769895876123,1.3645045647169434,0.43983065593191367,false,2.989643766015394,0.7484920024871826
174846,GNSS_AIDED,2.88,282,3.7106326,0.005638401992909439,0.1313577487854434,2.4359627956190453,0.24817891049322965,false,4.705555782127296,0.7497062683105469
174947,GNSS_AIDED,2.88,282,3.7106326,0.11855527326948671,0.003789179657148536,1.5434823212329962,0.3516739121659221,false,2.2972792710211163,0.8107061982154846
175047,GNSS_AIDED,2.88,482,3.7106326,0.1128396773768391,0.24644394520254728,2.83530277013024,0.49603071466156945,false,4.571325244972265,1.038090467453003
175147,GNSS_AIDED,2.88,482,3.7106326,-0.01858012898659505,0.002285750363465593,1.4669650395355653,0.23775207296560633,false,3.9954641079589983,0.6257280111312866
175248,GNSS_AIDED,2.88,683,3.7106326,0.07119292960351084,-0.14614474656431425,1.8344255634366167,0.27453695857138743,false,4.02569091171322,0.35365134477615356
175348,GNSS_AIDED,2.88,683,3.7106326,0.03377572271242584,-0.309127707994441,3.1078696015754677,0.8086221203604785,false,4.495386299599285,1.2484571933746338
175448,GNSS_AIDED,2.88,883,3.7106326,0.10635329966277715,0.044301638795641356,1.505135460589089,0.3176670365142792,false,4.097307514414709,1.0216885805130005
175550,GNSS_AIDED,2.88,883,3.7106326,0.02330486734020865,0.01912192913945223,0.8341655476985308,0.366805106966794,false,2.2085032384319345,0.476032018661499
175654,GNSS_AIDED,2.88,1084,3.7106326,-0.019483255389639582,0.018217324893187524,0.6096325518864356,0.1725795645983374,false,0.6698873320518122,0.13626554608345032
175749,GNSS_AIDED,2.88,1084,3.7106326,-0.037643357742884485,0.09676081683087746,1.053943078559947,0.2417564826162932,false,1.8459398487429397,0.3278167247772217
175852,GNSS_AIDED,2.833,282,3.7142355,0.017525355332710744,0.06271750598847801,0.8293454082408837,0.3685167383332026,false,1.0451935197903952,0.49444273114204407
175954,GNSS_AIDED,2.833,282,3.7142355,0.03986483679606356,0.025385143572732777,0.709729673265993,0.3521863056719518,false,1.4779119233633433,0.6659963726997375
176052,GNSS_AIDED,2.833,482,3.7142355,0.06690251757556019,0.106504697568169,1.2877989927657185,0.4844236769447487,false,1.9213618090646327,0.6019136309623718
176155,GNSS_AIDED,2.833,482,3.7142355,0.0742223955939778,0.1060762876057428,1.2914150560879225,0.4939671922575486,false,1.3504019103271026,0.5352463722229004
176252,GNSS_AIDED,2.833,683,3.7142355,0.05432250665988191,0.04995596290300457,0.7787950581353179,0.5298197607011605,false,0.5852336498302486,0.5755842328071594
176354,GNSS_AIDED,2.833,683,3.7142355,0.050136527503256346,0.03184504417472181,0.5967783034433485,0.5201071265947914,false,0.5987028554545519,0.5458852648735046
176459,GNSS_AIDED,2.833,884,3.7142355,0.0507285640353692,0.12523062588411316,1.3486281463053262,0.37663641423936234,false,2.0584421036354024,0.3277919292449951
176553,GNSS_AIDED,2.833,884,3.7142355,0.04819026787181145,0.035445141918318414,0.681489508464614,0.5365086770017432,false,0.8000763185183796,0.8542177677154541
176658,GNSS_AIDED,2.833,1088,3.7142355,-0.010023495183445993,-0.11200744257702942,1.127946557820853,0.41280211450088283,false,2.3525416652216466,0.3834325969219208
176752,GNSS_AIDED,2.833,1088,3.7142355,-0.04202667995824973,-0.1793292116641767,1.851511660879342,0.39307556314670894,false,2.4701422459823394,0.4300587773323059
176857,GNSS_AIDED,2.716,289,3.5289357,0.07550899274034271,-0.17659663939983486,1.9155212777737782,0.17758192431024936,false,2.4280777980765773,0.3347943127155304
176953,GNSS_AIDED,2.716,289,3.5289357,0.13360830605879098,-0.06654116342489318,1.6335309953566297,0.412692830795463,false,2.169545115962009,0.6387232542037964
177057,GNSS_AIDED,2.716,489,3.5289357,0.04428068201411135,-0.05907407316719259,0.7363172879393829,0.448418260366155,false,0.795599025610401,0.6583897471427917
177155,GNSS_AIDED,2.716,489,3.5289357,-0.021047464328662623,0.004684094127100787,1.264627352065204,0.41514435706649094,false,2.4156457812669494,0.5627260804176331
177257,GNSS_AIDED,2.716,689,3.5289357,-0.05136908616756266,-0.003000343160510619,1.3372909872061842,0.7958024411011694,false,1.4412252736977937,1.2150042057037354
177354,GNSS_AIDED,2.716,689,3.5289357,0.02325516009209595,-0.11430735729272772,2.2107228563179184,0.508077840774492,false,4.868313039901075,0.4129486083984375
177454,GNSS_AIDED,2.716,890,3.5289357,0.03995751377204907,-0.13961245525051194,1.6458148547352052,0.22306502062362496,false,1.681214730953905,0.5511253476142883
177555,GNSS_AIDED,2.716,890,3.5289357,-0.022454081019821777,-0.03660853991546115,1.3834025110817243,0.3203899344823262,false,3.098002579042152,0.6497828364372253
177657,GNSS_AIDED,2.716,1090,3.5289357,-0.08381791792905789,0.20256067478359632,2.1948290456532815,0.234991359841211,false,4.358055472583071,0.22028499841690063
177757,GNSS_AIDED,2.716,1090,3.5289357,-0.029070447251749666,0.0848961931659985,1.845930804676505,0.4119934459031487,false,2.747872697233759,0.5933389067649841
177856,GNSS_AIDED,2.583,291,3.4882724,-0.056574007474874,0.29185641847299065,3.1069081703221415,0.5575456961381907,false,5.393503247835266,0.6968767046928406
177956,GNSS_AIDED,2.583,291,3.4882724,-0.09821695461758649,0.3008094545139815,4.112494297110311,0.5257733900905924,false,5.261379751418153,1.10837984085083
178057,GNSS_AIDED,2.583,492,3.4882724,-0.041884326380309395,0.1519358532291023,1.9082474873902266,0.37103173955254787,false,0.37066558394965704,0.3762129545211792
178156,GNSS_AIDED,2.583,492,3.4882724,0.0064316272732278775,-0.041151616956806344,0.4949809189190302,0.11635955365311827,false,2.3804546553218064,0.28413283824920654
178257,GNSS_AIDED,2.583,693,3.4882724,0.11108401437427996,-0.043008439345710275,1.824054384964468,0.33488393098897784,false,3.0681276324969255,0.5705997943878174
178356,GNSS_AIDED,2.583,693,3.4882724,0.018625511946784277,0.04457977851230366,0.9280639419846146,0.3055840054399727,false,1.30313208025878,0.555202066898346
178458,GNSS_AIDED,2.583,893,3.4882724,-0.05877254293828106,0.09378599090924104,1.3786482058893847,0.2672199974060769,false,2.765596280476938,0.25305086374282837
178556,GNSS_AIDED,2.583,893,3.4882724,-0.019880373255088693,-0.016060060012707184,0.5530771845080978,0.21927781766477047,false,1.059614959098855,0.36079826951026917
178657,GNSS_AIDED,2.583,1093,3.4882724,0.04383064279458664,-0.1022694964334214,1.5602355111104702,0.2165722799262297,false,3.0559444942272735,0.3719015121459961
178757,GNSS_AIDED,2.583,1093,3.4882724,0.00197023450197063,-0.18943263619673306,2.286883905012896,0.1678655309865949,false,2.942223165879788,0.319048672914505
178857,GNSS_AIDED,2.537,294,3.1454675,0.032046374311157574,-0.13911538822398734,1.4408497328775494,0.15058245041385837,false,1.0886884712703544,0.2838011384010315
178958,GNSS_AIDED,2.537,294,3.1454675,0.03741544704432648,-0.1308049200524794,1.3604703326127003,0.21462761515557036,false,1.3066670293176068,0.3949180543422699
179061,GNSS_AIDED,2.537,494,3.1454675,0.04734513704090977,-0.06303041441684876,0.7897199395910313,0.19201152572686933,false,0.5611477600723764,0.20867231488227844
179161,GNSS_AIDED,2.537,494,3.1454675,-4.5781613059845224E-4,-0.017513232927076638,0.3427768527562008,0.13819541693001663,false,0.25724004639050657,0.1696142554283142
179260,GNSS_AIDED,2.537,694,3.1454675,0.008174009124798001,0.013518643623095482,0.5700786935948042,0.07859957282040604,false,0.9666695015309315,0.1974325329065323
179360,GNSS_AIDED,2.537,694,3.1454675,0.05005716672313923,0.04900184588008982,0.8230528598741964,0.1850511304956254,false,1.1840174463131945,0.2843228280544281
179460,GNSS_AIDED,2.537,894,3.1454675,1.9861685361527548E-4,0.0049212449542707926,0.4495789974953983,0.18752392297048642,false,0.4795341532373597,0.22459159791469574
179560,GNSS_AIDED,2.537,894,3.1454675,-0.006482520718682869,-0.05584127254709261,0.7484815606873232,0.08246619889314155,false,1.346903245518553,0.2046789526939392
179661,GNSS_AIDED,2.485,95,3.1979692,-0.035149437623062614,-0.13825689122462517,1.468553948648019,0.1839755059635231,false,2.1275867445800816,0.33459317684173584
179760,GNSS_AIDED,2.485,95,3.1979692,6.799934630204222E-4,-0.1874101383279295,1.876749614929555,0.3820857798858292,false,2.2768320114365546,0.5562129020690918
179866,GNSS_AIDED,2.485,295,3.1979692,-0.010395616653098294,-0.17674175865008057,1.8817086749384477,0.24701671844377954,false,2.081425427217053,0.21761497855186462
179960,GNSS_AIDED,2.485,295,3.1979692,0.031115270746179678,-0.022803711048812625,1.6358815456428162,0.17350860089087297,false,2.674261998036337,0.20462851226329803
180060,GNSS_AIDED,2.485,496,3.1979692,0.09536762614311092,0.19771688331044954,2.3760827523613823,0.307151429820041,false,4.013193419441195,0.5836290717124939
180161,GNSS_AIDED,2.485,496,3.1979692,0.05756452383784876,0.17278737526470775,1.899203024749792,0.17950692898673484,false,1.5724998388507936,0.12494612485170364
180266,GNSS_AIDED,2.485,697,3.1979692,0.00970953937160641,0.11096950944672843,1.1970747080446296,0.24482727923119435,false,0.6488135977910758,0.4063999652862549
180363,GNSS_AIDED,2.485,697,3.1979692,0.005961158948895217,0.03366976652803527,0.7237183708570488,0.07955319961146114,false,1.4294892766402254,0.3246711790561676
180463,GNSS_AIDED,2.485,898,3.1979692,0.0017246176503136986,0.014470831182391501,0.7951727713536462,0.08551237878360887,false,1.1869212589829015,0.1697700172662735
180563,GNSS_AIDED,2.485,898,3.1979692,0.07208580981780087,0.0715197601113357,1.0130135439347767,0.08071656971457768,false,1.473596291036247,0.17586900293827057
180664,GNSS_AIDED,2.471,98,3.4676836,2.413319272940277E-4,0.1530802067131233,1.5376253880373183,0.17630115211970862,false,2.2714071907153244,0.35960039496421814
180765,GNSS_AIDED,2.471,98,3.4676836,0.04997027042933125,0.07594324463131343,1.0610909582614152,0.07410296217695217,false,1.4500071660379705,0.23437894880771637
180864,GNSS_AIDED,2.471,298,3.4676836,3.4971655383307117E-4,-0.03346587387127103,1.7100378715909816,0.10463715544491717,false,2.7271891424571457,0.18158212304115295
180965,GNSS_AIDED,2.471,298,3.4676836,0.01179255370482962,-0.19540203912097318,1.956298780887809,0.35280885806863554,false,3.401666332955226,0.6503937244415283
181064,GNSS_AIDED,2.471,498,3.4676836,-0.06900509210482803,-0.08270430781661905,1.1376864956792339,0.25829352164479297,false,1.5364484356759571,0.3225691616535187
181164,GNSS_AIDED,2.471,498,3.4676836,-0.016420526352820826,-0.08555788408706708,0.8714586142647718,0.2559447696329122,false,0.928591908396326,0.5115192532539368
181264,GNSS_AIDED,2.471,698,3.4676836,0.03754437564347398,-0.04176057610317511,1.2092258941488703,0.3959286612281838,false,2.1330488915517587,0.5402004718780518
181364,GNSS_AIDED,2.471,698,3.4676836,0.004383651692098836,-0.08156027857731307,0.8831220103639279,0.234422554279143,false,1.68463724033813,0.1434963196516037
181464,GNSS_AIDED,2.471,899,3.4676836,0.03163123197744859,0.0051462913112856785,0.7180862324395791,0.26750084595848156,false,1.2605253059635597,0.3121167719364166
181565,GNSS_AIDED,2.471,899,3.4676836,0.0634172716363026,0.04683910908463847,0.7957513903817157,0.19536086512985,false,1.2254709480985815,0.14564625918865204
181664,GNSS_AIDED,2.457,101,3.711662,0.0031938360965323427,0.05525116173661417,0.8345590021660727,0.07400741883542375,false,0.93650429105061,0.08741983771324158
181766,GNSS_AIDED,2.457,101,3.711662,0.0014109957310736803,0.024626188196122677,0.3974476201176582,0.2088352574748676,false,0.44658561205279773,0.3779873251914978
181865,GNSS_AIDED,2.457,302,3.711662,0.007505451009940851,-0.03146406741872576,0.5200932071902257,0.25187109801023577,false,0.9585017078968358,0.36909762024879456
181966,GNSS_AIDED,2.457,302,3.711662,-0.0015705701825992472,-0.024054576486791514,0.2517680649202008,0.12809122807197212,false,0.2866966274738153,0.14868073165416718
182067,GNSS_AIDED,2.457,502,3.711662,4.196832980618172E-4,0.007465250306494153,0.3002565773177139,0.13393197081566796,false,0.6625466586907266,0.2273472547531128
182171,GNSS_AIDED,2.457,502,3.711662,0.0013315037664004222,-0.01023326227041214,0.120857158833782,0.15321239827274138,false,0.42361887399997117,0.21789775788784027
182270,GNSS_AIDED,2.457,702,3.711662,-0.002454118945004988,0.04049357452156127,0.7308209479759948,0.24894452253765023,false,1.3175789441643848,0.4119243025779724
182371,GNSS_AIDED,2.457,702,3.711662,0.010744271054104318,0.11705640284421481,1.1883308787765068,0.34390226937044294,false,1.9697784240872709,0.4306207299232483
182470,GNSS_AIDED,2.457,903,3.711662,0.03571176190301246,0.14155234068115974,1.9238768636040824,0.4061861612960435,false,2.700155506061795,0.462767630815506
182568,GNSS_AIDED,2.457,903,3.711662,-0.010433322598059824,0.10507248527187585,1.1307590303380677,0.4128804463740138,false,0.9294387590673847,0.5277326703071594
182671,GNSS_AIDED,2.457,1105,3.711662,-0.03363775425070187,-0.07353264771504009,1.5795291452972113,0.16078942878128902,false,3.53741175943522,0.5062238574028015
182768,GNSS_AIDED,2.457,1105,3.711662,-0.0015174327563296408,-0.006862086200878732,0.5453926667721832,0.24579526299856527,false,1.0178708707266668,0.3642271161079407
182871,GNSS_AIDED,2.457,1306,3.711662,0.07095768807898799,0.04798756463385653,0.9325555412097142,0.25296126796848445,false,1.7035304393046857,0.4205837547779083
182968,GNSS_AIDED,2.457,1306,3.711662,0.05761169833877438,0.018513807518050544,0.6184453431314574,0.2795938728846133,false,0.47460605429258895,0.4411066472530365
183073,GNSS_AIDED,2.457,1506,3.711662,-0.16814515690561482,-0.13779204110988885,2.8239183863351425,0.916654752147268,false,5.482524058679624,1.4846642017364502
183170,GNSS_AIDED,2.457,1506,3.711662,-0.008491315254014154,-0.17539600375213069,1.7674451658165784,0.165674605964591,false,3.015973526114422,0.6440742015838623
183271,GNSS_AIDED,2.457,1706,3.711662,0.05182456669998291,-0.15992347094677584,2.2131265110894462,0.2142846685110676,false,3.058296063779272,0.43701109290122986
183370,GNSS_AIDED,2.457,1706,3.711662,-0.029340427315377934,-0.11633196377716568,1.8370063622309136,0.20754572318371042,false,1.8360663379917055,0.22524769604206085
183470,GNSS_AIDED,2.457,1906,3.711662,0.0012870681975811228,-0.009851636142068843,0.1697254605043789,0.2625030764200389,false,1.5629932884895381,0.6212726831436157
183569,GNSS_AIDED,2.457,1906,3.711662,-0.0617107413060564,0.1039847524727002,2.7414581683011896,0.15166704539414416,false,4.884612993601647,0.31427016854286194
183671,GNSS_AIDED,2.457,2108,3.711662,-0.05753383728759233,0.059304078806299385,0.9172055250769049,0.2602843683931183,false,1.365977105778198,0.4393974244594574
183770,GNSS_AIDED,2.457,2108,3.711662,0.022341831627124734,-0.06949326301232737,2.0034794624060224,0.1501623076884114,false,4.137008166002253,0.23432283103466034
183870,GNSS_AIDED,2.457,2308,3.711662,-0.010141538312679884,-0.058508732275994124,1.1950352773850936,0.048751143249409136,false,0.7208553204441037,0.14065289497375488
183971,GNSS_AIDED,2.457,2308,3.711662,-0.04123310774374394,0.010084004769387866,0.6994510076130996,0.1680571539534157,false,2.041465484230202,0.3185957074165344
184073,GNSS_AIDED,2.457,2509,3.711662,0.015894295035065256,-0.012685318481178858,0.7995315751108555,0.28530420237869863,false,1.1664610532313537,0.5197026133537292
184172,GNSS_AIDED,2.457,2509,3.711662,-0.067957677205686,-0.24727368496260116,2.55996581929364,0.7073328344630802,false,4.598476201782392,1.1021552085876465
184273,GNSS_AIDED,2.457,2710,3.711662,-0.0075434572777949155,-0.23623725702242435,2.481215601718716,0.28972929946473175,false,2.684511120041828,0.7394158840179443
184373,GNSS_AIDED,2.457,2710,3.711662,-0.09367641978986373,-0.10150506844891816,1.4212854566042203,0.47633805766682746,false,1.710158102461544,1.0582733154296875
184473,GNSS_AIDED,2.457,2911,3.711662,-0.0070916363188516995,-0.314235210715574,3.6924082208518487,0.29202587483481773,false,5.828497385261674,0.8268812298774719
184574,GNSS_AIDED,2.457,2911,3.711662,-0.12874423113259906,-0.057800465870490675,1.7126543120263762,0.7786762722155481,false,4.247698911560466,1.5678499937057495
184673,GNSS_AIDED,2.457,3112,3.711662,-0.044422421253614675,-0.03981876896789809,0.8253218361775362,0.6464167771690484,false,1.8321076736435948,1.6852272748947144
184774,GNSS_AIDED,2.457,3112,3.711662,0.030581711635017262,0.03205272058312273,0.8335364766854007,0.2973192754954159,false,1.5031605155072323,0.3471197783946991
184874,GNSS_AIDED,2.457,3313,3.711662,0.0,0.0,0.9158231549835887,0.14702720667031116,true,1.0818980535287839,0.2778986692428589
184975,GNSS_AIDED,2.457,3313,3.711662,0.0,0.0,1.020422120780662,0.07467222900164201,true,1.634492037149133,0.23050926625728607
185115,GNSS_AIDED,2.457,3514,3.711662,0.0,0.0,0.8562279175116727,0.21220632084478824,true,0.8337882882766947,0.32583513855934143
185188,GNSS_AIDED,2.457,3514,3.711662,0.0,0.0,0.540006793478374,0.27542921864768066,true,1.3332199969273486,0.32583513855934143
185331,GNSS_AIDED,2.457,3717,3.711662,0.0,0.0,0.41838890259117245,0.09814702459812877,true,0.3695902572846379,0.13773265480995178
185397,GNSS_AIDED,2.457,3717,3.711662,0.0,0.0,0.14411463973860333,0.31139323455405565,true,0.47026848985082575,0.5029066801071167
185537,GNSS_AIDED,2.457,3918,3.711662,0.0,0.0,0.6915358647290021,0.4176763844130328,true,1.2752108400722764,0.5029066801071167
185609,GNSS_AIDED,2.457,3918,3.711662,0.0,0.0,0.4365988115477692,0.480232867533049,true,0.42255913622194213,0.5391207337379456
185686,GNSS_AIDED,2.457,4118,3.711662,0.0,0.0,0.6699993414871097,0.5122537741586269,true,0.8879796997650851,0.5391207337379456
185819,GNSS_AIDED,2.457,4118,3.711662,0.0,0.0,0.3327197658269842,0.32526060546096675,true,0.678353578658776,0.24507981538772583
185887,GNSS_AIDED,2.457,4319,3.711662,0.0,0.0,0.6663453137597813,0.07673101862512365,true,1.23726406947703,0.21725352108478546
186031,GNSS_AIDED,2.457,4319,3.711662,0.0,0.0,0.5098167868173592,0.19199089609029088,true,0.4034029684944501,0.2909395396709442
186098,GNSS_AIDED,2.457,4519,3.711662,0.0,0.0,0.2449461902576424,0.24691890793597665,true,0.665313742300957,0.2909395396709442
186240,GNSS_AIDED,2.457,4519,3.711662,0.0,0.0,0.8187785793837049,0.22203455857022478,true,1.3128999883044274,0.2803134322166443
186313,GNSS_AIDED,2.457,4720,3.711662,0.0,0.0,1.220513144002624,0.24782006268527507,true,1.675994461587535,0.2803134322166443
186379,GNSS_AIDED,2.457,4720,3.711662,0.0,0.0,0.9502945416238009,0.5065890855686314,true,2.23420167899305,0.8174134492874146
186520,GNSS_AIDED,2.457,4920,3.711662,0.0,0.0,0.43959950390989744,0.33820195380731227,true,1.3709983189354238,0.44823718070983887
186594,GNSS_AIDED,2.457,4920,3.711662,0.0059212068607857405,0.05827022835887289,1.8649097368566239,0.37530837927098754,false,3.176459682604995,0.44823718070983887
186731,TRANSITION,2.457,5122,3.711662,-0.00655097671459856,-0.04985372551624545,1.629532446143212,0.20030548446394328,false,3.0288070456860576,0.47525960206985474
186799,TRANSITION,2.457,5122,3.711662,-0.007034039750213855,-0.053529893671589744,0.8127046971976222,0.33864228107442257,false,1.9296022301715021,0.47525960206985474
186945,TRANSITION,2.457,5322,3.711662,0.05840494113424255,-0.24503012537507105,2.7095835480873958,0.5235570882023874,false,4.398997016392755,0.9837252497673035
187010,TRANSITION,2.457,5322,3.711662,0.08998679382584221,-0.2332938711206923,1.4992087324762973,0.40721914843873425,false,4.407607378272326,0.4919775724411011
187082,TRANSITION,2.457,5524,3.711662,-0.030077765374621954,-0.23021826483073013,0.48096527700515734,0.4365984937809339,false,0.7967190514312179,0.4919775724411011
187226,TRANSITION,2.457,5524,3.711662,-0.04722249911206644,-0.3203883322032768,2.2543795577760566,0.2964053724771017,false,4.102033208332994,0.35674574971199036
187292,TRANSITION,2.457,5724,3.711662,-0.07505896162771475,-0.509249107628623,2.1279696496511495,0.31084428619849175,false,2.709061561212276,0.35674574971199036
187432,TRANSITION,2.457,5724,3.711662,-0.0449166203524235,-0.5580215691657817,1.373886754965026,0.17771185083908547,false,3.0810520341677057,0.19967979192733765
187501,TRANSITION,2.457,5929,3.711662,-0.117091366922542,-0.5989437813152606,1.065794317869237,0.26307452415221905,false,1.159675956848456,0.4176041781902313
187643,TRANSITION,2.457,5929,3.711662,-0.05826889390616951,-0.7411576601712013,1.7435380325960281,0.11051994723294392,false,2.8602332137416306,0.29869019985198975
187732,DEAD_RECKONING,2.457,6131,3.711662,-0.04040470945012413,-0.8395094249845273,1.1755858595643425,0.2044544642134833,false,0.7971432978449913,0.29869019985198975
187791,DEAD_RECKONING,2.457,6131,3.711662,-0.11897513943468546,-0.8626304678546332,0.3998001442249473,0.06166035332271448,false,0.8992749570067875,0.12375763803720474
187925,DEAD_RECKONING,2.457,6332,3.711662,-0.1421069106446792,-0.8542811037869396,0.27789564369721054,0.0753153023335812,false,0.5965477845303289,0.12375763803720474
187992,DEAD_RECKONING,2.457,6332,3.711662,-0.13691383112920974,-0.8230627085632115,0.44669441776374286,0.021388612782280374,false,0.6440730651319362,0.04062328115105629
188133,DEAD_RECKONING,2.457,6532,3.711662,-0.15046939062309536,-0.8060686734207151,0.3605554993516456,0.049909731273522114,false,0.35063769950632945,0.07751793414354324
188211,DEAD_RECKONING,2.457,6532,3.711662,-0.13649318993571014,-0.7311977810691836,0.7943827051007301,0.06514992009801379,false,1.2754369783107793,0.07751793414354324
188348,DEAD_RECKONING,2.457,6734,3.711662,-0.13726507640169464,-0.6939213857375377,0.5766078056920705,0.06888592013745193,false,0.6275055799952562,0.11037842184305191
188415,DEAD_RECKONING,2.457,6734,3.711662,-0.10932245907862462,-0.7407594080677313,0.5446867206270899,0.09013118797858265,false,1.0710106748870383,0.11037842184305191
188497,DEAD_RECKONING,2.457,6934,3.711662,-0.1293333399185076,-0.5878904219203122,1.8044135112333255,0.13074707929563412,false,3.4319129017802807,0.21052812039852142
188628,DEAD_RECKONING,2.457,6934,3.711662,-0.1397617463376929,-0.6948130957043738,1.0938731149230554,0.2167995723380681,false,3.264749693675231,0.4300498962402344
188696,DEAD_RECKONING,2.457,7136,3.711662,-0.10765392303063127,-0.7380355363668706,0.6319213204074359,0.33382718458988897,false,0.8197125078538261,0.4300498962402344
188789,DEAD_RECKONING,2.457,7136,3.711662,-0.0825832340672965,-0.7451315188297954,0.6173294678534708,0.2390942654821845,false,1.2128813796930404,0.172222301363945
188896,DEAD_RECKONING,2.457,7337,3.711662,-0.028481490579449098,-0.6909629510808999,1.0151046998340474,0.20032880539374998,false,1.4877838758146904,0.172222301363945
188988,DEAD_RECKONING,2.457,7337,3.711662,0.058439535741942564,-0.832292867127216,2.8678982672090525,0.16929466672382049,false,4.846205706559229,0.45674851536750793
189089,DEAD_RECKONING,2.457,7542,3.711662,0.18870305297491985,-0.7265504047686746,2.5991449732797145,0.7822963106742207,false,6.419031162464049,1.2826155424118042
189188,DEAD_RECKONING,2.457,7542,3.711662,0.0730263766572222,-0.7538317981732962,1.559412195145643,1.0610055560987695,false,3.3801820286603976,1.2826155424118042
189287,DEAD_RECKONING,2.457,7542,3.711662,0.13892000641026597,-0.7702531667936635,2.225967235316866,0.3159014377373721,false,5.061802778756178,0.7007778286933899
189390,DEAD_RECKONING,2.457,7743,3.711662,0.31529962659645416,-0.7253892160072444,3.2621813801051713,0.4316897926232193,false,4.23219038369785,0.7007778286933899
189489,DEAD_RECKONING,2.457,7743,3.711662,0.21499035487226004,-0.6411987212325917,1.3934220884158233,0.17603046305130868,false,3.625459025402039,0.33197537064552307
189587,DEAD_RECKONING,2.457,7946,3.711662,0.08660415337993657,-0.46188681226693734,2.2048188934166224,0.37581807397883416,false,3.0251989668080745,0.7046437859535217
189688,DEAD_RECKONING,2.457,7946,3.711662,0.09546881807237616,-0.3996934334743721,0.6534592410038191,0.5568543058688368,false,1.29645884709685,0.7046437859535217
189787,DEAD_RECKONING,2.457,8146,3.711662,0.10970617923469422,-0.37143615214962455,0.897454453151591,0.3991590083742364,false,1.3721621495057361,0.2821798026561737
189887,DEAD_RECKONING,2.457,8146,3.711662,0.12294061917338107,-0.2589846410798894,1.21392094469102,0.20969186693215108,false,1.7971297587052313,0.30603933334350586
189988,DEAD_RECKONING,2.457,8346,3.711662,0.16758959954173608,-0.11397935029035891,1.7027879217855926,0.2371829854168269,false,2.5419209732378105,0.30603933334350586
190090,DEAD_RECKONING,2.457,8346,3.711662,0.18078955053202223,0.045851945408629746,1.9262646623862971,0.22421058910586258,false,2.155727027424338,0.27736741304397583
190187,DEAD_RECKONING,2.457,8547,3.711662,0.22040417792842162,0.15499048957672762,1.1582703545393533,0.24840735649100754,false,1.2826677981382304,0.27736741304397583
190290,DEAD_RECKONING,2.457,8547,3.711662,0.2614456848819026,0.13383280585721397,1.1644155790108544,0.09643798878951691,false,2.3067223885676253,0.3676450848579407
190389,DEAD_RECKONING,2.457,8748,3.711662,0.2357863789158559,0.0269321853894869,1.0965687837149705,0.14329946946376937,false,2.0812502267071538,0.29438266158103943
190491,DEAD_RECKONING,2.457,8748,3.711662,0.0014319625911144286,0.027988814164052307,0.6494687721206424,0.22617829002636142,false,1.2671729295398744,0.29438266158103943
190591,DEAD_RECKONING,2.457,8948,3.711662,0.01481614507645883,0.05987687681227965,0.5764847884553276,0.13071619358458814,false,1.5028145349199196,0.24736039340496063
190691,DEAD_RECKONING,2.457,8948,3.711662,-0.026639003316785072,-0.09428978154133483,1.6018304663571576,0.20088611370091433,false,3.1277622611244844,0.3343535363674164
190790,DEAD_RECKONING,2.457,9148,3.711662,-0.02567057314323934,-0.15761234869836432,0.8068351571604153,0.2727649773466561,false,1.0991262570932723,0.3343535363674164
190890,DEAD_RECKONING,2.457,9148,3.711662,0.01730894996891938,-0.07038867080885303,0.9748493608610382,0.32221618931736157,false,2.2719053147607133,0.3719504177570343
190990,DEAD_RECKONING,2.457,9348,3.711662,0.07288764467171488,-0.15153647338800366,0.9940454564199217,0.3490722254084276,false,2.249507163457485,0.3719504177570343
191091,DEAD_RECKONING,2.457,9348,3.711662,0.09440597923470276,-0.25855052771668907,1.1918417266281187,0.37656319579985287,false,1.6175620902525247,0.518242359161377
191192,DEAD_RECKONING,2.457,9548,3.711662,-0.027614493127032146,-0.3823203527221231,1.5083301969276153,0.29727961178432427,false,2.2023056240756755,0.39472121000289917
191292,DEAD_RECKONING,2.457,9548,3.711662,1.606269423548197E-4,-0.5866328688181042,2.3199745738137674,0.33760876615786806,false,2.968590321849776,0.39472121000289917
191392,DEAD_RECKONING,2.457,9764,3.711662,-0.03931163847959063,-0.7146506342355828,1.3494659185552298,0.24923898116969645,false,1.6527637529113393,0.43144941329956055
191491,DEAD_RECKONING,2.457,9764,3.711662,-0.01450070715584419,-0.7555543155856027,0.5926747737735528,0.21549759256273338,false,0.5468192233628737,0.2254897654056549
191598,DEAD_RECKONING,2.457,9971,3.711662,-0.03648707227728232,-0.8449765297479525,0.9526613281487227,0.21692486892798413,false,1.451754614648714,0.2254897654056549
191698,DEAD_RECKONING,2.457,9971,3.711662,-0.05982776346717979,-0.9255482605750942,0.8451385186334107,0.15031794714602634,false,0.7730094251105796,0.20314450562000275
191792,DEAD_RECKONING,2.457,10178,3.711662,-0.05286967315557264,-0.9331881753163019,0.1034269463954456,0.1799099784626877,false,0.5941671989399139,0.22251451015472412
191897,DEAD_RECKONING,2.457,10178,3.711662,0.07482888377565372,-0.866359000634909,0.625996404828183,0.20224097466197857,false,1.1648569013499803,0.22251451015472412
192013,DEAD_RECKONING,2.457,10379,3.711662,0.08354946991722566,-0.8469407770125214,0.2683066995225962,0.12280218542256964,false,0.16576502117762,0.21197563409805298
192154,DEAD_RECKONING,2.457,10584,3.711662,0.09676553607541788,-0.8501503362950587,0.3063498237552323,0.07150783398019732,false,0.45164714919264387,0.10213853418827057
192229,DEAD_RECKONING,2.457,10584,3.711662,0.14539197119679223,-0.8412182508069354,0.0749798991857405,0.08145359576374991,false,0.3683271249150016,0.10213853418827057
192296,DEAD_RECKONING,2.457,10584,3.711662,0.14705229947457715,-0.8508246853170848,0.12545394103602894,0.11898640463255182,false,0.19867032951292374,0.14998339116573334
192436,DEAD_RECKONING,2.457,10785,3.711662,0.1827808537621334,-0.9151929158178301,0.9427862250183094,0.1361896358646371,false,1.6781898055175706,0.14998339116573334
192507,DEAD_RECKONING,2.457,10785,3.711662,0.19918926682532018,-0.997350664215175,0.976666758317018,0.21887529325363345,false,1.0684580769937844,0.41427505016326904
192647,DEAD_RECKONING,2.457,10996,3.711662,0.18570549170897746,-1.104456087132968,1.1010920025981497,0.27736864376358306,false,1.4786602070747799,0.43401744961738586
192715,DEAD_RECKONING,2.457,10996,3.711662,0.1194784335602551,-1.2096106747246513,1.1698863477008292,0.3597395034027014,false,1.2864524446230778,0.43401744961738586
192861,DEAD_RECKONING,2.457,11201,3.711662,0.08058030842702127,-1.3175292992646441,1.1442034972799973,0.25864914340441636,false,1.1835640723931722,0.3601642847061157
192928,DEAD_RECKONING,2.457,11201,3.711662,0.08881099966549481,-1.3294443354698813,0.4958013034403083,0.12957730496556183,false,1.1671174640442885,0.10469891130924225
192996,DEAD_RECKONING,2.457,11405,3.711662,-0.017785470708054786,-1.363356469053142,0.6244596130817419,0.09917617796924046,false,0.7869319325501734,0.10469891130924225
193138,DEAD_RECKONING,2.457,11405,3.711662,0.013510980308715892,-1.453221742926938,1.0577594973407651,0.40181488320437536,false,1.9228034553508608,0.7118934392929077
193210,DEAD_RECKONING,2.457,11609,3.711662,-0.1835717869398947,-1.4791490717364693,0.7790622071271859,0.5739567101280612,false,0.8792659238083367,0.7118934392929077
193346,DEAD_RECKONING,2.457,11609,3.711662,-0.16770250403814185,-1.5316025299039895,0.7255445581769686,0.5333392292183683,false,1.492661162775199,0.5966741442680359
193418,DEAD_RECKONING,2.457,11821,3.711662,-0.2803278370070119,-1.6119690093428587,3.0065697734928554,0.631133727809722,false,4.8853604069774965,0.8050470948219299
193560,DEAD_RECKONING,2.457,11821,3.711662,-0.22625106558406152,-1.3355979129108206,3.7574661614625495,0.35925151780114084,false,8.842746041368253,0.8384059071540833
193628,DEAD_RECKONING,2.457,12022,3.711662,-0.24784957178894168,-1.2168813628850532,2.1909050744345597,0.6025210158406687,false,1.590758113782425,0.8384059071540833
193699,DEAD_RECKONING,2.457,12022,3.711662,-0.33242493287541525,-1.1453071728644464,1.2053013343570795,0.7319126284241214,false,3.450237092758648,0.8384059071540833
193844,DEAD_RECKONING,2.457,12223,3.711662,-0.30006561175753493,-0.9989924553041174,2.1424525096549933,0.49464436340227075,false,3.192114835903324,0.5508927702903748
193910,DEAD_RECKONING,2.457,12223,3.711662,-0.0871316190546723,-0.8500252598905957,2.0285310346488847,0.2893660777178458,false,2.2519797462018953,0.13075043261051178
194048,DEAD_RECKONING,2.457,12423,3.711662,-0.06528324628359906,-0.5996015117991711,2.5222243150761727,0.17228590181898054,false,3.4137313417629898,0.2552306056022644
194124,DEAD_RECKONING,2.457,12423,3.711662,-0.07893989582184001,-0.4561771536774001,1.5592163667102161,0.20223463605289643,false,1.1251180044673195,0.2552306056022644
194259,DEAD_RECKONING,2.457,12624,3.711662,-0.03977443949039658,-0.3501803954294531,1.3433673606531902,0.273139464872846,false,2.1079352576455084,0.45306235551834106
194330,DEAD_RECKONING,2.457,12624,3.711662,-0.09441511957387674,-0.3218524669036375,1.303309151112956,0.3689286710903014,false,1.9910318467967194,0.45306235551834106
194399,DEAD_RECKONING,2.457,12829,3.711662,-0.014495299299994964,-0.3458959046440491,1.0191753795245597,0.5464596181850792,false,1.9081909472078924,0.7234871983528137
194540,DEAD_RECKONING,2.457,12829,3.711662,-0.12077057983842825,-0.32413255384554973,1.0913205823406176,0.3863396493638599,false,1.2371766743393298,0.29456743597984314
194610,DEAD_RECKONING,2.457,13035,3.711662,-0.058125149025930016,-0.35681306835642507,1.9461542683774729,0.3290917998309926,false,3.047745572364488,0.29456743597984314
194751,DEAD_RECKONING,2.457,13035,3.711662,-0.09441655662850928,-0.39037922487100013,0.5323165091843072,0.307997589525711,false,1.625902608481993,0.4067651331424713
194825,DEAD_RECKONING,2.457,13236,3.711662,-0.15158060711131505,-0.3606479145153847,1.7444221990045259,0.3540486684545412,false,2.955837750329919,0.4067651331424713
194962,DEAD_RECKONING,2.457,13236,3.711662,-0.18693106240279414,-0.33172133769169165,0.9371766506665457,0.1974204508472209,false,0.38085089637094555,0.20601890981197357
195033,DEAD_RECKONING,2.457,13437,3.711662,-0.06656564514586817,-0.3382875180739638,0.4417432267805157,0.14491463601679677,false,1.3269642442307013,0.23743969202041626
195108,DEAD_RECKONING,2.457,13437,3.711662,-0.05176007652503581,-0.2630454160641401,0.7911328095067567,0.18789585242039952,false,1.252739375849859,0.23743969202041626
195243,DEAD_RECKONING,2.457,13637,3.711662,-0.020218421072407927,-0.14177892736636116,1.2927043819448967,0.16172264676703008,false,1.7888065693480413,0.1471790224313736
195314,DEAD_RECKONING,2.457,13637,3.711662,0.0,0.0,0.6604572343200351,0.15279782592510788,true,0.37252005513855213,0.1471790224313736
195455,DEAD_RECKONING,2.457,13842,3.711662,0.002128045958490487,0.01451367937457753,0.5636338832792542,0.14847008395486744,false,1.1273127951745392,0.1472855508327484
195526,DEAD_RECKONING,2.457,13842,3.711662,-0.002488888237041925,-0.016974692547151348,0.7925267464430075,0.20973889847942537,false,1.112769823396118,0.2759336233139038
195672,DEAD_RECKONING,2.457,14043,3.711662,-0.03668805057418,-0.06250304189332287,0.6163446392013056,0.2855586633767302,false,1.1581402443341529,0.3504769504070282
195740,DEAD_RECKONING,2.457,14043,3.711662,-0.06355863356826355,-0.07286097352667405,0.4420953685316019,0.32141892553429136,false,0.49509308269206814,0.3504769504070282
195812,DEAD_RECKONING,2.457,14243,3.711662,-0.0022719915511025205,-0.045580127426942695,0.4590089404663043,0.40119037722587564,false,0.8968208350427376,0.47873833775520325
195947,DEAD_RECKONING,2.457,14243,3.711662,-0.017199070800736738,-0.07664430614734788,0.47151800641807473,0.4433308769591704,false,0.9322417892178397,0.47873833775520325
196014,DEAD_RECKONING,2.457,14443,3.711662,8.21160302332006E-4,-0.10837784574323492,0.43943813431661927,0.3555872473948438,false,0.7708265214680782,0.36099866032600403
196155,DEAD_RECKONING,2.457,14443,3.711662,0.0030869851026958973,-0.1299258601223071,0.47222874665174325,0.2593144288514245,false,1.0065246549264446,0.2240750938653946
196226,DEAD_RECKONING,2.457,14644,3.711662,0.0016769717637491878,-0.07058083908978276,0.6180761464872461,0.2334049571878583,false,1.3104984740847334,0.2240750938653946
196371,DEAD_RECKONING,2.457,14644,3.711662,0.04276994732958624,-0.05372605021161889,0.4481599744891454,0.08299778697882654,false,0.7005137400091688,0.15175066888332367
196437,DEAD_RECKONING,2.457,14852,3.711662,0.08261389137600683,-0.05104315173059936,0.45291203903182314,0.10001078173959227,false,0.5179093593553731,0.15175066888332367
196506,DEAD_RECKONING,2.457,14852,3.711662,0.011808237884181103,-0.11871239699856397,0.6160089667817655,0.10361337929209481,false,1.188770953730849,0.21484676003456116
196645,DEAD_RECKONING,2.457,15054,3.711662,0.011587755263412079,-0.13692467312600057,0.3053730073169552,0.07200858652708135,false,0.3732013386243333,0.15531262755393982
196718,DEAD_RECKONING,2.457,15054,3.711662,0.009623748858721918,-0.11371733668624333,0.804004688672409,0.11486895987286193,false,1.6358949538880858,0.15531262755393982
196856,DEAD_RECKONING,2.457,15256,3.711662,0.010877019040839207,-0.09744078002991488,0.30819599951858045,0.11542120605470946,false,0.6876664070348387,0.25063571333885193
196927,DEAD_RECKONING,2.457,15256,3.711662,0.00680061029096038,-0.0609226451606468,0.3885537023164182,0.18848134837353273,false,0.5664247319582532,0.25063571333885193
197025,DEAD_RECKONING,2.457,15457,3.711662,0.0013462564966654116,-0.12211566879084818,0.6188808603383642,0.15914222154670124,false,1.3797688017360463,0.14731435477733612
197107,DEAD_RECKONING,2.457,15457,3.711662,-0.021706226685064747,-0.238700705503599,1.2612297485824782,0.2000942429834149,false,1.8465327757515515,0.23397260904312134
197208,DEAD_RECKONING,2.457,15658,3.711662,0.029140197080802635,-0.36791555801310777,1.385902169675217,0.21887340899158209,false,1.5675064685388571,0.23397260904312134
197308,DEAD_RECKONING,2.457,15658,3.711662,0.03067139811362207,-0.44643565940068036,1.0711650930385672,0.15680638700559602,false,1.204739862044995,0.3080015182495117
197407,DEAD_RECKONING,2.457,15858,3.711662,-0.007823537627762039,-0.5822522252579662,1.4123351613875175,0.23254556692614922,false,1.8290184355570223,0.3080015182495117
197508,DEAD_RECKONING,2.457,15858,3.711662,-0.03342272152116885,-0.5953646984925995,0.47256697207361015,0.13801232828499066,false,1.0355088601961369,0.15982428193092346
197608,DEAD_RECKONING,2.457,16060,3.711662,-0.062230230050448455,-0.7278227363385545,1.4245778642086009,0.139970022213919,false,2.342848468727848,0.29269829392433167
197710,DEAD_RECKONING,2.457,16060,3.711662,0.06236580997644406,-0.8125788580530751,1.0317179777075032,0.2219610148777133,false,1.208373972569266,0.29269829392433167
197809,DEAD_RECKONING,2.457,16262,3.711662,0.07247419927762892,-0.885954903256891,0.7976571594321505,0.12141650988624376,false,1.0568799897023617,0.24862726032733917
197910,DEAD_RECKONING,2.457,16262,3.711662,0.09043447390728077,-0.8717401181813902,0.4707518104657266,0.17898231473238455,false,1.2348949321228262,0.29298168420791626
198019,DEAD_RECKONING,2.457,16463,3.711662,0.10264487419833955,-0.8361687266914855,0.37544001588872933,0.24011706544781156,false,0.6072949429176269,0.29298168420791626
198109,DEAD_RECKONING,2.457,16463,3.711662,0.08702038518418728,-0.8569360200165391,0.33414382430229883,0.15502214282528198,false,0.849092921682565,0.16766956448554993
198220,DEAD_RECKONING,2.457,16663,3.711662,0.016879364072577778,-0.9199179755647752,0.7772904583079718,0.09044564616019427,false,1.1435886794412153,0.20436672866344452
198315,DEAD_RECKONING,2.457,16663,3.711662,0.021282882330282187,-0.9246359286426031,0.5351282076085332,0.14786979476260534,false,1.0449792738996946,0.20436672866344452
198414,DEAD_RECKONING,2.457,16867,3.711662,0.01129244047322887,-0.8889887192662115,0.8720641378347354,0.15206269504501385,false,1.2239043206734384,0.2000710517168045
198513,DEAD_RECKONING,2.457,16867,3.711662,-0.030492500175905792,-0.8340057753720039,0.97901782422262,0.17553261179326068,false,1.470702244944295,0.2000710517168045
198614,DEAD_RECKONING,2.457,16867,3.711662,-0.051617602635765945,-0.8182719790696646,0.3726780818277962,0.1482845011059539,false,0.1787786058903092,0.15617547929286957
198713,DEAD_RECKONING,2.457,17070,3.711662,-0.06897876573539381,-0.6803702522541467,1.3913656827550005,0.18010271779385864,false,2.3848151492466596,0.38250187039375305
198813,DEAD_RECKONING,2.457,17070,3.711662,-0.006241916068513484,-0.4978722761892241,1.909043957444456,0.290512118380419,false,2.4671787932235962,0.38250187039375305
198913,DEAD_RECKONING,2.457,17270,3.711662,-0.001989645445882649,-0.31132209808073197,1.8624583174217983,0.11542960315255335,false,1.9608574826558662,0.13652122020721436
199013,DEAD_RECKONING,2.457,17270,3.711662,0.011878538706768827,-0.17782822700955006,1.4472390328001825,0.21947020985284355,false,1.321690754795319,0.3834914267063141
199112,DEAD_RECKONING,2.457,17472,3.711662,0.0023438630182651384,-0.037987664803867636,1.4489158277607144,0.3090759129576158,false,1.7156959303413706,0.3834914267063141
199213,DEAD_RECKONING,2.457,17472,3.711662,-0.006263790279435455,0.11134183461945817,1.6631654621546588,0.11567864226620449,false,1.8709118944281424,0.08418336510658264
199312,DEAD_RECKONING,2.457,17673,3.711662,-0.018364172782004768,0.29398645411841323,1.9550244002420494,0.05867331050817026,false,2.2014277384009455,0.08418336510658264
199413,DEAD_RECKONING,2.457,17673,3.711662,-0.02892818919990124,0.3931605139200037,1.0342798222282195,0.021696806694179758,false,0.49719038786916203,0.03827294707298279
199513,DEAD_RECKONING,2.457,17874,3.711662,-0.032377282014285746,0.42414257719736004,0.3945907354675838,0.047023292076468964,false,0.6940289686599534,0.09987518191337585
199613,DEAD_RECKONING,2.457,17874,3.711662,-0.03359373158046431,0.3578908826628132,0.7970157574300498,0.07643935739349857,false,1.6338659481890274,0.09987518191337585
199714,DEAD_RECKONING,2.457,18074,3.711662,-0.02966755606711477,0.2824311953668962,0.7836483834817581,0.07838117676735468,false,1.1108116128435692,0.16411729156970978
199814,DEAD_RECKONING,2.457,18074,3.711662,-0.02466422560375116,0.23569925272401637,0.6177706296812179,0.12446460050627191,false,0.6035128622095087,0.16411729156970978
199914,DEAD_RECKONING,2.457,18275,3.711662,-0.015275301563628826,0.13747664843873825,1.0579265136236329,0.05756624482904154,false,1.5414034508922196,0.02172108367085457
200014,DEAD_RECKONING,2.457,18275,3.711662,-0.01503723739223001,0.13910700405680868,0.17291015608057902,0.1904110029264949,false,0.9412692108795561,0.3357234597206116
200116,DEAD_RECKONING,2.457,18475,3.711662,0.021306879378479606,0.2863864066630861,1.555946494110407,0.27090431569121687,false,2.756871102692416,0.3357234597206116
200216,DEAD_RECKONING,2.457,18475,3.711662,-0.029810731965287537,0.3767902704063185,1.002605079679555,0.26335336044655133,false,1.049717735164982,0.3110460937023163
200316,DEAD_RECKONING,2.457,18691,3.711662,-0.1163782948430165,0.3903214508941862,1.017302080852728,0.37748364612381446,false,1.7934817009246415,0.5203220248222351
200475,DEAD_RECKONING,2.457,18897,3.711662,-0.034643522572360974,0.3665817485157155,0.905897635828922,0.16840547692753488,false,1.4988638809707038,0.21135078370571136
200547,DEAD_RECKONING,2.457,18897,3.711662,-0.062373408747230755,0.31517939658759775,0.5862472470457433,0.16057611700998387,false,0.6503185965239007,0.21135078370571136
200618,DEAD_RECKONING,2.457,18897,3.711662,-0.028968043119782298,0.21494001238061058,1.2051052520260106,0.18446833508735277,false,1.7481803112797785,0.21135078370571136
200758,DEAD_RECKONING,2.457,19099,3.711662,-0.01299741272722234,0.11727871317304675,1.10923756963411,0.2366657418362735,false,1.1191681407842051,0.3570820987224579
200827,DEAD_RECKONING,2.457,19099,3.711662,-0.01357526693981171,0.12249282769540588,0.4808977721537789,0.2378877943588185,false,1.1288239408081522,0.32990744709968567
200968,DEAD_RECKONING,2.457,19300,3.711662,-0.019876008764704606,0.21676147625253261,1.040537332980495,0.2689815906881434,false,1.720604827583431,0.3598152995109558
201040,DEAD_RECKONING,2.457,19300,3.711662,-0.0714441605244997,0.27518870177292815,0.7813245556966603,0.3151586376311594,false,0.8582192761978963,0.3598152995109558
201177,DEAD_RECKONING,2.457,19500,3.711662,-0.11967171198164575,0.34399572527767314,0.8693583150976275,0.29088047913212,false,1.0127951291451047,0.2806278169155121
201249,DEAD_RECKONING,2.457,19701,3.711662,-0.010805359836621765,0.36371608308398296,0.36585164568401857,0.2840943593924628,false,0.6094291782866532,0.2806278169155121
201324,DEAD_RECKONING,2.457,19701,3.711662,-0.009340289736358583,0.31440078342083155,0.8521403610822833,0.15530203212503188,false,1.500418671734474,0.20733408629894257
201463,DEAD_RECKONING,2.457,19902,3.711662,-0.009358043828259072,0.26192905898645935,1.0154148449206435,0.1722297346652491,false,1.2151329553037973,0.23911723494529724
201530,DEAD_RECKONING,2.457,19902,3.711662,-0.014255636516385757,0.39901132400280487,1.428168906712081,0.2061056857688215,false,2.8965598699823047,0.23911723494529724
201673,DEAD_RECKONING,2.457,20103,3.711662,2.657923837477774E-4,0.480005431529999,1.020173265727121,0.35398964923399945,false,1.4344304902007623,0.4839293360710144
201739,DEAD_RECKONING,2.457,20103,3.711662,-0.013589885034032101,0.5748298380116846,1.1102339297405368,0.1097696531330986,false,1.8648737871438645,0.4424685835838318
201881,DEAD_RECKONING,2.457,20303,3.711662,-0.11380600837636985,0.6313913141766796,1.1542174507829008,0.29088466618955455,false,1.8294992240697108,0.4424685835838318
201955,DEAD_RECKONING,2.457,20303,3.711662,-0.20343737366214298,0.6369378616080226,0.9812542708782921,0.25918194964408786,false,1.2015704130233584,0.5690799951553345
202021,DEAD_RECKONING,2.457,20303,3.711662,0.028153184552986984,0.6035033227588303,1.0478308093123774,0.42514454383044736,false,1.5188656078840828,0.5690799951553345
202162,DEAD_RECKONING,2.457,20512,3.711662,-0.007687858464713256,0.5462363682558554,1.7249638243025074,0.48610570398072334,false,2.6470808755049777,0.5580806732177734
202232,DEAD_RECKONING,2.457,20512,3.711662,0.06265361307561124,0.43768835442667686,1.7199427991108953,0.3337717002398438,false,3.200738040085834,0.2645443081855774
202371,DEAD_RECKONING,2.457,20713,3.711662,0.07794561463825349,0.4877234076299911,0.9636400770565678,0.28637792733071654,false,2.278913499918485,0.2645443081855774
202443,DEAD_RECKONING,2.457,20713,3.711662,0.08784439528225971,0.5496623255470888,1.7542094879475558,0.2540020979745845,false,2.5323497812930964,0.2514784634113312
202587,DEAD_RECKONING,2.457,20917,3.711662,0.09639356179280288,0.5762922102968795,0.7850499285261812,0.31147458827656266,false,0.10370084534518875,0.746248185634613
202654,DEAD_RECKONING,2.457,20917,3.711662,0.06083114931360655,0.890781833230839,3.671704515370673,0.5531896803315286,false,6.737512435537042,0.746248185634613
202722,DEAD_RECKONING,2.457,21117,3.711662,0.0568446882703605,1.3324127281513567,4.524304188051119,0.46654122287199934,false,5.5392013434889185,0.4822317063808441
202870,DEAD_RECKONING,2.457,21324,3.711662,0.03769917647273277,1.6086285727919813,2.822188550174717,0.2692802141345244,false,2.475170984837096,0.13479530811309814
202936,DEAD_RECKONING,2.457,21324,3.711662,0.12619845978568986,1.6244524057384757,1.5924266283782502,0.18860581446469193,false,2.883657771899902,0.13479530811309814
203072,DEAD_RECKONING,2.457,21525,3.711662,0.10845347541542488,1.6281658460057282,0.7349906778279559,0.383433175850304,false,0.7481310829187041,0.5716179013252258
203146,DEAD_RECKONING,2.457,21525,3.711662,0.35634635588477553,1.6550131486556847,1.0777929140601756,0.48709159812806135,false,2.364394356982782,0.5716179013252258
203291,DEAD_RECKONING,2.457,21725,3.711662,0.34127879779617354,1.6514789184310665,0.28612944856466677,0.28081715744424746,false,0.9093694732363722,0.3730086386203766
203353,DEAD_RECKONING,2.457,21725,3.711662,0.2841401665809674,1.625029817724298,1.0005875002322353,0.18468192414655457,false,1.8806005321955446,0.1920628696680069
203425,DEAD_RECKONING,2.457,21725,3.711662,0.33522660849408115,1.570375550754471,0.47000529202842184,0.17741812218159167,false,0.6658236992378511,0.1920628696680069
203569,DEAD_RECKONING,2.457,21927,3.711662,0.2978619128320701,1.5832919919703023,0.9188266614399743,0.2068391405996081,false,1.8376412842332845,0.2877865731716156
203634,DEAD_RECKONING,2.457,21927,3.711662,0.4047538544333697,1.4994832418962,0.6228555197895712,0.24842214960622824,false,1.564699631492512,0.2877865731716156
203775,DEAD_RECKONING,2.457,22127,3.711662,0.4098852187808063,1.4416825197459668,0.6710661393883661,0.1086751302705404,false,0.7125225720923415,0.24777992069721222
203852,DEAD_RECKONING,2.457,22127,3.711662,0.4129704679638408,1.4683297228666234,0.47487900867178373,0.11854156872194582,false,0.986055970472813,0.213123619556427
203986,DEAD_RECKONING,2.457,22363,3.711662,0.5110542748938902,1.5321179000249419,1.0955636305456609,0.16825920158522079,false,1.6737215743396694,0.213123619556427
204056,DEAD_RECKONING,2.457,22363,3.711662,0.5189416223124638,1.500629883384903,0.5803791033471641,0.3468339958377742,false,1.758348701770971,0.49505019187927246
204126,DEAD_RECKONING,2.457,22564,3.711662,0.42766920343171533,1.4021509813236575,1.3017520920173822,0.4291961849388244,false,2.0327818272485847,0.49505019187927246
204266,DEAD_RECKONING,2.457,22564,3.711662,0.3750641968048064,1.3682983816684262,0.5654367013012821,0.28177532740699923,false,0.9809112700723308,0.2327374666929245
204337,DEAD_RECKONING,2.457,22764,3.711662,0.4266659210861203,1.5565503034112198,2.0436855219516357,0.2597600408266902,false,3.9569078143153464,0.6241680383682251
204482,DEAD_RECKONING,2.457,22764,3.711662,0.5550705806463916,1.7351531347484728,2.197659029758865,0.4695502056028367,false,2.4578797461925403,0.7683272361755371
204548,DEAD_RECKONING,2.457,22970,3.711662,0.6119245889920708,1.806490291145735,0.929860478104789,0.6321060162859764,false,0.46745652407870664,0.7683272361755371
204687,DEAD_RECKONING,2.457,22970,3.711662,0.30245534770702226,1.9671348725429707,1.964539802785766,0.4904764928240353,false,3.156068804031441,0.3801414668560028
204757,DEAD_RECKONING,2.457,23171,3.711662,0.3117929625881924,2.0089050752694426,0.8692784169086466,0.4286302461855244,false,2.6392314611238494,0.3801414668560028
204834,DEAD_RECKONING,2.457,23171,3.711662,0.43468382648296655,1.8896620374297854,1.4174679608615095,0.29754266040154037,false,2.391191954768696,0.23021464049816132
204969,DEAD_RECKONING,2.457,23372,3.711662,0.35328606381274275,1.8819641143727726,0.8189120668393437,0.22708057551371472,false,1.7914161716903698,0.22494319081306458
205039,DEAD_RECKONING,2.457,23372,3.711662,0.1975478518837576,1.9516829436590586,0.6128820731964065,0.21892890420927094,false,1.5209244435514644,0.22494319081306458
205180,DEAD_RECKONING,2.457,23573,3.711662,0.1519071572534477,1.9946265968203762,0.6271133012732268,0.12424892134497498,false,1.1197619435824637,0.14590208232402802
205248,DEAD_RECKONING,2.457,23573,3.711662,-0.031146545234914735,2.0601384970942296,0.9991406756114484,0.1234729625868694,false,1.3942215764471222,0.14590208232402802
205390,DEAD_RECKONING,2.457,23773,3.711662,-0.07788057630084047,2.081329807370467,0.6320608899727327,0.3366298499152022,false,0.5060579850970092,0.6097676157951355
205463,DEAD_RECKONING,2.457,23773,3.711662,-0.11824304251560913,2.219849510989178,1.447997559481942,0.35608532927014247,false,2.336965121587599,0.5756669640541077
205536,DEAD_RECKONING,2.457,23974,3.711662,0.02743779518008012,2.3423374537899826,1.4003167356130573,0.4687179561512264,false,1.408214512931619,0.5756669640541077
205671,DEAD_RECKONING,2.457,23974,3.711662,0.05692129866463693,2.2426742176114964,1.1990035089417266,0.3936842859451091,false,3.073067703897568,0.46792781352996826
205745,DEAD_RECKONING,2.457,24174,3.711662,0.05966722774474358,2.3508626197705413,1.2322940654190464,0.4219743302279112,false,2.9207547972345522,0.46792781352996826
205879,DEAD_RECKONING,2.457,24174,3.711662,0.07250706823044735,2.306887558527594,0.4601218203935976,0.5568779823526367,false,1.731805879678311,0.6745627522468567
205952,DEAD_RECKONING,2.457,24374,3.711662,0.06980688764650751,2.2209785134249693,0.8866667975683203,0.3866535275439944,false,1.2415280723427817,0.3192104697227478
206095,DEAD_RECKONING,2.457,24374,3.711662,0.069755065977583,2.1500015852570264,1.122531684719755,0.2823793652423772,false,1.6361730118950284,0.22812220454216003
206161,DEAD_RECKONING,2.457,24575,3.711662,0.13609839815798547,2.0279725748378072,1.7720162985587504,0.2475386516332939,false,2.3881448065554527,0.22812220454216003
206231,DEAD_RECKONING,2.457,24575,3.711662,-0.2431098105022669,2.0832666883968702,1.0948748318770471,0.23565863448781008,false,3.268705932054631,0.22812220454216003
206376,DEAD_RECKONING,2.457,24776,3.711662,-0.2776319983358653,2.3494203933691384,3.41427003232004,0.44185680300008817,false,5.505655542456918,0.7130193114280701
206443,DEAD_RECKONING,2.457,24776,3.711662,-0.2938914789928113,2.4870138828443933,1.9041216389617255,0.4793547439814331,false,1.216364393061153,0.6056722402572632
206582,DEAD_RECKONING,2.457,24981,3.711662,-0.34203501049388724,2.545451412221188,1.051508788108773,0.46685016596829154,false,2.381702427586098,0.4592084586620331
206653,DEAD_RECKONING,2.457,24981,3.711662,-0.4114537334756748,2.528263432924203,1.2617145529352463,0.46233228261372167,false,1.8307139310192433,0.4592084586620331
206793,DEAD_RECKONING,2.457,25181,3.711662,-0.4001537390332122,2.492504439925532,0.39219848187955386,0.38560017493233073,false,1.3611127144611992,0.3511575758457184
206867,DEAD_RECKONING,2.457,25181,3.711662,-0.4480946166003005,2.5383736510330035,1.4739082136443042,0.3628680631158709,false,2.6947361881956695,0.3511575758457184
206934,DEAD_RECKONING,2.457,25383,3.711662,-0.7169101265832528,2.5193311000588916,0.7151418052329663,0.23399011113523654,false,0.6537599183607024,0.14563094079494476
207075,DEAD_RECKONING,2.457,25383,3.711662,-0.6912767505501578,2.5492933642850857,0.5375350761076103,0.366695136046608,false,1.2395846607035907,0.4757389724254608
207148,DEAD_RECKONING,2.457,25583,3.711662,-0.921044828706975,2.5347053487165665,1.1134452471510137,0.4272686691750588,false,1.593792190798905,0.4757389724254608
207291,DEAD_RECKONING,2.457,25583,3.711662,-0.939244867613082,2.5456624513544086,1.354645308999235,0.6066858948684258,false,3.0774741487558965,0.794867753982544
207357,DEAD_RECKONING,2.457,25783,3.711662,-1.2421134089911365,2.406687584252312,1.3422366403376238,0.38847859912999994,false,1.5270336577842396,0.22835227847099304
207496,DEAD_RECKONING,2.457,25783,3.711662,-1.1208936265655463,2.3720754223644374,1.3381151671110318,0.29634081348477287,false,2.750360586801468,0.22835227847099304
207568,DEAD_RECKONING,2.457,25984,3.711662,-1.0977497538984686,2.2398668426488597,1.3832750333200834,0.5211759332045887,false,2.176913313595509,0.7150541543960571
207640,DEAD_RECKONING,2.457,25984,3.711662,-1.4727649684520845,1.8697384933130037,0.5921827169130279,0.6284982751857517,false,0.741523510103073,0.7150541543960571
207775,DEAD_RECKONING,2.457,26185,3.711662,-1.5511537659123837,1.7565378734779742,1.449072889504715,0.42872912103755484,false,2.562193278387825,0.45013102889060974
207848,DEAD_RECKONING,2.457,26185,3.711662,-1.7537835098210854,1.62061722459728,0.9798844065677743,0.2390500847807096,false,1.4715881495364578,0.17861557006835938
207992,DEAD_RECKONING,2.457,26386,3.711662,-1.7581723901569124,1.6044214670450911,0.17027547489019537,0.18669282307938434,false,0.6928953911611727,0.17861557006835938
208057,DEAD_RECKONING,2.457,26386,3.711662,-1.8144429085706761,1.7653012760494937,1.8267174308796668,0.4338407472013446,false,3.3884673295137246,0.7457046508789062
208207,DEAD_RECKONING,2.457,26587,3.711662,-1.9166617327767024,1.8640738343435321,1.9825815499293808,0.0895878701175528,false,2.445216262614461,0.28359997272491455
208267,DEAD_RECKONING,2.457,26587,3.711662,-1.9111942215123499,1.9141563928798813,0.9255449653119896,0.15772605248263105,false,2.656386456064865,0.28359997272491455
208347,DEAD_RECKONING,2.457,26787,3.711662,-1.948536104336691,2.1096695825313896,1.9394205085282779,0.27262683385866404,false,3.3633352555446003,0.5583524107933044
208476,DEAD_RECKONING,2.457,26787,3.711662,-1.8782370750699606,2.1952471088082506,1.5814218685490906,0.4301905946537548,false,2.9672681313071094,0.5583524107933044
208548,DEAD_RECKONING,2.457,26993,3.711662,-1.953344781911961,1.9668867476660215,1.3805703707979768,0.1311046119442621,false,2.446927280425394,0.4751012623310089
208688,DEAD_RECKONING,2.457,26993,3.711662,-2.0225978710405803,1.7890349281268723,2.067612824536781,0.35378402402585424,false,3.675999473410019,0.7005003094673157
208758,DEAD_RECKONING,2.457,27193,3.711662,-2.0569226661153683,1.6897064803352277,1.5713430200191176,0.5462685037837033,false,2.7659895033347963,0.7005003094673157
208905,DEAD_RECKONING,2.457,27193,3.711662,-2.0002282805552434,1.505335824248397,1.9323964896364652,0.31791480894018725,false,2.8856807320668216,0.8372560143470764
208971,DEAD_RECKONING,2.457,27395,3.711662,-1.876181878344164,1.5177121763983268,2.3530445891945972,0.3169550274677561,false,3.5534141140400184,0.48992040753364563
209039,DEAD_RECKONING,2.457,27395,3.711662,-1.804653245846813,1.4598500481284595,2.4277939436468334,0.4037092489215264,false,2.5532831061256354,0.48992040753364563
209180,DEAD_RECKONING,2.457,27595,3.711662,-1.7591588012588384,1.4582649966786736,1.226407013153915,0.3765092109266186,false,2.1625133273214945,0.6822696328163147
209255,DEAD_RECKONING,2.457,27595,3.711662,-1.340005783414936,1.6502616856816288,1.4940255498105812,0.5339182825830415,false,2.0342735415823325,0.6822696328163147
209391,DEAD_RECKONING,2.457,27797,3.711662,-1.0875370299845581,1.5687205006395175,2.7100205140368523,0.17380566431323494,false,4.076378339149288,0.31080931425094604
209461,DEAD_RECKONING,2.457,27797,3.711662,-1.0073239693377065,1.5104741770966015,2.189729157245751,0.4289533954867359,false,3.729913832583699,0.6610305905342102
209604,DEAD_RECKONING,2.457,27997,3.711662,-1.0308398618327597,1.58296731625211,1.1570356877143733,0.3299786953189867,false,2.0678637358382064,0.8754913806915283
209670,DEAD_RECKONING,2.457,27997,3.711662,-1.1815019150452064,1.3300125105347427,1.8622490972010621,0.6302524878513396,false,4.107921703217423,0.8754913806915283
209742,DEAD_RECKONING,2.457,27997,3.711662,-1.1859067665870995,1.3349710362748737,0.9445382948568218,0.7666560993977771,false,2.3408591106683434,0.8754913806915283
209886,DEAD_RECKONING,2.457,28199,3.711662,-1.091865826728454,1.3103612514687877,1.006054618412035,0.6402498953292081,false,1.7404465276319565,0.631629228591919
209959,DEAD_RECKONING,2.457,28400,3.711662,-1.1362844953213056,1.0916291411299177,1.3527266766969976,0.07907924221554538,false,2.0074030953480015,0.6032484173774719
210093,DEAD_RECKONING,2.457,28400,3.711662,-1.2215903929273133,1.089543004004537,1.0923993588483019,0.23064749581908808,false,2.89846345792438,0.4699806571006775
210175,DEAD_RECKONING,2.457,28605,3.711662,-1.2838937432893636,0.9408537497546517,0.898619225749323,0.3639333467210702,false,2.010444520330212,0.4699806571006775
210302,DEAD_RECKONING,2.457,28605,3.711662,-1.4606956270267308,1.0785552059629324,2.240958724218482,0.2929714831516022,false,4.324444366030185,0.45206859707832336
210375,DEAD_RECKONING,2.457,28805,3.711662,-1.6272853797839388,1.0482467202338333,1.845434228849251,0.3673408244925694,false,2.7026519514241953,0.45206859707832336
210451,DEAD_RECKONING,2.457,28805,3.711662,-1.7088965204901314,1.0075859469733597,0.8699310963062904,0.24571344045273674,false,2.2889499730517757,0.44053030014038086
210586,DEAD_RECKONING,2.457,29006,3.711662,-1.512193591785662,0.9288965031976052,2.2741649947919904,0.3228269532457449,false,4.485113001460237,0.7546257376670837
210671,DEAD_RECKONING,2.457,29006,3.711662,-1.5697029289470892,0.9264831051262915,0.6342055226961354,0.5626817767154634,false,2.559826489054889,0.7546257376670837
210793,DEAD_RECKONING,2.457,29206,3.711662,-1.5388163212380843,0.8743090847419956,1.8371670923520176,0.244995402590458,false,3.2012995264041675,0.5639936327934265
210866,DEAD_RECKONING,2.457,29206,3.711662,-1.6031819549424522,0.8783118908171604,1.9841174780222521,0.39178955972570306,false,2.478482883091107,0.5639936327934265
211007,DEAD_RECKONING,2.457,29407,3.711662,-1.7528340755428264,0.8235109488312159,2.251598954194772,0.20937731821674224,false,2.688554214442804,0.6192072629928589
211076,DEAD_RECKONING,2.457,29407,3.711662,-1.8503740560790403,0.833791680999307,1.534941973150637,0.19177887539313673,false,1.1216420055029177,0.3773152530193329
211150,DEAD_RECKONING,2.457,29407,3.711662,-1.7952325717173208,1.006607822089302,0.6116236372887428,0.2889785049454367,false,0.8846358543371912,0.3773152530193329
211288,DEAD_RECKONING,2.457,29607,3.711662,-1.8242889463869945,1.023329982265897,0.4048977295325618,0.17169018950261175,false,0.4019527202523481,0.11177431046962738
211356,DEAD_RECKONING,2.457,29807,3.711662,-1.9313526897687163,0.9293687497656129,0.5642749974493289,0.13107860290502785,false,0.7326416527686145,0.11177431046962738
211498,DEAD_RECKONING,2.457,29807,3.711662,-1.9193614629502367,0.9434945216773094,0.22110849542898117,0.0853072148495988,false,0.6113168659120428,0.05788962543010712
211571,DEAD_RECKONING,2.457,30008,3.711662,-1.9319801729619732,0.968955235577487,0.29392448660591464,0.05859649794333683,false,0.4935414895572799,0.160194993019104
211707,DEAD_RECKONING,2.457,30008,3.711662,-2.001422190746613,1.0160455485771638,0.9018783794735861,0.19522508559061885,false,1.417373360592075,0.3135560154914856
211780,DEAD_RECKONING,2.457,30209,3.711662,-2.0487290134477663,1.0224115270191356,0.4846426814684827,0.2609797499468557,false,0.4072416518441513,0.3135560154914856
211847,DEAD_RECKONING,2.457,30209,3.711662,-1.9674459887757425,1.0868250560967394,0.7254059141310231,0.244456451752447,false,1.6212624139933456,0.3191218972206116
211988,DEAD_RECKONING,2.457,30409,3.711662,-1.9450920318725764,1.0630695009256907,0.5581197367751811,0.27910967017102295,false,0.5198064992349234,0.3191218972206116
212058,DEAD_RECKONING,2.457,30409,3.711662,-1.9504560976840775,1.066001174425826,0.30297486830845594,0.07198759052282078,false,0.8365229664729577,0.1307399421930313
212200,DEAD_RECKONING,2.457,30609,3.711662,-1.8979456653779292,1.0019817561029511,0.885070968318088,0.22626575974070776,false,1.53191074046346,0.3677876889705658
212267,DEAD_RECKONING,2.457,30609,3.711662,-1.8281465792949831,0.9651327502944286,0.9149757030088012,0.3047568549615221,false,0.9611667921446319,0.3677876889705658
212413,DEAD_RECKONING,2.457,30810,3.711662,-1.8482633463292897,0.9456262059492705,0.46237936980729666,0.2692479629657577,false,0.9838451468192135,0.27372658252716064
212480,DEAD_RECKONING,2.457,30810,3.711662,-1.9198331547434933,0.9513256844938536,0.7690807709156684,0.26799058537886034,false,1.1692235110148523,0.27372658252716064
212548,DEAD_RECKONING,2.457,30810,3.711662,-1.9947895522801233,1.118089203141178,1.484461863590528,0.26182645774841534,false,2.22528630869756,0.29108545184135437
212695,DEAD_RECKONING,2.457,31029,3.711662,-2.087440450275852,1.1299450950375025,0.9747661043844432,0.12807855672646795,false,1.0238994389955374,0.24208126962184906
212761,DEAD_RECKONING,2.457,31029,3.711662,-2.199235815374021,1.190460653420933,1.4378793796084428,0.17551772102057825,false,1.865306104142438,0.24208126962184906
212898,DEAD_RECKONING,2.457,31242,3.711662,-2.252600992907179,1.2722238093492517,1.0323543731436609,0.31471771966509754,false,0.8074504335123295,0.4619838297367096
212971,DEAD_RECKONING,2.457,31242,3.711662,-2.2001249843419335,1.2425864134116074,1.083031665834474,0.39527615667503924,false,2.3770613732644383,0.4619838297367096
213111,DEAD_RECKONING,2.457,31448,3.711662,-2.268361808811517,1.440336379422569,2.328378519056029,0.13952200621949595,false,4.053527189206683,0.26112091541290283
213179,DEAD_RECKONING,2.457,31448,3.711662,-2.266268791787821,1.4516586727259408,0.45433286368124487,0.28949809421114137,false,2.186099120399523,0.47117558121681213
213252,DEAD_RECKONING,2.457,31651,3.711662,-1.8857105109817232,1.4908322693327472,2.894661346699184,0.38903108109517565,false,5.328569369541586,0.47117558121681213
213394,DEAD_RECKONING,2.457,31651,3.711662,-1.8371733804673742,1.3844319709587658,1.7476383848210553,0.23220801130563193,false,2.7900678890184,0.7055429220199585
213460,DEAD_RECKONING,2.457,31852,3.711662,-1.7573280929699528,1.1571232520938783,1.92666638525019,0.17682474079292107,false,2.8079241302960196,0.18995599448680878
213602,DEAD_RECKONING,2.457,32052,3.711662,-1.7664872979270296,1.177276738867324,2.74383138537765,0.1773803838836491,false,5.276299180200226,0.18995599448680878
213676,DEAD_RECKONING,2.457,32052,3.711662,-1.7421788611441218,1.363654769930716,2.000898234207293,0.3066314132758349,false,4.872310925802426,0.6826122999191284
213816,DEAD_RECKONING,2.457,32253,3.711662,-1.7209453046519412,1.5028466304037396,1.528738118909831,0.2896311171782287,false,1.1592904997847564,0.6618061661720276
213882,DEAD_RECKONING,2.457,32253,3.711662,-1.7327960215301015,1.6604668114430392,1.5952187202002999,0.4917029676375619,false,1.7599668150255667,0.6618061661720276
213958,DEAD_RECKONING,2.457,32253,3.711662,-2.099350649470058,1.3423597283468174,1.7239416298003585,0.2101822016845051,false,2.0140309197571784,0.16647343337535858
214092,DEAD_RECKONING,2.457,32454,3.711662,-2.063062157543371,1.3441315442802138,0.3875466653554165,0.02584704787235092,false,1.737335261231089,0.1568928062915802
214162,DEAD_RECKONING,2.457,32454,3.711662,-2.0537883110885957,1.1163641265314443,1.1672738269882632,0.08738203672114114,false,1.8634051841521533,0.1568928062915802
214308,DEAD_RECKONING,2.457,32654,3.711662,-2.035097469556666,1.1191048751128374,0.29339632440062663,0.1108331123569501,false,0.8041797609779142,0.17738987505435944
214374,DEAD_RECKONING,2.457,32654,3.711662,-2.0657721272999376,1.129751150698631,0.3950795715877401,0.14590272882342167,false,0.7614142454808647,0.17738987505435944
214513,DEAD_RECKONING,2.457,32856,3.711662,-2.0159690444783016,1.0292616235857193,1.130129012714288,0.10257264691098507,false,2.2465318244697428,0.2511364817619324
214589,DEAD_RECKONING,2.457,32856,3.711662,-1.9834231252114152,0.9828435330483121,0.567262178365875,0.10801463880023769,false,0.19662623050362085,0.15865390002727509
214657,DEAD_RECKONING,2.457,33067,3.711662,-1.9475462774078076,1.012336913317595,0.3932965423934408,0.13349537309496287,false,0.8082282826498083,0.15865390002727509
214795,DEAD_RECKONING,2.457,33067,3.711662,-2.041410769144485,1.0660734773354337,1.2324597539522106,0.14043383944235316,false,2.37690079794456,0.19049428403377533
214866,DEAD_RECKONING,2.457,33268,3.711662,-2.0983040483681976,1.095784507048703,0.7022789002804795,0.1652694340574775,false,0.6351263136045141,0.19049428403377533
215005,DEAD_RECKONING,2.457,33268,3.711662,-2.173353455746849,1.1971075589292204,1.1637948610735427,0.07472681303230976,false,1.5640146436549418,0.07741689682006836
215076,DEAD_RECKONING,2.457,33468,3.711662,-2.2577812472977077,1.243611337310037,1.1670037877481962,0.14951536822178713,false,1.3096826988875623,0.22952477633953094
215217,DEAD_RECKONING,2.457,33670,3.711662,-2.3398413709981623,1.3277296650042265,1.2416560365986211,0.21513304666160993,false,1.8514155047498808,0.2799520492553711
215289,DEAD_RECKONING,2.457,33670,3.711662,-2.434515964968906,1.3935481152734035,1.1682323418923402,0.25048626868592283,false,1.215893924229342,0.2799520492553711
215356,DEAD_RECKONING,2.457,33670,3.711662,-2.488321871065949,1.4243473049731392,0.7628265805703405,0.2667905855841635,false,0.9705289537552066,0.2799520492553711
215495,DEAD_RECKONING,2.457,33874,3.711662,-2.551763099174816,1.3654539857644405,0.47101981503777995,0.0934088807889569,false,0.7071027079924651,0.13169987499713898
215571,DEAD_RECKONING,2.457,33874,3.711662,-2.561036546162828,1.3704162274222382,0.6126949084033309,0.0879432535743548,false,0.8551522561457277,0.09977319091558456
215706,DEAD_RECKONING,2.457,34075,3.711662,-2.5185713948706074,1.3079597116232222,0.7565149866065455,0.14306434335723975,false,1.3533897028454618,0.23430153727531433
215776,DEAD_RECKONING,2.457,34075,3.711662,-2.4255135664048986,1.4231613234504248,0.2440923859085741,0.19237306847863617,false,0.22306790871709914,0.23430153727531433
215920,DEAD_RECKONING,2.457,34276,3.711662,-2.391163205534363,1.402044033777321,0.4684440844293767,0.08157244562738858,false,0.7241749467084675,0.0905974730849266
215987,DEAD_RECKONING,2.457,34276,3.711662,-2.452969521151318,1.2645690900692605,0.25788840609356317,0.06870990480813821,false,0.4692690895877664,0.0905974730849266
216057,DEAD_RECKONING,2.457,34476,3.711662,-2.3777594337269243,1.2257963491125548,1.0196170908919318,0.20917765042680542,false,1.6723372714574245,0.34135574102401733
216203,DEAD_RECKONING,2.457,34476,3.711662,-2.357327395721093,1.2580682182477851,0.3153672797328514,0.1632193954880204,false,0.6761531417997502,0.1286224126815796
216268,DEAD_RECKONING,2.457,34678,3.711662,-2.3602804993616746,1.2596442427924246,0.8430964724590774,0.1436343921152415,false,1.7584094002085477,0.1286224126815796
216407,DEAD_RECKONING,2.457,34678,3.711662,-2.4122115855580417,1.237616914601262,0.42363709734044735,0.18075891984996892,false,1.1126623009527352,0.24224460124969482
216479,DEAD_RECKONING,2.457,34879,3.711662,-2.3887775728318883,1.2255937858257822,0.46868441626352375,0.2130218014797753,false,0.9302960694933773,0.24224460124969482
216618,DEAD_RECKONING,2.457,34879,3.711662,-2.4038016929100547,1.1721836605915386,0.44252075164485943,0.1509156840744453,false,0.6359600911452259,0.11331143230199814
216690,DEAD_RECKONING,2.457,35079,3.711662,-2.3973904041794936,1.1858889451914392,0.2457975185993795,0.10033212221025416,false,0.7738470776537791,0.11359206587076187
216760,DEAD_RECKONING,2.457,35079,3.711662,-2.439889556330878,1.2069115014795064,0.5114820763170703,0.10117953182816108,false,0.977088840030319,0.11359206587076187
216899,DEAD_RECKONING,2.457,35280,3.711662,-2.56740762544128,1.2958630859252696,1.5485924138695277,0.16763553971792286,false,2.4309215111500047,0.23335111141204834
216971,DEAD_RECKONING,2.457,35280,3.711662,-2.6325812238573145,1.3287585480744641,0.7491345721053563,0.20362720639717377,false,0.34830163026464006,0.23335111141204834
217116,DEAD_RECKONING,2.457,35480,3.711662,-2.774904902055436,1.3419258230104738,1.5409119406885954,0.11855050480672415,false,2.321845610185451,0.12031281739473343
217184,DEAD_RECKONING,2.457,35480,3.711662,-2.8608723328477534,1.4137504722744043,1.1172886599390235,0.1733504248675956,false,1.3790370588424865,0.218974307179451
217320,DEAD_RECKONING,2.457,35680,3.711662,-2.7400754569698513,1.3064698940203099,1.6991431422471353,0.42674128741469763,false,3.8994359490341894,0.6670121550559998
217391,DEAD_RECKONING,2.457,35680,3.711662,-2.6909144312603717,1.1955702480577048,1.5600278622485584,0.5595609139227624,false,1.7564413108963388,0.6670121550559998
217467,DEAD_RECKONING,2.457,35885,3.711662,-2.5893465600892744,1.1983830732779719,2.2608995050358582,0.30792965440866804,false,3.1599621160050395,0.22503550350666046
217601,DEAD_RECKONING,2.457,35885,3.711662,-2.5914528860652273,1.2191976960356532,0.32225059551254287,0.23685611470446646,false,1.5581943034941077,0.22503550350666046
217672,DEAD_RECKONING,2.457,36086,3.711662,-2.6213854954913574,1.233280054485968,0.9802057840808331,0.08346481038111662,false,1.7996577545562453,0.30842217803001404
217817,DEAD_RECKONING,2.457,36086,3.711662,-2.577261414249602,1.2527617815860532,1.279045143755885,0.23477559505628795,false,2.3646462824359826,0.4766392409801483
217882,DEAD_RECKONING,2.457,36294,3.711662,-2.638329211900396,1.2824457719486761,0.7842628584169911,0.3693751387864865,false,1.701737837720384,0.4766392409801483
218024,DEAD_RECKONING,2.457,36294,3.711662,-2.632528117679963,1.2909038445324617,0.7094811730851471,0.341215733907,false,1.3726531545138319,0.34740492701530457
218097,DEAD_RECKONING,2.457,36509,3.711662,-2.732886260194192,1.3084957498663257,1.068582317215043,0.3414754787560885,false,1.8582105997518215,0.34740492701530457
218165,DEAD_RECKONING,2.457,36509,3.711662,-2.907878145336911,1.1789204933717763,1.14563514586084,0.25047611443762746,false,1.3573366046018949,0.23880694806575775
218305,DEAD_RECKONING,2.457,36711,3.711662,-3.033856796036317,1.235282695265683,1.3765073734921467,0.2120721111706223,false,1.580079501026814,0.20600207149982452
218375,DEAD_RECKONING,2.457,36711,3.711662,-2.965565885515594,1.4524914416586847,0.5601077384645691,0.2056642847196287,false,0.9596434210340341,0.20600207149982452
218513,DEAD_RECKONING,2.457,36911,3.711662,-3.026918442770082,1.433836911769871,0.6946574929762451,0.11864630002188742,false,1.251663862527668,0.21228085458278656
218587,DEAD_RECKONING,2.457,36911,3.711662,-3.0304079162099256,1.4354898587901779,0.23909166548386207,0.15976496391235986,false,0.32431970467728666,0.21228085458278656
218730,DEAD_RECKONING,2.457,37111,3.711662,-3.150380489139484,1.5128005366624349,1.432156543319689,0.08118038995194694,false,2.5773927619382806,0.11897198855876923
218795,DEAD_RECKONING,2.457,37111,3.711662,-3.2008364502732705,1.6241625831903352,1.2720536234837063,0.2300907744707086,false,1.5834969143177755,0.3575858175754547
218867,DEAD_RECKONING,2.457,37317,3.711662,-3.24045045213262,1.7652915072338073,1.024834244815031,0.3009168218335962,false,1.1608114940562262,0.3575858175754547
219006,DEAD_RECKONING,2.457,37317,3.711662,-3.254300848085142,1.8982486184679481,0.8515884073193845,0.23515801422611096,false,0.8011493495662103,0.20902465283870697
219084,DEAD_RECKONING,2.457,37518,3.711662,-3.3145198548726764,1.9333746414683144,0.9215619080753695,0.17752261817965695,false,1.2477919892802654,0.1392979472875595
219215,DEAD_RECKONING,2.457,37518,3.711662,-3.40600056262044,1.9390529035874202,0.8441851667445408,0.15499641213063498,false,1.027368431347038,0.1392979472875595
219286,DEAD_RECKONING,2.457,37718,3.711662,-3.4701893330709983,1.9755958868992323,0.8534545025934469,0.02198428005855308,false,0.9373442455193404,0.11550932377576828
219428,DEAD_RECKONING,2.457,37718,3.711662,-3.54189284760897,2.016505944706056,0.9041379296965759,0.09075240691669449,false,1.0773067415747177,0.15287786722183228
219496,DEAD_RECKONING,2.457,37918,3.711662,-3.557506223319888,2.021756730138292,0.19742796463529727,0.12527496697591858,false,0.5447870738589907,0.15287786722183228
219568,DEAD_RECKONING,2.457,37918,3.711662,-3.5205186141957077,2.133750840098506,0.27071050722417284,0.14196403058607363,false,0.40038664778834515,0.1556229591369629
219710,DEAD_RECKONING,2.457,38118,3.711662,-3.4976937717015533,2.1082631988575566,0.41308734985632134,0.1160691263750775,false,0.8961657587828481,0.175363227725029
219777,DEAD_RECKONING,2.457,38118,3.711662,-3.7274671637892207,1.9937104984131255,1.5026891285712667,0.14366924320676314,false,2.9707008359310167,0.175363227725029
219918,DEAD_RECKONING,2.457,38318,3.711662,-3.7150589796120457,2.09710144058987,0.7237866488200414,0.20319061456350823,false,1.0379274795898938,0.44048556685447693
219988,DEAD_RECKONING,2.457,38318,3.711662,-3.6263638327795658,2.047034208490328,1.3569343484078442,0.3340022716841198,false,2.6123040940217157,0.44048556685447693
220128,DEAD_RECKONING,2.457,38519,3.711662,-3.5986305565134735,1.9681542716656588,1.1733263330399908,0.19197214996805442,false,1.3495132764770996,0.498719722032547
220202,DEAD_RECKONING,2.457,38519,3.711662,-3.585068969982449,1.9140483920561444,0.6920603173474569,0.1741836005731531,false,1.4353446670079595,0.22470584511756897
220267,DEAD_RECKONING,2.457,38721,3.711662,-3.5354543309746758,2.0662094525814934,0.9247890802562548,0.1970057210900784,false,1.4955468045504714,0.22470584511756897
220411,DEAD_RECKONING,2.457,38721,3.711662,-3.5139783666782773,2.0064632354328564,0.7821605526858282,0.17956787710247613,false,1.9658567757777934,0.23608669638633728
220483,DEAD_RECKONING,2.457,38922,3.711662,-3.212839098642516,2.091563953416768,2.234350565550468,0.20544737810837274,false,3.4852304005343724,0.23608669638633728
220625,DEAD_RECKONING,2.457,38922,3.711662,-3.12300824756428,1.9901601879829587,1.3977443668290326,0.2332921587921041,false,0.9067645650464725,0.5371003746986389
220690,DEAD_RECKONING,2.457,39123,3.711662,-3.149447148508907,1.9466739253187877,1.2861460639678581,0.04883096829821544,false,2.3180773440977527,0.24313896894454956
220829,DEAD_RECKONING,2.457,39123,3.711662,-3.190298772273868,1.9548571356809852,0.5273807208555907,0.15268265697067201,false,1.6805916804546495,0.24313896894454956
220900,DEAD_RECKONING,2.457,39326,3.711662,-3.238182440634586,1.9183869711535892,0.8071936476402234,0.16068339622876227,false,1.1415025564677403,0.19647535681724548
220973,DEAD_RECKONING,2.457,39326,3.711662,-3.229452206886766,1.8630151302397038,0.8690229654681542,0.1782354650457279,false,1.1848860744773748,0.19647535681724548
221111,DEAD_RECKONING,2.457,39527,3.711662,-3.2734033969055734,1.770426889946295,0.31838441566288456,0.18072661836247192,false,0.4858828799385649,0.27167820930480957
221181,DEAD_RECKONING,2.457,39527,3.711662,-3.259648821401654,1.7629876997887497,0.5707890683459187,0.1559503819742553,false,0.778997514947176,0.242216557264328
221321,DEAD_RECKONING,2.457,39728,3.711662,-3.2280342870119796,1.7155050397696763,0.6364574047252269,0.05333742015510408,false,0.9076761957720186,0.06765740364789963
221390,DEAD_RECKONING,2.457,39728,3.711662,-2.8601386030320173,2.159810115072166,0.4144468570299133,0.04196606875070627,false,0.315026427746328,0.06765740364789963
221533,DEAD_RECKONING,2.457,39929,3.711662,-2.863977934873464,2.164564033183881,0.18855431408808018,0.081011468331872,false,0.35883175665045075,0.11437033116817474
221604,DEAD_RECKONING,2.457,39929,3.711662,-2.8896085009754415,2.18449412000331,0.3585396819129886,0.0995043458195333,false,0.5505900993141631,0.11437033116817474
221672,DEAD_RECKONING,2.457,39929,3.711662,-3.01177477523515,1.953038805705807,0.37572506160735974,0.1134313728455254,false,0.7952275668790735,0.203000009059906
221813,DEAD_RECKONING,2.457,40129,3.711662,-3.0182071609506718,1.9540898639516948,0.34696276810807575,0.04875267867910211,false,0.5471716718490469,0.08064652979373932
221893,DEAD_RECKONING,2.457,40330,3.711662,-3.0150821747773184,1.921882114751597,0.3569577759533559,0.0576055653130297,false,0.5941900596763348,0.08064652979373932
222024,DEAD_RECKONING,2.457,40330,3.711662,-3.023885483054957,1.9421488761600765,0.3061606676169662,0.10394621241575491,false,0.6133552412161868,0.15200790762901306
222092,DEAD_RECKONING,2.457,40531,3.711662,-3.103219803650643,1.9931028763856977,0.9952659594290298,0.13026473855308565,false,1.6251222550195419,0.15200790762901306
222236,DEAD_RECKONING,2.457,40531,3.711662,-3.109928800188669,2.0196051581359487,0.2829960836838436,0.18761316198838643,false,0.6548078235957676,0.27644407749176025
222306,DEAD_RECKONING,2.457,40731,3.711662,-3.1240185835212153,2.0072882224201036,0.18889296492452823,0.08874779710323923,false,0.4870134460737452,0.07113243639469147
222373,DEAD_RECKONING,2.457,40731,3.711662,-3.286691113480607,1.753955716581256,0.4642202819751639,0.06516384837451526,false,0.7708341867143043,0.07113243639469147
222514,DEAD_RECKONING,2.457,40931,3.711662,-3.29338537434067,1.7497882616739382,0.3104672144814456,0.125159265709782,false,0.3006250146385372,0.21924838423728943
222587,DEAD_RECKONING,2.457,40931,3.711662,-3.1752802588932894,1.8702888630848724,0.5641822751828947,0.17658727779745736,false,1.00825665823184,0.21924838423728943
222727,DEAD_RECKONING,2.457,41131,3.711662,-3.197446834746661,1.9137076290732957,0.5021102645951075,0.06465176406068587,false,1.0783391758282594,0.09758790582418442
222797,DEAD_RECKONING,2.457,41131,3.711662,-3.4460407634486208,1.6027425355588178,1.0137029837466345,0.12235846843457802,false,1.655426287783035,0.20171667635440826
222935,DEAD_RECKONING,2.457,41333,3.711662,-3.4175314926034623,1.6210624406334144,0.34411826947812496,0.07862820560761026,false,1.2804826702408505,0.0885804146528244
223006,DEAD_RECKONING,2.457,41333,3.711662,-3.3949223377158186,1.7162470502441969,0.31551898013792845,0.07853049253099453,false,0.6095955634625144,0.0885804146528244
223077,DEAD_RECKONING,2.457,41333,3.711662,-3.477880102301022,1.7581849812485337,0.984349844903744,0.08317871880631617,false,1.541698480371951,0.0885804146528244
223218,DEAD_RECKONING,2.457,41534,3.711662,-3.522592028836094,1.7548085266303313,0.43196819916166407,0.1816057287875806,false,0.13803858790505283,0.28172528743743896
223286,DEAD_RECKONING,2.457,41738,3.711662,-3.5193943910501084,1.75321559676335,0.25768109781235715,0.16274037807644035,false,0.6931527368523713,0.1749424785375595
223425,DEAD_RECKONING,2.457,41738,3.711662,-3.551195600220168,1.7055287412165863,0.19984966548331928,0.09282446393452749,false,0.2862986637434109,0.05692533403635025
223506,DEAD_RECKONING,2.457,41938,3.711662,-3.5641420468409564,1.703306906367114,0.14065956117895592,0.06824987193625891,false,0.1577363170580288,0.05692533403635025
223638,DEAD_RECKONING,2.457,41938,3.711662,-3.5504375687688134,1.824548373726176,0.4690680682076026,0.04480001253839554,false,0.7808412059850157,0.1174958199262619
223707,DEAD_RECKONING,2.457,42139,3.711662,-3.5736295308337644,1.87111120204474,0.42180954472060467,0.08406643882568607,false,0.43567067672175097,0.1174958199262619
223782,DEAD_RECKONING,2.457,42139,3.711662,-3.6257276093662822,1.8983891550351433,0.6718103064697671,0.08723443924388138,false,0.9249539679800725,0.1104496493935585
223917,DEAD_RECKONING,2.457,42339,3.711662,-3.724316757896844,1.8133857693114714,0.5513086681236723,0.1464118478286787,false,0.47806339159933464,0.21461503207683563
223988,DEAD_RECKONING,2.457,42339,3.711662,-3.7647265395347476,1.8330614649428332,0.5980227006757776,0.18350543940787686,false,0.6791187942150269,0.21461503207683563
224132,DEAD_RECKONING,2.457,42540,3.711662,-3.7442610833655303,1.8602021378507752,0.4037823809603686,0.052355097418975254,false,0.652022300631609,0.08759969472885132
224203,DEAD_RECKONING,2.457,42540,3.711662,-3.649223776669894,2.0622472913397067,0.327028341565091,0.04767282221842467,false,0.7380710685052143,0.08759969472885132
224340,DEAD_RECKONING,2.457,42740,3.711662,-3.6048619951856327,2.0698612283994415,0.49753269891265195,0.05373604258674301,false,0.883234543696529,0.06015746667981148
224409,DEAD_RECKONING,2.457,42740,3.711662,-3.535804367555507,2.0220976162236206,0.8375578692598836,0.12041295597258173,false,1.2791043102338913,0.18838714063167572
224481,DEAD_RECKONING,2.457,42740,3.711662,-3.5618476444574347,1.953689315806481,0.22026531300851243,0.15784948758221176,false,0.5603259544496871,0.18838714063167572
224619,DEAD_RECKONING,2.457,42940,3.711662,-3.5537630759891266,1.9967038800682364,0.46974310841156197,0.1704565152888791,false,1.0143880517091515,0.21737796068191528
224691,DEAD_RECKONING,2.457,43140,3.711662,-3.5340428496075416,2.1066727780474976,0.4441248203914372,0.1406789854522528,false,0.6922468898812765,0.15014100074768066
224831,DEAD_RECKONING,2.457,43140,3.711662,-3.6629150482028807,2.04521981748714,1.0052806602199544,0.14220289070260922,false,1.5281600083520062,0.15014100074768066
224902,DEAD_RECKONING,2.457,43341,3.711662,-3.7672263503380647,2.047052660504986,1.0116914452497712,0.10688272344638503,false,1.1364874141067598,0.09260857105255127
225040,DEAD_RECKONING,2.457,43341,3.711662,-3.822936660725425,2.1408587546368083,1.1546520869811039,0.07658443879652159,false,1.3160651551443754,0.14243042469024658
225114,DEAD_RECKONING,2.457,43542,3.711662,-3.8510219886749897,2.15080860300394,0.6305121114914713,0.10885509408217572,false,0.5475538265038153,0.14243042469024658
225182,DEAD_RECKONING,2.457,43542,3.711662,-3.9335706140452236,2.1969122851263934,0.9653123185878909,0.14107176643237399,false,1.4657493669159667,0.22054889798164368
225321,DEAD_RECKONING,2.457,43742,3.711662,-4.006322886857132,2.3246114855628384,1.289732984066423,0.18298856347579262,false,1.5473684388774993,0.22054889798164368
225396,DEAD_RECKONING,2.457,43742,3.711662,-4.105550804295525,2.382187063737648,1.2422325258636617,0.04729021553521169,false,1.2599847283418664,0.11134562641382217
225532,DEAD_RECKONING,2.457,43944,3.711662,-4.126167458014426,2.4173664495961704,0.4222762222033701,0.10978593274380402,false,0.324956495535021,0.16226637363433838
225604,DEAD_RECKONING,2.457,43944,3.711662,-4.240394992629497,2.239360628833203,0.3056259406805941,0.13894165439084563,false,0.39390628398683397,0.16226637363433838
225744,DEAD_RECKONING,2.457,44149,3.711662,-4.262423570794981,2.2805863731645335,0.43929572769488906,0.17080916006594116,false,0.5952886979907929,0.198924258351326
225812,DEAD_RECKONING,2.457,44149,3.711662,-4.284866309067934,2.274090226613765,0.30518564903084866,0.12808465973378852,false,0.6012308839369876,0.09823448956012726
225888,DEAD_RECKONING,2.457,44149,3.711662,-4.300990888854695,2.282647961361224,0.2955486302074576,0.11077178936721467,false,0.30859058872132267,0.09823448956012726
226026,DEAD_RECKONING,2.457,44360,3.711662,-4.34368272816691,2.3545627740488833,0.8364711014953238,0.18276405758603517,false,1.3490353897050282,0.2457352727651596
226097,DEAD_RECKONING,2.457,44360,3.711662,-4.326790620341576,2.5140598547304087,0.8302158503710485,0.21755816135898648,false,0.8407505471110336,0.2457352727651596
226233,DEAD_RECKONING,2.457,44576,3.711662,-4.384703952863806,2.49544393228293,0.43461380314483944,0.12356457054178346,false,0.3339669887593286,0.10748481750488281
226308,DEAD_RECKONING,2.457,44576,3.711662,-4.388477254357186,2.508570321767175,0.1993930129345179,0.08359297161955971,false,0.36420053979166256,0.07878558337688446
226444,DEAD_RECKONING,2.457,44793,3.711662,-4.408631684322622,2.3195266327292945,0.7717941297058143,0.07694414964309401,false,1.414553756933185,0.07878558337688446
226516,DEAD_RECKONING,2.457,44793,3.711662,-4.360402658537681,2.3460884076305857,0.6296008102590717,0.1414272054852795,false,0.7432619516452559,0.25276926159858704
226592,DEAD_RECKONING,2.457,44998,3.711662,-4.3230122565737314,2.3259707268855494,0.6082085053447981,0.20223799209701965,false,0.7894543867322356,0.25276926159858704
226726,DEAD_RECKONING,2.457,44998,3.711662,-4.321417946346342,2.352778374730027,0.3527369251893033,0.08864347753246477,false,0.8651780973814985,0.14862892031669617
226796,DEAD_RECKONING,2.457,45205,3.711662,-4.222406133714445,2.6107288993755224,0.6897128771020634,0.05179501824981631,false,1.0779669873738273,0.07980995625257492
226940,DEAD_RECKONING,2.457,45205,3.711662,-4.314777800268438,2.704671654736386,1.3149339276925676,0.07283936448838464,false,1.8979342719179706,0.17019423842430115
227007,DEAD_RECKONING,2.457,45407,3.711662,-4.611933381726477,2.433257281040753,1.42622198220138,0.12704771500269993,false,1.5530094475911778,0.17019423842430115
227146,DEAD_RECKONING,2.457,45407,3.711662,-4.682972135498377,2.492686033013545,0.9141640554041,0.05281890893019832,false,0.5817308873681012,0.11495181173086166
227218,DEAD_RECKONING,2.457,45619,3.711662,-4.706009094246436,2.4900023842049346,0.26916428926495245,0.07941548342394303,false,0.5696401079030246,0.11495181173086166
227292,DEAD_RECKONING,2.457,45619,3.711662,-4.715242794309126,2.6032747114078565,0.7121328567879329,0.10571976861425247,false,1.1910610356434028,0.19550275802612305
227426,DEAD_RECKONING,2.457,45821,3.711662,-4.8390964109565155,2.535525523041804,0.7894793809011091,0.03380131623060614,false,0.9414598381331656,0.09197290241718292
227499,DEAD_RECKONING,2.457,45821,3.711662,-4.801196356862489,2.5156671556279013,0.5505850208834784,0.059611993737414236,false,1.549219731103663,0.09197290241718292
227639,DEAD_RECKONING,2.457,46022,3.711662,-4.740075924322132,2.5547954582626367,0.7890960911171137,0.10725589113667348,false,1.5341487718621685,0.23808850347995758
227707,DEAD_RECKONING,2.457,46022,3.711662,-4.670293717884292,2.63605300607261,0.46407251490052637,0.18013975760339374,false,0.7194243791647493,0.23808850347995758
227847,DEAD_RECKONING,2.457,46226,3.711662,-4.566659339754487,2.682800182228059,0.7181035151210647,0.052547019445123466,false,1.0342624378048049,0.07114200294017792
227923,DEAD_RECKONING,2.457,46226,3.711662,-4.491445935536992,2.6012263850875876,1.082864903655494,0.03491535806716811,false,1.5025665005413285,0.03039029985666275
227996,DEAD_RECKONING,2.457,46427,3.711662,-4.388192156304909,2.5414268330606093,1.2359699398183641,0.0308704594789427,false,1.3890479087203396,0.03039029985666275
228128,DEAD_RECKONING,2.457,46427,3.711662,-4.2681889426575585,2.5914089792316757,0.7870616873232843,0.03635366667714122,false,0.5742754823932623,0.04333977401256561
228205,DEAD_RECKONING,2.457,46627,3.711662,-4.280662235148874,2.5989820746585273,0.356411162756296,0.04003928138139336,false,1.1338873168257286,0.04333977401256561
228340,DEAD_RECKONING,2.457,46627,3.711662,-4.261270055531548,2.5904068509070495,0.24717152231175388,0.12667479940695897,false,0.5056648769069508,0.219302698969841
228410,DEAD_RECKONING,2.457,46828,3.711662,-4.34707582697835,2.3225833241620317,0.5134687105466359,0.12997658929257686,false,0.7469036462573199,0.13527268171310425
228556,DEAD_RECKONING,2.457,46828,3.711662,-4.290912848181796,2.3272137424918777,0.5533690788841235,0.07338401637172208,false,0.6440446217636313,0.08939763158559799
228621,DEAD_RECKONING,2.457,47029,3.711662,-4.2583350386281,2.329821538553774,0.46292167322668876,0.07454447581567572,false,0.52272342851776,0.08939763158559799
228690,DEAD_RECKONING,2.457,47029,3.711662,-4.274324629336472,2.338569768199186,0.4117415664529722,0.08163039868745352,false,0.7653701261757742,0.08939763158559799
228837,DEAD_RECKONING,2.457,47230,3.711662,-4.324106517241778,2.3166629301933868,0.4610951622176842,0.10484070540410649,false,0.5945269698973621,0.13944466412067413
228903,DEAD_RECKONING,2.457,47230,3.711662,-4.376736664124703,2.3448598096662083,0.6107310623456124,0.14483647039924155,false,0.8399126472478813,0.17687112092971802
229042,DEAD_RECKONING,2.457,47431,3.711662,-4.421370245819188,2.3860491241905537,0.6145748490310108,0.18273351499775062,false,0.6746825077152574,0.21533571183681488
229112,DEAD_RECKONING,2.457,47431,3.711662,-4.466891764798716,2.410615395381173,0.591189783791568,0.20071313579013203,false,0.7059042419888716,0.21533571183681488
229254,DEAD_RECKONING,2.457,47631,3.711662,-4.514794885220039,2.4498339053968214,0.7064506054092351,0.08992042412632097,false,1.053884227428941,0.03206109628081322
229323,DEAD_RECKONING,2.457,47631,3.711662,-4.615649101329743,2.549155091831282,1.415486076576574,0.04616917058554279,false,2.0466577061209845,0.03206109628081322
229392,DEAD_RECKONING,2.457,47831,3.711662,-4.649858599229842,2.6346233762611195,0.8123267035926798,0.15465887269178558,false,0.43403539204054903,0.2681508958339691
229534,DEAD_RECKONING,2.457,47831,3.711662,-4.733160098931163,2.527536456974915,0.36359543942556055,0.08021904553514521,false,0.2658236655109047,0.22141705453395844
229604,DEAD_RECKONING,2.457,48033,3.711662,-4.757953178854719,2.5407761133731075,0.3605450178700859,0.15497083198639242,false,0.5404842452933951,0.22141705453395844
229746,DEAD_RECKONING,2.457,48033,3.711662,-4.678854044253225,2.6502948745889134,0.15536186739204208,0.08892571565508352,false,0.5071274196752829,0.11571088433265686
229817,DEAD_RECKONING,2.457,48236,3.711662,-4.7131821098482884,2.6371079269854807,0.3186599266973906,0.19009935324445124,false,0.6576235497138978,0.3254825472831726
229955,DEAD_RECKONING,2.457,48236,3.711662,-4.6936728441325535,2.6525640137557254,0.4228231249385112,0.26434675212420533,false,0.7302883886826548,0.3254825472831726
230028,DEAD_RECKONING,2.457,48437,3.711662,-4.630507692434046,2.667035609649081,0.5166580447718728,0.10878804472912562,false,0.7899793766563865,0.06365373730659485
230094,DEAD_RECKONING,2.457,48437,3.711662,-4.604070005039705,2.6518082828847422,0.6651099692076777,0.057589203814815505,false,0.9664506081310852,0.06365373730659485
230234,DEAD_RECKONING,2.457,48637,3.711662,-4.539210389240094,2.749940841373818,0.21853242749162394,0.07898750037522821,false,0.4181408653680369,0.13889065384864807
230306,DEAD_RECKONING,2.457,48637,3.711662,-4.538367068319231,2.7494299413617442,0.18720792750268922,0.01976039085383445,false,0.27846325009925244,0.07948950678110123
230451,DEAD_RECKONING,2.457,48837,3.711662,-4.543129896419034,2.6357552449376875,0.5581198772828183,0.05041500972628871,false,0.9574137542132334,0.07948950678110123
230515,DEAD_RECKONING,2.457,48837,3.711662,-4.46272614475453,2.5991003018376246,0.9275840231658996,0.0596744639401023,false,1.2361989640249706,0.08167916536331177
230656,DEAD_RECKONING,2.457,49037,3.711662,-4.3997573384407,2.547732789034885,0.8596748819184479,0.06379683034459833,false,0.9641634985261027,0.1285983771085739
230726,DEAD_RECKONING,2.457,49037,3.711662,-4.346027356076248,2.530572127630726,0.656794603572883,0.0985088846930689,false,0.607364583107727,0.1285983771085739
230804,DEAD_RECKONING,2.457,49237,3.711662,-4.321949676262838,2.5256078272769953,0.4294805952090586,0.0802088945369715,false,0.9260888398040887,0.16541066765785217
230937,DEAD_RECKONING,2.457,49237,3.711662,-4.269626034065378,2.5956953632180886,0.29297458620099837,0.12463124693610692,false,0.2768680086826922,0.16541066765785217
231006,DEAD_RECKONING,2.457,49439,3.711662,-4.298996166061246,2.6135507713570045,0.46981462806404506,0.16080065956568684,false,0.9608060219599339,0.19218163192272186
231149,DEAD_RECKONING,2.457,49439,3.711662,-4.288238888460102,2.639916490721831,0.49839014019343,0.10812405978888312,false,0.6715583900090608,0.1785913109779358
231216,DEAD_RECKONING,2.457,49639,3.711662,-4.432847999844154,2.4384980100755786,0.4372346776422151,0.1397215175558862,false,0.5615057056485113,0.1785913109779358
231358,DEAD_RECKONING,2.457,49639,3.711662,-4.537220982812027,2.5960375327330887,1.976198675772339,0.3594684000424326,false,3.4921609197834114,0.6950147747993469
231429,DEAD_RECKONING,2.457,49839,3.711662,-4.630384693448723,2.7320790957788446,1.6176174109441301,0.1350292673118752,false,2.028224251080528,0.10004228353500366
231497,DEAD_RECKONING,2.457,49839,3.711662,-4.720629341116069,2.7853264027999485,1.370039725445398,0.07021447587939551,false,1.4025597106282353,0.10004228353500366
231640,DEAD_RECKONING,2.457,50039,3.711662,-4.740731408176521,2.8439888058692593,0.8292744893759527,0.1336381154903743,false,0.5568501743026998,0.28969305753707886
231712,DEAD_RECKONING,2.457,50039,3.711662,-4.922383840487,2.5181901797903237,0.99383018949643,0.22045157885221578,false,2.2679709715698304,0.28969305753707886
231848,DEAD_RECKONING,2.457,50241,3.711662,-4.998969953686637,2.5235776150826243,0.8452730691524416,0.18050492279299474,false,1.2422641656220224,0.16059046983718872
231919,DEAD_RECKONING,2.457,50241,3.711662,-4.9204100240300805,2.749758576584718,1.2595191602424773,0.2752679841155897,false,2.0572978839665472,0.6367529630661011
232061,DEAD_RECKONING,2.457,50441,3.711662,-5.099892080804163,2.692589449125403,1.9185576413451002,0.18487784028543625,false,2.5594508083000753,0.4633529782295227
232128,DEAD_RECKONING,2.457,50441,3.711662,-5.181364600663257,2.63359530638833,1.2808697200116463,0.3339335564236932,false,1.839085368109522,0.4633529782295227
232211,DEAD_RECKONING,2.457,50641,3.711662,-5.180063583483453,2.7494084458116177,1.1906845728192308,0.4055546822935086,false,1.1956512158144914,0.4633529782295227
232345,DEAD_RECKONING,2.457,50641,3.711662,-5.181497918774008,2.698135935799472,0.5919406616106143,0.16085512296126603,false,1.2174268939399697,0.12219967693090439
232411,DEAD_RECKONING,2.457,50842,3.711662,-4.956489494075607,3.0357645879713857,0.4721773123633275,0.18458162865517327,false,0.43400181017031314,0.24825376272201538
232550,DEAD_RECKONING,2.457,50842,3.711662,-5.031399584750663,2.9041256227084946,0.42909177581641084,0.2213860369826441,false,0.6630807040527721,0.2741934359073639
232622,DEAD_RECKONING,2.457,51042,3.711662,-5.101976684823803,2.9448627498728883,1.228535618300523,0.24907795317915402,false,2.0936949998798893,0.2741934359073639
232761,DEAD_RECKONING,2.457,51042,3.711662,-5.051181407398102,3.045807782986261,0.19568454432749066,0.14708875243029138,false,0.6955274831756598,0.07259297370910645
232830,DEAD_RECKONING,2.457,51246,3.711662,-5.030959241409971,3.0488266275923266,0.3758146355164163,0.10390897856784774,false,0.624371401328466,0.07259297370910645
232900,DEAD_RECKONING,2.457,51246,3.711662,-4.997168267718222,3.028348858757371,0.4706741846713921,0.25844833076417234,false,0.8944495103527125,0.4632446765899658
233043,DEAD_RECKONING,2.457,51449,3.711662,-4.980037529127897,3.0465662846396584,0.3139681803067115,0.09408523345892324,false,0.4425345132073297,0.1124192625284195
233111,DEAD_RECKONING,2.457,51449,3.711662,-4.915922364874871,3.0073434682241347,0.8369907589684925,0.07436065443922514,false,1.3808224086675136,0.1124192625284195
233252,DEAD_RECKONING,2.457,51649,3.711662,-4.811974321712854,3.0595914675549762,0.6637049475661299,0.09852444931278083,false,0.7934990641606445,0.1772942841053009
233324,DEAD_RECKONING,2.457,51649,3.711662,-4.764584242298256,3.0678353747074607,0.5516045791179212,0.14074815859473105,false,0.6294879581116615,0.1772942841053009
233464,DEAD_RECKONING,2.457,51850,3.711662,-4.734988762717366,3.074531419640767,0.4768188135243013,0.09804649073305718,false,0.8525588512620342,0.084559366106987
233532,DEAD_RECKONING,2.457,51850,3.711662,-4.807800993324802,3.0279086849014063,0.5130947796901192,0.16037631274639982,false,0.998955589847561,0.24494709074497223
233608,DEAD_RECKONING,2.457,52052,3.711662,-4.757830186585817,2.9964375320965004,0.6679490743488877,0.20611883918202223,false,1.5890377691165614,0.24494709074497223
233732,DEAD_RECKONING,2.457,52052,3.711662,-4.671836979316689,2.9644969601515663,0.9001159633969269,0.14466850952056023,false,1.200990856494398,0.22269748151302338
233814,DEAD_RECKONING,2.457,52253,3.711662,-4.658265289805603,2.9558850945240076,0.44049475570419366,0.17864385648801628,false,0.8366430088110414,0.22269748151302338
233960,DEAD_RECKONING,2.457,52253,3.711662,-4.603787396314046,2.9483571197489287,0.5205065796903264,0.04620217232891687,false,0.9636638401420874,0.1383390724658966
234016,DEAD_RECKONING,2.457,52453,3.711662,-4.55158473294,2.914925494658693,0.6863698286625548,0.3496172021228044,false,0.9102652924071302,0.6409903764724731
234105,DEAD_RECKONING,2.457,52453,3.711662,-4.435536108136678,2.822811783862387,1.499537169855802,0.3391574311379553,false,2.173269838740975,0.43635693192481995
234209,DEAD_RECKONING,2.457,52655,3.711662,-4.393935532071972,2.758500224011571,0.7069116894386694,0.2803200479401581,false,0.07890574275381748,0.25529351830482483
234305,DEAD_RECKONING,2.457,52655,3.711662,-4.3998077706725685,2.6764422426265293,0.48736938897516163,0.14475645496835518,false,0.4553309817143962,0.14700119197368622
234405,DEAD_RECKONING,2.457,52857,3.711662,-4.33717315156692,2.6053697030182987,0.9689157730326226,0.15908343610410597,false,1.4000109331170767,0.17193681001663208
234504,DEAD_RECKONING,2.457,52857,3.711662,-4.3667443615697,2.5368347300485152,0.22514979169346366,0.09585586398801259,false,0.5653338623601336,0.04918523505330086
234604,DEAD_RECKONING,2.457,53058,3.711662,-4.378214924121293,2.5482888334618914,0.2351337996528663,0.1300182462610238,false,0.4077002476092902,0.18134619295597076
234704,DEAD_RECKONING,2.457,53058,3.711662,-4.4155359776969645,2.5344878431324314,0.5808267566665941,0.05472285078309918,false,0.869379054643174,0.053309936076402664
234805,DEAD_RECKONING,2.457,53258,3.711662,-4.45108465966335,2.484568158983117,0.48633736181114584,0.07327628773632247,false,0.6615121844188468,0.10491060465574265
234906,DEAD_RECKONING,2.457,53258,3.711662,-4.485698430447061,2.5684685578720354,0.9196821627677152,0.068735496708031,false,1.3914460263930648,0.06931214034557343
235005,DEAD_RECKONING,2.457,53458,3.711662,-4.562058995233196,2.7020730102617665,1.4120688467534672,0.15030876677622437,false,1.8928299771087578,0.24691052734851837
235105,DEAD_RECKONING,2.457,53458,3.711662,-4.685366825185229,2.7115663883867005,1.1299966087777051,0.18012492370573138,false,0.9830661484430397,0.21130944788455963
235206,DEAD_RECKONING,83.201,328,,-4.705464749443928,2.8159559528968376,0.7479377692626252,0.1520735005840662,false,0.544763668981866,0.14539246261119843
235306,DEAD_RECKONING,83.201,328,,-4.71364041383251,2.765663143052533,0.30521339116213114,0.12337303855276816,false,1.0051672941562029,0.13380587100982666
235406,DEAD_RECKONING,83.201,528,,-4.721385916570962,2.824938119687998,0.5311367815464014,0.09318192985192664,false,0.9630760039638243,0.1735633909702301
235506,DEAD_RECKONING,83.201,528,,-4.810710601874209,2.8918763750528154,1.1409961158987456,0.16378475609074455,false,1.8159811767035234,0.2641754746437073
235607,DEAD_RECKONING,83.201,728,,-4.825922903801378,2.9594485750596475,0.7585820246302936,0.15798007561076444,false,1.0446405130727108,0.17609718441963196
235707,DEAD_RECKONING,83.201,728,,-4.765891408076344,2.9547032617507396,0.7411219726412742,0.07713843665479447,false,1.4234978306272283,0.1907406598329544
235807,DEAD_RECKONING,83.201,928,,-4.833785813199985,2.949013676693546,0.7775928838948009,0.15800871425397398,false,1.9509426387119835,0.2731548845767975
235909,DEAD_RECKONING,83.201,928,,-4.981265997197877,3.082347975204034,1.993054689539899,0.2501971248383831,false,3.07876555819851,0.3498949706554413
236010,DEAD_RECKONING,83.201,1128,,-5.132492022183835,3.222734232307181,2.070879959316775,0.3339651921289673,false,2.1938926952089477,0.41363030672073364
236109,DEAD_RECKONING,83.201,1128,,-5.2363909781910545,3.319370220553412,1.4155794292029287,0.2781445848092051,false,0.9370061862196774,0.2348014861345291
236224,DEAD_RECKONING,83.201,1329,,-5.463858304103233,3.0866575733416095,0.8561744607213511,0.1801043220410866,false,0.47370089600977694,0.11930159479379654
236310,DEAD_RECKONING,83.201,1329,,-5.496456953272168,3.0866527688446306,0.3280537539732154,0.12078212888289769,false,0.41607655465495796,0.07723400741815567
236410,DEAD_RECKONING,83.201,1530,,-5.539113094198888,3.1153259864165603,0.5126356139081873,0.13938256991279652,false,0.7210857179908552,0.1558089256286621
236510,DEAD_RECKONING,83.201,1530,,-5.667681548337251,3.093934175039688,1.070822576284501,0.2374334363391169,false,1.5333433501426716,0.31571152806282043
236622,DEAD_RECKONING,5.3,259,2.9452405,-5.810197602110912,3.0750061404951667,1.1807718464319399,0.17869780382373215,false,1.2909092421913058,0.15092527866363525
236715,DEAD_RECKONING,5.3,259,2.9452405,-5.848237802465539,3.1884118313562655,0.9175920333325877,0.10573901649670317,false,0.7487305113404676,0.05907013639807701
236821,DEAD_RECKONING,5.3,459,2.9452405,-5.867011672236849,3.2501665822641597,0.652155224817482,0.1442791303501464,false,0.6525826853506062,0.17824454605579376
236915,DEAD_RECKONING,5.3,459,2.9452405,-5.772363117957765,3.371248066456017,0.2780971968164329,0.10992912194197141,false,0.8037173597674527,0.1106933057308197
237021,DEAD_RECKONING,5.3,660,2.9452405,-5.719838098567891,3.3803632405326276,0.5177815629239462,0.01816146437114306,false,0.8379161038614227,0.07154348492622375
237115,DEAD_RECKONING,5.3,660,2.9452405,-5.649162838723973,3.373641940473255,0.6923457153239599,0.05139586565828611,false,0.9795289809160759,0.07800129055976868
237220,DEAD_RECKONING,5.3,860,2.9452405,-5.657962469555743,3.364831038478654,0.16864333395773196,0.11030660830319562,false,0.6597526775118772,0.18807940185070038
237314,DEAD_RECKONING,5.3,860,2.9452405,-5.733693202571411,3.3467453063656296,0.5885682906007376,0.10069433248972487,false,1.0114496315886559,0.09338406473398209
237421,DEAD_RECKONING,5.3,1060,2.9452405,-5.815340466751616,3.33031994358206,0.6816569470891508,0.10734717416204578,false,0.9219062900091423,0.19293759763240814
237514,DEAD_RECKONING,5.3,1060,2.9452405,-5.902720653597389,3.303963674508437,0.7710211432071324,0.1322222726289168,false,0.9309941810031451,0.1864052265882492
237619,DEAD_RECKONING,5.3,1260,2.9452405,-5.99275534895767,3.283400804920401,0.8296820359151198,0.08720379844115543,false,0.9320531545096679,0.11665860563516617
237714,DEAD_RECKONING,5.3,1260,2.9452405,-6.0607438488312075,3.306861977489508,0.7209871974660303,0.04749785860514063,false,0.7376487097149056,0.08942311257123947
237820,DEAD_RECKONING,4.733,260,3.635483,-6.097390340523144,3.324563005965753,0.40590380000582704,0.04858128886499089,false,0.18495974354257877,0.11731530725955963
237913,DEAD_RECKONING,4.733,260,3.635483,-6.070435043037406,3.3059871058352672,0.3400621226984614,0.07146002980457149,false,0.9212442753486769,0.15496067702770233
238014,DEAD_RECKONING,4.733,465,3.635483,-5.993770387865911,3.493543584345984,0.3548655353937037,0.05757893676534794,false,0.8937193363582773,0.10297951847314835
238114,DEAD_RECKONING,4.733,465,3.635483,-6.083888041659325,3.4264944591490276,0.47162154315690896,0.08623422575799057,false,0.6811422645884547,0.14515352249145508
238215,DEAD_RECKONING,4.733,665,3.635483,-6.14930790657469,3.4003158703162844,0.5767775369801023,0.13177997145783243,false,0.7226450570642317,0.2021937370300293
238315,DEAD_RECKONING,4.733,665,3.635483,-6.142949439718443,3.4304638315642384,0.3567323953053509,0.05633979748956644,false,0.4310663043541621,0.15263818204402924
238417,DEAD_RECKONING,4.733,866,3.635483,-6.1446381130038095,3.4229419788632502,0.18510713702018985,0.1452909427892798,false,0.42213109976457086,0.26055628061294556
238516,DEAD_RECKONING,4.733,866,3.635483,-6.04075494781296,3.5766231518119027,0.4718919140434428,0.1220492280064869,false,0.8903543968019473,0.11261963099241257
238617,REACQUISITION,4.733,1067,3.635483,-5.95153542812661,3.5430931413535047,0.9636338657844677,0.3117922381037358,false,1.627662442462161,0.4736880660057068
238716,REACQUISITION,4.733,1067,3.635483,-5.926182571429205,3.488803775155306,0.6034970024243171,0.24841944406876698,false,0.7501032357817337,0.34889650344848633
238817,REACQUISITION,4.35,270,4.325211,-6.041270643321655,3.179823242539979,0.5817728143984592,0.12983551167092258,false,0.5692778412555044,0.06226275861263275
238917,REACQUISITION,4.35,270,4.325211,-6.043688958255587,3.122671518252129,0.5714484807075909,0.17221326361063938,false,0.6241188343990234,0.20637668669223785
239018,REACQUISITION,4.35,471,4.325211,-5.957066188713066,3.3640866871616595,0.5758927270783164,0.10366332173778894,false,1.05835008688734,0.23679451644420624
239117,REACQUISITION,4.35,471,4.325211,-6.019468484160644,3.3428684670112574,0.45060832350718777,0.07494047749673813,false,0.5721674869866773,0.11755156517028809
239218,REACQUISITION,4.35,471,4.325211,-6.0888208368516965,3.4872977164716854,1.3438979120721393,0.1798292101987645,false,2.054980918981992,0.2715942859649658
239318,REACQUISITION,4.35,671,4.325211,-6.296164352808194,3.636541075552333,2.54871129202802,0.3536013961006926,false,3.546923649888538,0.4994249939918518
239417,REACQUISITION,4.35,671,4.325211,-6.63065540738868,3.5417614446225794,2.602753600509481,0.412911469889421,false,2.6906345533528695,0.48332804441452026
239518,REACQUISITION,4.35,873,4.325211,-6.7907355768283075,3.59999259420479,1.8712305218893408,0.4024258087216918,false,1.3707457154727998,0.4038497805595398
239618,REACQUISITION,4.35,873,4.325211,-6.8101050973736115,3.639292946187597,0.45474179841463486,0.1886298509780888,false,0.7214387027330397,0.06499693542718887
239719,REACQUISITION,4.35,1074,4.325211,-6.888856073546263,3.368446752364308,0.5416370608412325,0.09987260648352565,false,1.2871328540056404,0.29331666231155396
239819,REACQUISITION,4.35,1074,4.325211,-6.789458753612849,3.3410624343596522,1.1794263098010829,0.2521155257162184,false,1.7372985946744293,0.4055722653865814
239919,GNSS_AIDED,4.08,291,5.144134,0.0953695336186225,-0.04447154252245259,1.3346140573097858,0.2792117305815314,false,1.4710730860147632,0.30494391918182373
240024,GNSS_AIDED,4.08,291,5.144134,0.04802249369605677,-0.08626452091952601,0.988920097801353,0.2414021290064511,false,0.8264745548086423,0.22767218947410583
240125,GNSS_AIDED,4.08,504,5.144134,-0.02558770774177656,0.012378858042537574,0.6011598285301534,0.23265697180009698,false,1.2512246830577518,0.2880864441394806
240223,GNSS_AIDED,4.08,504,5.144134,-0.031155576438235293,-0.01319426227455655,0.4912071325849431,0.06908965408298817,false,0.7049838670615682,0.2648685574531555
240327,GNSS_AIDED,4.08,704,5.144134,0.043451796831634824,-0.022791101264710394,0.512789643763465,0.30088550500516664,false,1.111916025304984,0.5006777048110962
240425,GNSS_AIDED,4.08,704,5.144134,0.10272724891418321,-0.052124486242555924,1.1556255201338654,0.2112661159068768,false,1.6846614312412216,0.24806077778339386
240524,GNSS_AIDED,4.08,904,5.144134,0.06268671584336559,-0.030898988823779762,0.7155669751825471,0.08131928050641492,false,0.4028172530207709,0.14251065254211426
240622,GNSS_AIDED,4.08,904,5.144134,0.10969901157657651,-0.05251250872212088,1.2187214872314824,0.16695238737668477,false,1.6551088294707947,0.25760945677757263
240722,GNSS_AIDED,4.08,1104,5.144134,0.09331301407866252,-0.05503271641487248,1.0869981060563636,0.13508123074541314,false,0.9842538625154805,0.21565842628479004
240823,GNSS_AIDED,4.08,1104,5.144134,0.10526928481660948,-0.05240633100731661,1.1991192142008742,0.11963841355568877,false,1.3079363817493905,0.12615615129470825
240925,GNSS_AIDED,3.44,307,6.3269653,0.11685951120604267,-0.05742470352526713,1.458083386909713,0.1462363582927021,false,1.712314462151794,0.18617692589759827
241023,GNSS_AIDED,3.44,307,6.3269653,0.08715865391473741,-0.04504859425587841,1.138991689570345,0.1104520786587128,false,0.9468391419746149,0.13670189678668976
241124,GNSS_AIDED,3.44,509,6.3269653,0.12322196310361423,-0.06662256155561824,1.5279171595665821,0.16174148877197064,false,1.8774948109987715,0.25714796781539917
241225,GNSS_AIDED,3.44,509,6.3269653,0.02264886030621782,-0.011914185986318245,0.5374128644713732,0.3031282044405678,false,0.7586876948454734,0.4989699721336365
241324,GNSS_AIDED,3.44,710,6.3269653,0.014492765897046853,-0.007839444603850158,0.4298405719316357,0.25284286520062405,false,0.38191928431607475,0.22195792198181152
241425,GNSS_AIDED,3.44,710,6.3269653,-0.09254804566607121,0.0506189032673558,1.1662413697948073,0.3068839617019241,false,2.3318128534790254,0.386142373085022
241526,GNSS_AIDED,3.44,928,6.3269653,-0.18867454320624052,0.10337606492748808,2.150014552833009,0.28412456736284514,false,3.0771565122709377,0.2943975627422333
241624,GNSS_AIDED,3.44,928,6.3269653,-0.15920984046174705,0.1057650806256142,1.9083522399683714,0.16986298384844442,false,1.7466277799317327,0.4004644453525543
241725,GNSS_AIDED,3.06,128,7.530901,-0.05666679970814209,0.03494029473136784,0.7051103456541212,0.11205514107683168,false,0.46876680667331955,0.1616104692220688
241825,GNSS_AIDED,3.06,128,7.530901,0.05877222222583717,-0.05583128542268565,0.8223979284875579,0.16194099430157596,false,1.9852313854431887,0.3294258415699005
241925,GNSS_AIDED,3.06,329,7.530901,0.053128195733272,-0.0489604636609526,0.7365562921022667,0.183570988373314,false,0.6689580418237345,0.20937246084213257
242024,GNSS_AIDED,3.06,329,7.530901,0.01543187373764326,-0.006137981406545569,0.20529070739545702,0.11136913013701576,false,0.4612106597575906,0.06714422255754471
242124,GNSS_AIDED,3.06,531,7.530901,-0.011011927354576982,0.027449699501746583,0.2950187501680449,0.3426887712303027,false,0.6330800878718976,0.5847802758216858
242225,GNSS_AIDED,3.06,531,7.530901,0.004830613195328973,-0.0023960588131899966,0.07740122277828732,0.26964119776219325,false,0.2874227767251318,0.24543163180351257
242324,GNSS_AIDED,3.06,731,7.530901,0.06972982546004845,-0.03553279842807497,0.8117740382572022,0.21616653633735533,false,1.422105194762612,0.2266789972782135
242425,GNSS_AIDED,3.06,731,7.530901,0.08826077815505227,-0.08736545926548746,1.2391143390023078,0.1397127386585765,false,1.5842519919529103,0.19028544425964355
242525,GNSS_AIDED,3.06,931,7.530901,0.09119739134160175,-0.0435671832554156,1.2491323085358212,0.2163249605497816,false,1.3375177280347497,0.2984626293182373
242627,GNSS_AIDED,3.06,931,7.530901,0.04194954473360286,-0.02122753106862129,0.565087449292928,0.14210297915048653,false,0.23251096857713044,0.08760573714971542
242726,GNSS_AIDED,2.966,132,7.8942947,0.03292014633256487,-0.01699337529876337,0.408058156653429,0.06865952695305162,false,0.43644151984209234,0.06306274980306625
242826,GNSS_AIDED,2.966,132,7.8942947,-0.01978357542837071,0.021820169534465705,0.4375686115242381,0.083685315374101,false,0.9546560628276263,0.13783249258995056
243007,GNSS_AIDED,2.966,335,7.8942947,-0.029325816457041968,0.013407747899283935,0.6059478378515196,0.09730483801090622,false,0.9815095923227046,0.20563794672489166
243027,GNSS_AIDED,2.966,335,7.8942947,-0.025279031567663403,0.012029191966449282,0.5013768555630305,0.03512417156426275,false,0.5709173668830394,0.06375064700841904
243128,GNSS_AIDED,2.966,535,7.8942947,-0.04494401405330282,0.013190878511221709,0.47685614348852745,0.10107262356944847,false,0.6446178108235003,0.1844828873872757
243228,GNSS_AIDED,2.966,535,7.8942947,-0.06949840081144776,0.039148549213227565,0.8909466262302455,0.07061148194087787,false,1.2520138672058463,0.10698578506708145
243328,GNSS_AIDED,2.966,737,7.8942947,-0.051500275415278934,0.029806634690669354,0.6157447422666972,0.0385588724693252,false,0.7074645126980494,0.10593570023775101
243429,GNSS_AIDED,2.966,737,7.8942947,-0.012022389700545354,-0.004867856820989161,0.37915111118436107,0.11594559002710288,false,0.7960187638740424,0.20566153526306152
243529,GNSS_AIDED,2.966,938,7.8942947,-0.00680863482454455,0.0038335241627797437,0.1933152858602513,0.29799044847452616,false,0.5424961800154359,0.4581122100353241
243630,GNSS_AIDED,2.966,938,7.8942947,-0.03905872397396742,-0.02591968266012725,0.4954584955472891,0.32011017391670105,false,0.7521729925863141,0.3380979299545288
243729,GNSS_AIDED,2.68,138,7.6683316,-0.060368690731436324,0.03354642186877572,0.7216419941842852,0.2124906617579551,false,1.0754039421985158,0.45882850885391235
243829,GNSS_AIDED,2.68,138,7.6683316,-0.06617386304528648,0.037742232873743106,0.8173246262562636,0.027349083757381532,false,0.9068568919713752,0.12913218140602112
243931,GNSS_AIDED,2.68,340,7.6683316,-0.0828101417136306,0.03303027401858645,0.8967765495433342,0.11034300351351475,false,1.0255703204432378,0.1965559422969818
244031,GNSS_AIDED,2.68,340,7.6683316,-0.07640047496224611,0.038671842301184325,0.8978575096529764,0.11040309037055811,false,0.959432596115789,0.17815612256526947
244131,GNSS_AIDED,2.68,540,7.6683316,-0.15144651153310623,0.07389729472334602,1.7585135698841514,0.11994630380070936,false,2.560064606281247,0.16344469785690308
244230,GNSS_AIDED,2.68,540,7.6683316,-0.07160942507531082,0.0927728774590271,1.1772939206019715,0.06692834513490818,false,1.0313864636882117,0.08591417223215103
244331,GNSS_AIDED,2.68,741,7.6683316,-0.11419889190078511,0.06016881285785714,1.363833806866158,0.17154465400330907,false,1.5448270225222678,0.31655004620552063
244432,GNSS_AIDED,2.68,741,7.6683316,-0.0516265033955902,0.015969013127498037,0.5770157644429329,0.12746907677065022,false,0.45782573842551455,0.17197127640247345
244531,GNSS_AIDED,2.68,941,7.6683316,-0.06160380102011892,0.032129181410975774,1.0876489327280245,0.2033359264357503,false,1.5577991787807919,0.27498096227645874
244633,GNSS_AIDED,2.68,941,7.6683316,0.0032255572376332906,-0.001730906458261215,0.38045130416093953,0.08179506774411612,false,0.6994124721575834,0.21085727214813232
244731,GNSS_AIDED,2.54,141,7.642596,0.09766232235164103,-0.05262046495913891,1.224077318611704,0.26254408101000576,false,2.2844644525575735,0.4428682029247284
244900,GNSS_AIDED,2.54,141,7.642596,0.0630477423229368,-0.03179922301684445,1.0304133795128623,0.17942170014252598,false,1.0900972603394705,0.11654388159513474
244932,GNSS_AIDED,2.54,355,7.642596,-0.04588308176526416,0.02314192857660729,0.5488134338513182,0.3542864401229297,false,1.6270139900914224,0.4992263913154602
245032,GNSS_AIDED,2.54,355,7.642596,-0.07641093312874278,0.022448942942246964,0.8783908177164241,0.21015428264966002,false,1.1851489149290702,0.39237597584724426
245132,GNSS_AIDED,2.54,556,7.642596,-0.0019414228266922125,-0.022612283731814727,0.24006885670657496,0.17337275813027292,false,0.9266071979220278,0.31399375200271606
245233,GNSS_AIDED,2.54,556,7.642596,0.05291191319026034,-0.043254043656588734,0.7853336705377535,0.0884138177358189,false,1.3643520781881282,0.16427481174468994
245333,GNSS_AIDED,2.54,756,7.642596,0.12539939149476548,-0.06482716524073832,1.412318909546642,0.07656506429567249,false,2.040816821521513,0.08531805872917175
245433,GNSS_AIDED,2.54,756,7.642596,-0.0033644405866186406,0.008399920063054539,0.09034474945038466,0.18541358147817477,false,1.2534635209587177,0.39013025164604187
245534,GNSS_AIDED,2.54,957,7.642596,-0.1235182532068232,0.06564384001547452,1.3952597614900761,0.13957263578967968,false,2.4484168779426785,0.19564978778362274
245635,GNSS_AIDED,2.54,957,7.642596,-0.10919381193484065,0.05936421346500217,1.3271716131874407,0.2932667998253754,false,1.3961803553775713,0.45216548442840576
245734,GNSS_AIDED,2.42,157,7.402735,-0.0272462783725826,0.031341830854954233,0.4143839977955097,0.2948776251846537,false,0.4468697384009702,0.305850625038147
245836,GNSS_AIDED,2.42,157,7.402735,-0.07616936115958309,0.04455447228848721,1.087411762454017,0.07134038809089718,false,1.6961786125805112,0.13159051537513733
245935,GNSS_AIDED,2.42,362,7.402735,-0.14075969056787765,0.0823579155638695,1.7036719896305486,0.32247167660011594,false,2.4262266691551626,0.5240249633789062
246036,GNSS_AIDED,2.42,362,7.402735,-0.04296197338362319,0.025443443568002762,1.0816124739017214,0.40085601308741764,false,1.424458860377559,0.47112271189689636
246136,GNSS_AIDED,2.42,562,7.402735,-0.09428852098505706,0.08997742922615055,1.346018418756626,0.17880120569366056,false,1.9442325756456613,0.4096287488937378
246236,GNSS_AIDED,2.42,562,7.402735,-0.07519100431888645,0.04053505679627126,0.9228972279155111,0.48075967061203234,false,0.8974499575413049,0.7368683218955994
246335,GNSS_AIDED,2.42,762,7.402735,-0.13085742663034228,0.011061523112289964,1.5325858836324513,0.6385462192801565,false,2.331089817922933,0.7674543857574463
246441,GNSS_AIDED,2.42,762,7.402735,-0.1282733776150658,0.022250063291982924,1.3348225887861889,0.6260851123199552,false,1.2988723257250219,0.6254271268844604
246542,GNSS_AIDED,2.42,963,7.402735,-0.15259767122465165,0.0989303798051927,2.0909425203904215,0.6112611228459643,false,2.7147470392970323,0.9233631491661072
246640,GNSS_AIDED,2.42,963,7.402735,-0.22447319869869012,0.05920376044863707,2.3934684562306274,0.9981968404928344,false,2.8367882618962414,1.4663646221160889
246742,GNSS_AIDED,2.32,164,7.0141196,-0.1808523652069733,0.09101931481730371,2.0510000438775338,0.4812211859132443,false,1.8704005368407082,0.3330759108066559
246841,GNSS_AIDED,2.32,164,7.0141196,-0.07830274169757981,0.0943829702099798,1.4007692041947655,0.28234790517217995,false,1.7936094599566366,0.31131842732429504
246941,GNSS_AIDED,2.32,365,7.0141196,-0.04572573565623045,0.038558207110772014,0.8505279643144482,0.13740139364953233,false,1.0229081800271858,0.08208519965410233
247039,GNSS_AIDED,2.32,365,7.0141196,-0.01772483577167713,0.04888037291824086,0.5233192564726268,0.0532174756476648,false,0.34369422569949576,0.1154923066496849
247140,GNSS_AIDED,2.32,565,7.0141196,-0.025242215081940633,0.001746945474882471,0.2755281253402369,0.05661390961245096,false,0.4936753388695264,0.06576742231845856
247241,GNSS_AIDED,2.32,565,7.0141196,0.01577333226150986,-0.010403541923214231,0.25882034149370886,0.10212476029361316,false,0.5544254919276088,0.1631089597940445
247340,GNSS_AIDED,2.32,767,7.0141196,0.007612019084749721,-0.031322869393932695,0.44152223622644093,0.045799070846013444,false,0.6014092140653445,0.07544240355491638
247441,GNSS_AIDED,2.32,767,7.0141196,0.021176589128973824,-0.01443045162756035,0.2581171054330732,0.16177307705642172,false,0.40510530346364526,0.2563994824886322
247539,GNSS_AIDED,2.32,967,7.0141196,-0.017013932119560038,0.049461522447057885,0.5361963623881789,0.2509907488628338,false,1.1421503696389157,0.37218034267425537
247640,GNSS_AIDED,2.32,967,7.0141196,0.0020757340026270133,0.051112975112222306,0.5274258769363973,0.3596034888842224,false,0.5682433640123737,0.45883429050445557
247740,GNSS_AIDED,2.24,167,7.261701,0.015965950067223508,-0.010734613565235833,1.1642047935971551,0.24263443053679828,false,1.7920310635858303,0.2650735080242157
247839,GNSS_AIDED,2.24,167,7.261701,0.030241187244277098,0.012460877474179571,0.603838338850498,0.22619651245082242,false,0.6410515087939047,0.5745555758476257
247940,GNSS_AIDED,2.24,367,7.261701,-0.030969297331346773,0.006176928708175358,0.49301615835737655,0.2575103511279469,false,0.8404635120578917,0.28577518463134766
248041,GNSS_AIDED,2.24,367,7.261701,-0.07256250944199061,-0.025101714178032836,0.793558311996079,0.5700497209008792,false,1.166996763390535,0.8248758912086487
248140,GNSS_AIDED,2.24,568,7.261701,-0.1331226352899172,-0.08631006462268771,1.6439438248939267,0.44310367403471573,false,2.4507586676444024,0.349890798330307
248241,GNSS_AIDED,2.24,568,7.261701,-0.09098361046496996,-0.09287187532993678,1.5464675689301226,0.26748054192852905,false,1.6206733947210772,0.6801701188087463
248345,GNSS_AIDED,2.24,772,7.261701,-3.562182422748842E-4,0.16191384113046922,1.6174209048186203,0.7535910701531112,false,3.7356067292935538,1.2296932935714722
248442,GNSS_AIDED,2.24,772,7.261701,0.1235671891293331,0.24953983397437285,2.82021405669315,0.7254983691166875,false,3.9916119180461624,0.8610415458679199
248544,GNSS_AIDED,2.24,974,7.261701,0.09583840951683367,-0.025815154884150943,0.9899852769739897,0.5838351081911389,false,2.5725667529895677,0.9958087801933289
248647,GNSS_AIDED,2.24,974,7.261701,0.07499010907563926,-0.12440876982780957,1.469109348449534,0.6855899685799282,false,2.146701186989864,0.7870046496391296
248746,GNSS_AIDED,2.18,174,7.4881787,0.09629535192033432,-0.08891518704520969,1.3938609164253606,0.48298227341477795,false,1.4480032791236468,0.38240331411361694
248846,GNSS_AIDED,2.18,174,7.4881787,0.09332458645578721,0.013659379948115958,1.0976142010427332,0.33950363994848337,false,1.4559049930641188,0.3546295464038849
248949,GNSS_AIDED,2.18,389,7.4881787,0.06523354986076928,0.04091397652458676,0.8548662569501482,0.2449577057631332,false,0.7892947467808941,0.17721977829933167
249046,GNSS_AIDED,2.18,389,7.4881787,-0.005286931583329458,0.002934991990866202,0.188191377043918,0.2555135938083176,false,0.6688599011721996,0.2918564975261688
249158,GNSS_AIDED,2.18,590,7.4881787,-0.026857292554510786,0.012550759661810323,0.4423499009202785,0.12331534475857683,false,0.7943701069787114,0.28886356949806213
249246,GNSS_AIDED,2.18,590,7.4881787,0.019486392966516348,-0.01772763334937718,0.26274854237310197,0.22291300169258188,false,0.6958686351465647,0.3200264573097229
249346,GNSS_AIDED,2.18,790,7.4881787,0.03189650700968266,-0.0171942352717629,0.49915801476190624,0.3244784082829139,false,0.7279122897329533,0.4167371094226837
249445,GNSS_AIDED,2.18,790,7.4881787,-0.01951013613185268,-0.015990033676643454,0.2725929161540969,0.5091148250372939,false,0.6008492250860755,0.6782118082046509
249557,GNSS_AIDED,2.18,990,7.4881787,-0.06938816898953747,0.01832879119242311,0.7924351950351017,0.8612658670021492,false,1.2903939976781735,1.1442278623580933
249650,GNSS_AIDED,2.18,990,7.4881787,-0.0942071297439567,0.031880871117189985,1.0624163346813003,0.6936079645508708,false,1.2813103782294557,0.5662693381309509
249756,GNSS_AIDED,2.1,190,7.569505,0.004218026595120126,0.009905453964676595,0.15978684559957715,0.48718777843704597,false,0.829486432096841,0.5151220560073853
249850,GNSS_AIDED,2.1,190,7.569505,0.07725607703864744,0.03459719023804869,0.8480537428532499,0.42620032974016153,false,1.4538098685479266,0.7629103064537048
249956,GNSS_AIDED,2.1,392,7.569505,0.048056808818393915,0.06666137066140927,0.8223018317856656,0.3560550566281433,false,0.969012859087311,0.31132566928863525
250050,GNSS_AIDED,2.1,392,7.569505,0.029628701721225007,0.1177531383372088,1.2111441625337227,0.35210269873811206,false,1.5860921125005145,0.44266465306282043
250155,GNSS_AIDED,2.1,593,7.569505,0.01181476901324511,-0.003296245280482511,1.4445364077518972,0.35653142579507946,false,1.723192340623887,0.37080246210098267
250247,GNSS_AIDED,2.1,593,7.569505,0.0676066269761606,-0.01971268020976974,0.7992193139842186,0.2168694642056432,false,1.277627405660374,0.23959697782993317
250354,GNSS_AIDED,2.1,793,7.569505,-5.88872024564714E-4,1.7962070976328115E-4,0.08078305492422673,0.2536016779100253,false,0.7208078472043916,0.3740285336971283
250449,GNSS_AIDED,2.1,793,7.569505,0.022107236200788267,0.0455866401714552,0.50533893033178,0.38380690531846284,false,0.9648333424067909,0.5017850399017334
250554,GNSS_AIDED,2.1,994,7.569505,0.02297418996085886,0.05520824221077956,0.662582367071325,0.267063170474323,false,0.8437173263790383,0.24242496490478516
250647,GNSS_AIDED,2.1,994,7.569505,0.07430174152627764,0.014264400680731032,0.8920995981742313,0.1733392183465099,false,1.3188593733480267,0.16228315234184265
250747,GNSS_AIDED,2.028,198,8.131581,0.05929774219425618,-0.05796158806479983,0.9165553215451079,0.16282255166164733,false,1.2864880131447742,0.21663716435432434
250847,GNSS_AIDED,2.028,198,8.131581,0.06458440515839775,-0.02872665801732662,0.7058462025786426,0.23013817333345907,false,0.7275904443729565,0.29652345180511475
250947,GNSS_AIDED,2.028,399,8.131581,0.07952872622862826,-0.03632339499404266,1.0087063066653643,0.2874083252905871,false,1.3533406762947504,0.3621496856212616
251048,GNSS_AIDED,2.028,399,8.131581,0.059634400818324544,0.005791229708790278,0.8049424811391976,0.1557862312740242,false,0.9124905344931425,0.11589585989713669
251149,GNSS_AIDED,2.028,601,8.131581,0.042020841568901415,-0.008784405906532003,0.6064590315802937,0.10115322219396362,false,0.4864484378627429,0.13035587966442108
251250,GNSS_AIDED,2.028,601,8.131581,0.0873289445945169,-0.029779961300204223,0.9661450748359744,0.3104485334405537,false,1.3272240749661344,0.4997301399707794
251349,GNSS_AIDED,2.028,801,8.131581,0.0978531859620039,0.0029666058051805735,1.020208457193893,0.3562545536297693,false,1.3376237075734914,0.40407904982566833
251449,GNSS_AIDED,2.028,801,8.131581,-0.003155618178152355,0.001987903572977545,1.0057648116710374,0.15130010989211773,false,1.6185956448032193,0.301962673664093
251550,GNSS_AIDED,2.028,1001,8.131581,0.05682850129352979,0.08006011925063279,1.084143856257218,0.2711895331450555,false,1.1949868414932259,0.37364187836647034
251651,GNSS_AIDED,2.028,1001,8.131581,0.039022638898532414,-0.028816955117159176,0.5126100370341182,0.18378899074971491,false,1.1775841349929006,0.22597847878932953
251751,GNSS_AIDED,2.012,202,8.236585,0.08395923372990963,-0.05133767405061531,1.0060531982814456,0.17865528480205753,false,1.4328263238820356,0.17466208338737488
251852,GNSS_AIDED,2.012,202,8.236585,0.07555479477475102,0.02889171794602544,0.8163377699529124,0.16848149739770313,false,1.0043542108188765,0.16519731283187866
251952,GNSS_AIDED,2.012,404,8.236585,0.015121784001179382,-0.004326160630541453,0.19711534073883727,0.1864087298950167,false,0.4628706661313272,0.36480608582496643
252052,GNSS_AIDED,2.012,404,8.236585,-0.011261181740191206,0.005840396252307342,0.5203130475480396,0.18997167653804536,false,0.9385560245695506,0.2276364266872406
252153,GNSS_AIDED,2.012,605,8.236585,-0.07077820335433223,-0.09619924997426606,1.193069725761149,0.33952669743680497,false,1.8135813097237379,0.4651471674442291
252252,GNSS_AIDED,2.012,605,8.236585,-0.03206055529349708,-0.11447669899936262,1.2365285580120624,0.24155699003863793,false,1.409533446316501,0.17289218306541443
252352,GNSS_AIDED,2.012,605,8.236585,0.013277007405718083,-0.096658958539106,0.9753103889043342,0.2776905841424763,false,1.0372893254860132,0.32732194662094116
252452,GNSS_AIDED,2.012,808,8.236585,-0.05539801287879085,0.03924812627048612,0.7352797245899868,0.22404888332281095,false,1.7527461641467943,0.22539135813713074
252552,GNSS_AIDED,2.012,808,8.236585,-0.034641915298951005,0.024473181903352244,0.5366628592713863,0.1257211144705899,false,0.42739364731366497,0.10540511459112167
252652,GNSS_AIDED,2.012,1015,8.236585,-0.008853364840450418,-0.018022303760469705,0.2415214895719609,0.08658899483093267,false,0.4289280500842133,0.14139105379581451
252752,GNSS_AIDED,2.012,1015,8.236585,-0.03801446620403936,0.02881929023821252,0.5379170656050504,0.06748472302831668,false,1.0908063751157673,0.1389271318912506
252852,GNSS_AIDED,1.975,216,8.349309,0.007199224432634042,0.006285062274860379,0.13801717385025092,0.08748110186886614,false,0.506129150274475,0.17479148507118225
252953,GNSS_AIDED,1.975,216,8.349309,-0.003595740081529406,-0.01936725974573898,0.4105933726512976,0.0796519735801212,false,0.7026573192480334,0.09569337964057922
253058,GNSS_AIDED,1.975,416,8.349309,-2.4382404761069115E-4,1.709141389914581E-4,0.07633578819280772,0.03481785082506482,false,0.45397960746552746,0.10260014981031418
253157,GNSS_AIDED,1.975,416,8.349309,0.044702481774422834,-0.03125757851173963,0.610965419550904,0.09273507294357819,false,1.1261839552428206,0.17575684189796448
253256,GNSS_AIDED,1.975,616,8.349309,-0.0198281148539462,0.013883441856424513,0.3192053450362951,0.06927053509862997,false,0.9409465245619135,0.19051572680473328
253355,GNSS_AIDED,1.975,616,8.349309,0.003346860223281749,-0.0403312586569339,0.49761184691503524,0.0906782445437741,false,0.8919664518730909,0.1992889791727066
253456,GNSS_AIDED,1.975,816,8.349309,0.01779732098853145,-0.00700455201392339,0.21698327626152122,0.1384061877366255,false,0.5442999793401407,0.21280832588672638
253560,GNSS_AIDED,1.975,816,8.349309,0.06222313196523314,0.03896529337460692,0.7585254510292407,0.11408830298202072,false,1.2594106544476262,0.12595202028751373
253656,GNSS_AIDED,1.975,1016,8.349309,0.05599064612949479,-0.0068895226120282834,0.5955237109653324,0.10924478885324085,false,0.8383139190115713,0.26550883054733276
253758,GNSS_AIDED,1.975,1016,8.349309,0.06738171500904754,-0.07328124672456332,1.0427574615259858,0.17588638126292602,false,1.6392756815302458,0.25547799468040466
253855,GNSS_AIDED,1.975,1217,8.349309,0.14335721094225262,-0.07880193892778481,1.636736486920207,0.3430917048404771,false,2.2473154156437154,0.5768969058990479
253956,GNSS_AIDED,1.975,1217,8.349309,0.18862015825529935,-0.0607131566449654,2.0066317964477696,0.33519032286579786,false,2.345221640932227,0.33874791860580444
254056,GNSS_AIDED,1.975,1417,8.349309,0.12160687166501769,-0.08017219204053842,1.4531254418180493,0.1939518992579775,false,1.1920406973352364,0.1470060795545578
254157,GNSS_AIDED,1.975,1417,8.349309,0.07182295180277964,-0.1425402753309225,1.6624789436360532,0.22030421480947546,false,2.1130370567909584,0.2864140570163727
254257,GNSS_AIDED,1.975,1617,8.349309,0.03227718581359996,-0.09139397539599628,1.1668322840171999,0.2718911455587279,false,0.9400072751862338,0.3294449746608734
254357,GNSS_AIDED,1.975,1617,8.349309,-0.048977397152844805,-0.010694783110870916,0.6062154015429182,0.1796379326852553,false,1.6877850163578212,0.15655134618282318
254457,GNSS_AIDED,1.975,1817,8.349309,0.024120164719878625,-0.05617921272887635,0.6129528783635059,0.23041462783313743,false,1.2905720753904848,0.39884456992149353
254557,GNSS_AIDED,1.975,1817,8.349309,0.07826864745439104,-0.03238016777985499,0.8484021059580469,0.25787209339985895,false,1.2314418432783636,0.29642990231513977
254657,GNSS_AIDED,1.975,2017,8.349309,0.08990953199169194,-0.07289353453063112,1.1775182909895865,0.2303683708949523,false,1.4896358006250032,0.21368251740932465
254758,GNSS_AIDED,1.975,2017,8.349309,0.05182110150191052,-0.06793300343542218,0.8876087732610842,0.27997909048388775,false,0.7804794080585588,0.34915947914123535
254858,GNSS_AIDED,1.975,2226,8.349309,-0.03687686771854088,0.043415410485450515,0.5849949099489733,0.1773885382040618,false,1.7528309168648546,0.29690223932266235
254958,GNSS_AIDED,1.975,2226,8.349309,0.027684788752436764,-0.02137837382564284,0.4630827018322072,0.2776492466961302,false,1.1780924779262458,0.5607998967170715
255058,GNSS_AIDED,1.975,2432,8.349309,0.05752152575730644,-0.04656483539395729,0.7566594947406172,0.1934000602727078,false,1.1059380298327361,0.1732177585363388
255158,GNSS_AIDED,1.975,2432,8.349309,0.06866664262864214,-0.0461787018998918,0.889802075611204,0.1443830394374493,false,1.0594525460703215,0.1098218783736229
255259,GNSS_AIDED,1.975,2632,8.349309,0.06633957638874387,-0.11067447033703784,1.3009133538704565,0.2231529867127442,false,1.6382749859327208,0.31508132815361023
255359,GNSS_AIDED,1.975,2632,8.349309,0.04183531661615463,-0.07568356115658445,0.8781820385507113,0.1733475203949823,false,0.5471624800383863,0.2447119802236557
255510,GNSS_AIDED,1.975,2834,8.349309,0.0803454621917302,-0.09054998825536444,1.261306784669108,0.270092437492743,false,1.593573556416287,0.38825055956840515
255586,GNSS_AIDED,1.975,2834,8.349309,0.15550065009934264,-0.1303094337159678,2.0425416121054765,0.333981689235437,false,2.7647201383736504,0.38825055956840515
255724,GNSS_AIDED,1.975,3042,8.349309,0.10412602822302357,-0.08097199431485758,1.3193498418490905,0.11824825219866898,false,0.7920815090946984,0.1269690990447998
255792,GNSS_AIDED,1.975,3243,8.349309,0.04374955042289327,-0.03357541087942981,0.5640527404763134,0.13175454471320883,false,0.23635758014086103,0.16507486999034882
255862,GNSS_AIDED,1.975,3243,8.349309,0.0,0.0,0.7566589071361687,0.14861445406243548,true,1.7882316816025818,0.16507486999034882
256010,GNSS_AIDED,1.975,3443,8.349309,0.0,0.0,1.5255623152340265,0.11547103886413096,true,2.3752186396520814,0.17633558809757233
256072,GNSS_AIDED,1.975,3443,8.349309,0.0,0.0,2.290952742641474,0.14331229805139956,true,3.794337886862516,0.17633558809757233
256218,GNSS_AIDED,1.975,3644,8.349309,0.0,0.0,1.117894342313616,0.9294088545841759,true,1.3209536190659092,1.6423239707946777
256288,GNSS_AIDED,1.975,3644,8.349309,0.0,0.0,2.9762201753875135,0.20959116978342315,true,4.826649646828057,0.9734150767326355
256426,GNSS_AIDED,1.975,3845,8.349309,-0.18862734101245343,0.28938862880386196,3.7399225689547864,0.12056121013151799,false,4.6938479064538585,0.34672850370407104
256499,GNSS_AIDED,1.975,3845,8.349309,-0.08770650146891652,0.17353497363046136,2.1631621436901294,0.2436668360712455,false,2.987891148384331,0.34672850370407104
256566,GNSS_AIDED,1.975,3845,8.349309,-0.014152601667325465,0.011812060890136528,0.8985237103673737,0.08531725060355808,false,1.6586395288298141,0.09005672484636307
256705,GNSS_AIDED,1.975,4052,8.349309,0.0,0.0,0.9454393296538002,0.05602214063916695,true,2.360192066973556,0.09005672484636307
256774,GNSS_AIDED,1.975,4052,8.349309,0.0,0.0,1.1880120952742816,0.17489571396830336,true,1.43279673557214,0.33462420105934143
256918,GNSS_AIDED,1.975,4252,8.349309,0.0,0.0,0.7168749734689939,0.24459844422526889,true,1.3214839315527878,0.3209061622619629
256987,GNSS_AIDED,1.975,4252,8.349309,0.0,0.0,2.1256049027300836,0.2858484172548093,true,3.4065773365716057,0.3209061622619629
257132,GNSS_AIDED,1.975,4462,8.349309,0.0,0.0,0.4146741434986553,0.1779811294262477,true,1.3620746951747758,0.20646671950817108
257201,GNSS_AIDED,1.975,4462,8.349309,0.0,0.0,0.7957265811589808,0.17959070378756917,true,1.2409877538736052,0.20646671950817108
257265,GNSS_AIDED,1.975,4672,8.349309,0.0,0.0,0.5981935670972075,0.2665189563053914,true,1.3634929315044926,0.41333985328674316
257407,GNSS_AIDED,1.975,4672,8.349309,0.0,0.0,0.6354395913967066,0.17009769396122593,true,0.8737859623160383,0.1271793246269226
257480,GNSS_AIDED,1.975,4876,8.349309,0.0,0.0,0.8620902169696081,0.1398767942734409,true,1.443857239872171,0.1271793246269226
257618,GNSS_AIDED,1.975,4876,8.349309,0.0020556231039371496,0.026647443533817126,0.30140911392010095,0.13053636724210357,false,0.7581277461211205,0.1697196215391159
257688,TRANSITION,1.975,5093,8.349309,-0.04499689856037517,0.02617461806387681,0.5558931539237569,0.14864675738037758,false,1.099827267875435,0.1697196215391159
257830,TRANSITION,1.975,5093,8.349309,0.030102688594601173,-0.018730428094625284,0.9154275601836436,0.08012529744339532,false,1.8890454949475217,0.15704168379306793
257898,TRANSITION,1.975,5309,8.349309,0.008647184522339299,-0.058903673086228917,0.6453897779859552,0.12413709079972755,false,1.136671485124645,0.260914146900177
257970,TRANSITION,1.975,5309,8.349309,-0.0674343732728481,0.03789964275149814,1.252716385664654,0.19950480965946946,false,2.513039169048824,0.260914146900177
258114,TRANSITION,1.975,5515,8.349309,-0.35789676188174424,0.20093812266711347,3.4292603491844855,0.26138211443494325,false,5.231812794531369,0.551947295665741
258178,TRANSITION,1.975,5515,8.349309,-0.7738667426657837,0.43448096498050087,4.845334740294958,0.336521619749188,false,6.076714156450773,0.6867223978042603
258319,TRANSITION,1.975,5716,8.349309,-1.1984814426773838,0.6954954649578156,5.055703097055121,0.527071275676845,false,5.225346819736215,0.6867223978042603
258395,TRANSITION,1.975,5716,8.349309,-1.4747934486041492,0.8558431684701455,3.710157479362193,0.2734330737390215,false,3.4067643104283025,0.6568134427070618
258529,TRANSITION,1.975,5916,8.349309,-1.7370993811624968,0.9903030676208582,3.8555393321931124,0.17308244390533387,false,4.172439550077916,0.450836181640625
258601,TRANSITION,1.975,5916,8.349309,-1.8996630875782796,1.222730181182344,2.7224471387593985,0.3221398842426203,false,3.904249527436879,0.450836181640625
258669,DEAD_RECKONING,1.975,6117,8.349309,-2.06158755209215,1.3879589793969807,2.31348568218329,0.3298732900334171,false,2.012330999111945,0.544009804725647
258811,DEAD_RECKONING,1.975,6117,8.349309,-2.080086400921238,1.3613768629580179,1.188800439843316,0.3515294673287911,false,2.977133408828298,0.4571894705295563
258885,DEAD_RECKONING,1.975,6319,8.349309,-2.236846900553298,0.9257229818168322,0.8696994499812296,0.40393474293548326,false,0.7442029453631932,0.4571894705295563
259020,DEAD_RECKONING,1.975,6319,8.349309,-2.293423912238554,1.031348734101387,1.1428507424442056,0.2298043877266367,false,2.3223387769178414,0.1161293089389801
259092,DEAD_RECKONING,1.975,6520,8.349309,-2.3824648796224452,1.0713903018658495,1.6792358759661754,0.1600573228152833,false,2.2128262799349856,0.1161293089389801
259230,DEAD_RECKONING,1.975,6520,8.349309,-2.4368438403247583,1.0290128566695187,0.7222567819233786,0.027682802710950607,false,0.9475270382016879,0.12373548746109009
259300,DEAD_RECKONING,1.975,6721,8.349309,-2.3436203494336465,1.3690293895089365,1.5283585256667358,0.1053499492332157,false,2.514193720907732,0.19509820640087128
259377,DEAD_RECKONING,1.975,6721,8.349309,-2.4322374827142657,1.4365562216002166,1.1636274737165535,0.15518890395459298,false,1.3373145700608773,0.19509820640087128
259511,DEAD_RECKONING,1.975,6921,8.349309,-2.450068786852767,1.4505576309990806,0.26479130915810245,0.1600193932144646,false,0.4771832333545612,0.16510321199893951
259584,DEAD_RECKONING,1.975,6921,8.349309,-2.3874810665664756,1.3613193167058715,1.0228834595500838,0.16272428274592945,false,2.036912599520476,0.16510321199893951
259726,DEAD_RECKONING,1.975,7122,8.349309,-2.383955850300563,1.3236842561204278,0.4330807108100352,0.05778442033895732,false,0.8984903174076809,0.23278144001960754
259792,DEAD_RECKONING,1.975,7122,8.349309,-2.411782905060527,1.2615745497002626,0.42479929312574727,0.051741328706684,false,0.49253273184252455,0.08677002042531967
259934,DEAD_RECKONING,1.975,7326,8.349309,-2.4094656269129735,1.228272055809586,0.4099488969798651,0.06924738584757505,false,0.4819894184713514,0.08677002042531967
260007,DEAD_RECKONING,1.975,7326,8.349309,-2.2633074421309645,1.3331515707182322,0.8429848489864377,0.07112610919237852,false,1.4708090547394697,0.07733039557933807
260074,DEAD_RECKONING,1.975,7326,8.349309,-2.2054106073124093,1.3029389037473724,0.6819656417955904,0.07412650527233816,false,0.6317615728814586,0.07733039557933807
260215,DEAD_RECKONING,1.975,7529,8.349309,-2.167091761906852,1.2483115602951322,0.6220497951205112,0.1487147613919135,false,0.5820186387267735,0.2468511462211609
260296,DEAD_RECKONING,1.975,7729,8.349309,-2.1446668836295495,1.2353941401453108,0.31142890009449986,0.07099249098698827,false,0.28285553246952827,0.05743304267525673
260427,DEAD_RECKONING,1.975,7729,8.349309,-2.1212530770458358,1.2265239417183038,0.3977972754702834,0.10014403136072066,false,0.5040627062670184,0.16770774126052856
260497,DEAD_RECKONING,1.975,7930,8.349309,-2.1005164692840825,1.214533884442709,0.5616930609051649,0.1362901207739013,false,0.7137454103743806,0.16770774126052856
260639,DEAD_RECKONING,1.975,7930,8.349309,-2.160303816436153,1.2222309509456224,0.5824718164465328,0.20791433098159134,false,1.3187319514038491,0.2829892337322235
260705,DEAD_RECKONING,1.975,8130,8.349309,-2.2039548548661925,1.2469273153200207,0.5015344163628908,0.24877349684909528,false,0.4606947307707596,0.2829892337322235
260776,DEAD_RECKONING,1.975,8130,8.349309,-2.3062327255474444,1.2918212280068888,1.1770051839439928,0.17435874937731122,false,1.7419089051288603,0.12634454667568207
260916,DEAD_RECKONING,1.975,8331,8.349309,-2.3396393875936514,1.3779321587418603,0.8092947723098193,0.09193825627614292,false,0.5680421320836234,0.1263846457004547
260989,DEAD_RECKONING,1.975,8331,8.349309,-2.3569683621570827,1.3881380697277965,0.33333930653170085,0.0996142429993467,false,0.4735662453655349,0.1263846457004547
261127,DEAD_RECKONING,1.975,8531,8.349309,-2.3834409537054353,1.4797111031089711,0.7727720512525689,0.1156341632185954,false,1.254025538359949,0.16221003234386444
261204,DEAD_RECKONING,1.975,8531,8.349309,-2.4163147828396774,1.50012015494473,0.38857533498454333,0.13954256226105885,false,0.22285159548044803,0.16221003234386444
261338,DEAD_RECKONING,1.975,8732,8.349309,-2.4487404530617627,1.4885470872871103,0.3719578057751389,0.1694955676523603,false,0.5348047993770181,0.22394989430904388
261405,DEAD_RECKONING,1.975,8732,8.349309,-2.4444285858246895,1.4093125330213572,0.564765143456985,0.06651434214575155,false,1.0500147950125953,0.11845383793115616
261478,DEAD_RECKONING,1.975,8732,8.349309,-2.41273340330867,1.4336780202864252,0.19902607703665107,0.08140000382705427,false,0.2242385216235059,0.11845383793115616
261621,DEAD_RECKONING,1.975,8939,8.349309,-2.4267995258154316,1.4441842051265505,0.39260142993933766,0.10035049184298667,false,0.6977230716490365,0.20486687123775482
261686,DEAD_RECKONING,1.975,8939,8.349309,-2.408245069831692,1.4331424804264317,0.34551529106754003,0.15707110374424305,false,0.6160188114764035,0.20486687123775482
261828,DEAD_RECKONING,1.975,9146,8.349309,-2.4123045807195904,1.4466586516566335,0.2516274320427259,0.05242240453646949,false,0.6176242794909714,0.044283751398324966
261909,DEAD_RECKONING,1.975,9346,8.349309,-2.383216266555887,1.387985178081072,0.7751202227863695,0.1030368337118717,false,1.4212144228593253,0.19887273013591766
262038,DEAD_RECKONING,1.975,9346,8.349309,-2.344547191143885,1.2862287388881672,1.1062680392352697,0.1420132933347129,false,1.3747508224671692,0.3118520677089691
262109,DEAD_RECKONING,1.975,9547,8.349309,-2.3307427044067537,1.1883155591879517,0.9954134163009066,0.2357041176093546,false,0.95083271055964,0.3118520677089691
262184,DEAD_RECKONING,1.975,9547,8.349309,-2.2067550032973307,1.2808768662721894,0.835227504278764,0.1418641199569671,false,0.8214673587354027,0.2833644151687622
262319,DEAD_RECKONING,1.975,9747,8.349309,-2.162850045933008,1.2662586933954316,0.7860832956013888,0.20984163988997495,false,0.830426729877517,0.2833644151687622
262391,DEAD_RECKONING,1.975,9747,8.349309,-2.1770352946800053,1.2745635662078756,0.9076548508650583,0.041665094893340276,false,1.3099109184938431,0.22331376373767853
262534,DEAD_RECKONING,1.975,9952,8.349309,-2.2520196979458396,1.310622661264241,1.4086240265115642,0.06272012375520393,false,2.564527855836365,0.10351192951202393
262601,DEAD_RECKONING,1.975,9952,8.349309,-2.2611505438629327,1.3159365994977166,0.7467748402923646,0.08464333931305716,false,1.3462734642107472,0.10351192951202393
262753,DEAD_RECKONING,1.975,10154,8.349309,-2.3688409029005624,1.456843306506257,1.7131581496367598,0.3185942991939941,false,3.1857969725701354,0.5315892100334167
262817,DEAD_RECKONING,1.975,10154,8.349309,-2.474838139802088,1.4588908488300865,1.1010491690089412,0.4368822259852453,false,1.4967782607700713,0.5315892100334167
262885,DEAD_RECKONING,1.975,10154,8.349309,-2.5696229289922448,1.40983698436959,0.8045007311083695,0.23620966432237725,false,0.7609345219605115,0.18546512722969055
263022,DEAD_RECKONING,1.975,10363,8.349309,-2.588735744565503,1.3879578831733785,0.41342999347568965,0.07001617420928033,false,0.5958400196212731,0.15350008010864258
263092,DEAD_RECKONING,1.975,10363,8.349309,-2.430685746058675,1.5575132574985946,0.5526743630094956,0.09412497086152154,false,0.9339426362816687,0.15350008010864258
263233,DEAD_RECKONING,1.975,10570,8.349309,-2.358893778646412,1.5748270792060441,0.6482390613465774,0.01617824428121775,false,0.9021846441699924,0.0484064444899559
263303,DEAD_RECKONING,1.975,10570,8.349309,-2.3858437789263816,1.5928192374836674,0.33885639894898384,0.02121541732290498,false,1.0941630626808228,0.0484064444899559
263441,DEAD_RECKONING,1.975,10771,8.349309,-2.380162792830961,1.5469810389887007,0.3699212597042153,0.09264307242695446,false,0.8929388582490775,0.17556317150592804
263513,DEAD_RECKONING,1.975,10771,8.349309,-2.344291038108192,1.5271086797669926,0.4191349780422523,0.1764054973418734,false,0.49663568155374616,0.24324868619441986
263588,DEAD_RECKONING,1.975,10971,8.349309,-2.3287630025357795,1.5178567999301602,0.19206520945344954,0.2136544194225012,false,0.18290472715264275,0.24324868619441986
263736,DEAD_RECKONING,1.975,11171,8.349309,-2.3453910621013243,1.4532705536400954,0.26292066938746356,0.09551374399934702,false,0.39304466403133936,0.07366125285625458
263797,DEAD_RECKONING,1.975,11171,8.349309,-2.3227966510158073,1.4392704182946479,0.560301530209605,0.10646002320038282,false,0.9406544173980155,0.14669252932071686
263937,DEAD_RECKONING,1.975,11372,8.349309,-2.3787166954155063,1.4522611170231476,0.5873039952103026,0.12685336141192502,false,1.3388055634032097,0.14669252932071686
264005,DEAD_RECKONING,1.975,11372,8.349309,-2.3951508376524377,1.4622945379043824,0.39431714632274284,0.07192395595769037,false,0.45914480898186694,0.03384483605623245
264146,DEAD_RECKONING,1.975,11574,8.349309,-2.4151304921324406,1.4567070774553155,0.258642421682562,0.11018235472683541,false,0.15366909373266602,0.22726082801818848
264214,DEAD_RECKONING,1.975,11574,8.349309,-2.359132785304917,1.4068681087607242,0.7974452210247913,0.17451975721534913,false,1.5547953576134839,0.22726082801818848
264287,DEAD_RECKONING,1.975,11574,8.349309,-2.348060091368891,1.4030500535810762,0.37538521864383795,0.09941529781196515,false,0.9379381480463286,0.0707143098115921
264430,DEAD_RECKONING,1.975,11774,8.349309,-2.3683016548953604,1.469221121962072,0.5527862847294128,0.14034721068445905,false,1.0307808071286382,0.2928149700164795
264495,DEAD_RECKONING,1.975,11774,8.349309,-2.4561603150636104,1.52372591825762,1.1174777895135346,0.2239609573805834,false,1.56913732850956,0.2928149700164795
264635,DEAD_RECKONING,1.975,11974,8.349309,-2.4611948404510176,1.5403716556314146,0.3240321122426147,0.1522325822193086,false,0.7706096464137843,0.25406748056411743
264707,DEAD_RECKONING,1.975,11974,8.349309,-2.4427632193754563,1.5288359794608393,0.497200783726521,0.19846412752498083,false,0.7886463035903362,0.25406748056411743
264846,DEAD_RECKONING,1.975,12191,8.349309,-2.378779824528549,1.5479443673416011,0.4322971007431381,0.10625757009228848,false,0.6635457779723168,0.10071732103824615
264916,DEAD_RECKONING,1.975,12191,8.349309,-2.3510298638641514,1.5298866240979956,0.3695348656722855,0.06085847015918784,false,0.37043413571258504,0.10181324928998947
264989,DEAD_RECKONING,1.975,12395,8.349309,-2.405875053566332,1.527064810198941,0.5561112699762416,0.07767556008918215,false,1.2675821586385159,0.10181324928998947
265128,DEAD_RECKONING,1.975,12395,8.349309,-2.481484330422434,1.4833366810668192,0.5233842288234318,0.1639875956673647,false,0.5151218531097334,0.29135435819625854
265200,DEAD_RECKONING,1.975,12610,8.349309,-2.415551077730214,1.4439242975101725,0.9558674263895579,0.23388389770706478,false,2.0567982062136956,0.29135435819625854
265339,DEAD_RECKONING,1.975,12610,8.349309,-2.569466731286382,1.4765765160426905,1.5945406142693201,0.26525311933259416,false,3.459064465675711,0.41643041372299194
265410,DEAD_RECKONING,1.975,12820,8.349309,-2.805530157812231,1.5515382556701458,2.6662693904773422,0.6869088964008966,false,3.659162522784003,1.0543997287750244
265548,DEAD_RECKONING,1.975,12820,8.349309,-3.175634940996285,1.6591614787561224,3.8030390756244237,0.8908068712885293,false,4.914858506315615,1.0543997287750244
265619,DEAD_RECKONING,1.975,13021,8.349309,-3.4791060304373733,1.8177148234799474,3.4201716146234284,0.28968638814011,false,3.221370675182944,0.4696859121322632
265694,DEAD_RECKONING,1.975,13021,8.349309,-3.676598301644267,1.9713538053287027,2.5543771842883274,0.2893515436417159,false,2.1224696601115243,0.4696859121322632
265827,DEAD_RECKONING,1.975,13221,8.349309,-3.8579720283983656,2.06050887780113,2.0294951149776512,0.16793257901590336,false,1.7235193502917627,0.23053641617298126
265899,DEAD_RECKONING,1.975,13221,8.349309,-4.134861569444389,1.7187327476074123,1.2424512269740209,0.19209945037210904,false,0.6831375548020155,0.26726531982421875
266042,DEAD_RECKONING,1.975,13422,8.349309,-4.114767611811622,1.7501131735158555,0.569492203831746,0.23432447087828803,false,1.4955211352011777,0.3795175850391388
266111,DEAD_RECKONING,1.975,13422,8.349309,-4.215592042677197,1.7929963157286897,1.2391235351053946,0.3105285372809624,false,2.2147576156124917,0.3795175850391388
266250,DEAD_RECKONING,1.975,13627,8.349309,-4.327381239110861,1.8268050506783076,1.1757032056872747,0.4828521408770321,false,1.3311273828764354,0.6234156489372253
266324,DEAD_RECKONING,1.975,13627,8.349309,-4.427259807424088,1.8829182879087984,1.147426459872511,0.5609908271787879,false,1.2061513176906842,0.6234156489372253
266398,DEAD_RECKONING,1.975,13827,8.349309,-4.651861518598252,1.48793244124161,0.9890384570993495,0.3464075649901784,false,1.0749694919309334,0.5259750485420227
266529,DEAD_RECKONING,1.975,13827,8.349309,-4.7570662343338705,1.5275980386924142,1.245435534604842,0.49961822967715724,false,1.727127642583255,0.6397299766540527
266601,DEAD_RECKONING,1.975,14028,8.349309,-4.926691210954062,1.5820683295889495,1.8414552372357882,0.5765605442171902,false,2.390317134823546,0.6397299766540527
266741,DEAD_RECKONING,1.975,14028,8.349309,-5.053024449177171,1.616791875611025,1.3990413571607252,0.4759309523338118,false,1.1517141223864118,0.4109150469303131
266811,DEAD_RECKONING,1.975,14233,8.349309,-5.2181265576263,1.6696188014000484,1.786186287714777,0.43758728023854176,false,2.1093161515036454,0.4109150469303131
266957,DEAD_RECKONING,1.975,14233,8.349309,-5.348896682085574,1.6622402172497477,1.4274159932265549,0.5346084425179333,false,1.4786137387478704,0.6869480609893799
267023,DEAD_RECKONING,1.975,14436,8.349309,-5.501038737978982,1.6715197606002405,1.5532334294904138,0.4066690725247279,false,1.9878477824774494,0.3975386619567871
267093,DEAD_RECKONING,1.975,14436,8.349309,-5.613646141564983,1.1776445768348582,0.38904465045392916,0.3894281821379172,false,1.3809601484610634,0.3975386619567871
267233,DEAD_RECKONING,1.975,14641,8.349309,-5.933461712369131,1.1900199339934885,3.1940697688589945,0.6511927921994645,false,5.717462027142951,1.142623782157898
267306,DEAD_RECKONING,1.975,14641,8.349309,-6.401910288958391,0.8212673247925544,4.1776073369117945,0.9180926434665178,false,4.986316691259319,1.142623782157898
267444,DEAD_RECKONING,1.975,14842,8.349309,-6.682257205658225,0.7391794385308409,3.062850836488149,0.3989023014149985,false,2.862413819007098,0.33475878834724426
267512,DEAD_RECKONING,1.975,14842,8.349309,-6.90395185766362,0.7637029076747524,2.642413426383624,0.43514189405231435,false,4.09986983635753,0.5298239588737488
267653,DEAD_RECKONING,1.975,15043,8.349309,-7.037110025178398,0.8177641382129731,1.5171660351486151,0.1567201482630841,false,0.983761847374683,0.39040252566337585
267726,DEAD_RECKONING,1.975,15043,8.349309,-7.018142182785046,0.2715597290379598,0.8687747556706049,0.2600161856423974,false,2.3433962276544937,0.39040252566337585
267795,DEAD_RECKONING,1.975,15244,8.349309,-7.133686578588907,0.3142696179316974,1.4267542349302902,0.33069778218892165,false,2.57186847411937,0.39040252566337585
267939,DEAD_RECKONING,1.975,15244,8.349309,-7.20180909240393,0.041287345240791286,1.0701185001764204,0.5263266670154013,false,0.9614957929708187,1.0781723260879517
268011,DEAD_RECKONING,1.975,15444,8.349309,-7.190244710875283,0.0412210476471529,0.3331046866008098,0.270105024324688,false,0.9344340724830991,0.6156301498413086
268147,DEAD_RECKONING,1.975,15444,8.349309,-7.210175979936573,-0.014984727662374436,0.5985770276856046,0.2522907275258068,false,1.307122752780701,0.4031224548816681
268214,DEAD_RECKONING,1.975,15644,8.349309,-7.170112846901145,-0.13330873283131445,0.520781475327374,0.3273645806449394,false,1.2105969938719274,0.4031224548816681
268355,DEAD_RECKONING,1.975,15644,8.349309,-7.211817243339812,-0.18433337844645814,1.484443972526004,0.22825920410105052,false,3.0254811548458242,0.45557576417922974
268427,DEAD_RECKONING,1.975,15845,8.349309,-7.280230743001299,-0.18608202113919883,1.7355335600163533,0.3420924335594223,false,3.926950220549654,0.45557576417922974
268497,DEAD_RECKONING,1.975,15845,8.349309,-7.12124749931148,-0.08580384296654676,2.984298398036461,0.4645467473700795,false,5.070974814416076,0.7437368631362915
268636,DEAD_RECKONING,1.975,16045,8.349309,-7.07510212956706,0.14138293609324473,0.7913689965846451,0.2624508718229943,false,1.3626931252976586,0.2722662091255188
268707,DEAD_RECKONING,1.975,16045,8.349309,-7.280048855654905,0.1454784204193163,2.2152054410165825,0.2418775528486471,false,4.398343281102065,0.2722662091255188
268852,DEAD_RECKONING,1.975,16247,8.349309,-7.355093821942988,0.1583131232044177,0.7603797777306432,0.3788931288266037,false,0.8512414409756689,0.6178572177886963
268919,DEAD_RECKONING,1.975,16247,8.349309,-7.215966054815093,0.8493202900400643,1.438180066442783,0.2104886930481261,false,2.8893085146690165,0.16913612186908722
269056,DEAD_RECKONING,1.975,16448,8.349309,-7.29942313604847,0.81119375827832,1.3420585266986487,0.16931617356285195,false,2.0738252416684815,0.16913612186908722
269127,DEAD_RECKONING,1.975,16448,8.349309,-7.4733733008567835,0.8305250513564161,1.7648416589634952,0.26190452901140415,false,2.6092917122517356,0.3436299264431
269202,DEAD_RECKONING,1.975,16652,8.349309,-7.614509078072774,0.7948001618539284,1.4562326102898142,0.3069870168868683,false,1.3131113433926065,0.3436299264431
269339,DEAD_RECKONING,1.975,16652,8.349309,-7.557669427132868,0.7445527166201638,0.7888629896269721,0.08082819407192662,false,2.2430738332851443,0.12461096793413162
269409,DEAD_RECKONING,1.975,16854,8.349309,-7.207979181993028,1.7702279090612514,1.1032073169846952,0.27136834941867105,false,1.4120685517958504,0.4494933485984802
269551,DEAD_RECKONING,1.975,16854,8.349309,-7.096085493383097,1.9093241790730042,0.8058444894244317,0.3701691558833782,false,0.9737219336038468,0.4494933485984802
269622,DEAD_RECKONING,1.975,17055,8.349309,-7.09010091883547,1.9077139260826894,0.6269335090872279,0.2493476651772477,false,1.3772527878771272,0.5048193335533142
269760,DEAD_RECKONING,1.975,17055,8.349309,-6.784334493638024,1.8162882259628719,3.312244759352737,0.2136902400865145,false,6.022444997524739,0.35716915130615234
269833,DEAD_RECKONING,1.975,17255,8.349309,-6.776524100929239,1.7245922370713413,0.9569087826741114,0.28452817647826445,false,2.740797594278427,0.35716915130615234
269900,DEAD_RECKONING,1.975,17255,8.349309,-6.801497234769815,0.9616235642216617,1.3511627041399266,0.5761070586153804,false,1.8747214440518167,0.8870798945426941
270039,DEAD_RECKONING,1.975,17457,8.349309,-6.77542682872598,1.1559329574052386,0.4107846560892073,0.7467578208636869,false,1.099182653457779,0.8870798945426941
270114,DEAD_RECKONING,1.975,17457,8.349309,-6.726070548668218,1.147512447197409,1.1953862501723846,0.6897376872231876,false,2.197097479815913,0.8612764477729797
270250,DEAD_RECKONING,1.975,17658,8.349309,-6.6104925719226415,1.2914356744060458,2.164215395608182,0.44822728727678823,false,3.3141290133717245,0.26087692379951477
270322,DEAD_RECKONING,1.975,17658,8.349309,-6.775039948319798,0.5666535490288409,1.4222665284348646,0.3428308217700499,false,3.0514156077957115,0.26087692379951477
270465,DEAD_RECKONING,1.975,17858,8.349309,-6.880950086050085,0.5198750756985394,2.841833039812717,0.518310885946228,false,4.8679430921844755,0.6830111742019653
270531,DEAD_RECKONING,1.975,17858,8.349309,-6.934056305886279,0.5112962021547458,0.5367278855644312,0.7652163095427155,false,2.1013304418192895,1.0578433275222778
270602,DEAD_RECKONING,1.975,17858,8.349309,-6.876685750865392,-0.6220845235695277,1.6501890380363606,0.9231461840532255,false,2.873536602242311,1.0578433275222778
270746,DEAD_RECKONING,1.975,18058,8.349309,-6.988418714721962,-0.6190185077585242,1.2982784135530303,0.6376708247950283,false,1.6435463125181462,0.5890636444091797
270817,DEAD_RECKONING,1.975,18259,8.349309,-7.043631417659915,-1.2543882644180513,1.6708356593297542,0.5841973865689984,false,2.2499205302407486,0.5890636444091797
270953,DEAD_RECKONING,1.975,18259,8.349309,-7.028389738899658,-1.2849637014184823,0.7634798441768936,0.4840403858923334,false,1.9941997342541333,0.4131430387496948
271023,DEAD_RECKONING,1.975,18464,8.349309,-6.8089667508585645,-2.0340778830203856,0.15809676196519212,0.492425259077344,false,0.40983228450426196,0.510627269744873
271164,DEAD_RECKONING,1.975,18464,8.349309,-6.828010246437454,-2.0357288531463626,0.47253405792881786,0.501375975544078,false,0.9114201921307287,0.510627269744873
271236,DEAD_RECKONING,1.975,18666,8.349309,-6.836847651582959,-1.976467403736639,0.6357526332166645,0.45423665807881614,false,1.2992859687659422,0.44879069924354553
271305,DEAD_RECKONING,1.975,18666,8.349309,-6.4048312119376325,-2.8623833037116992,0.6857036499275713,0.44746318032056126,false,1.053478235583773,0.44879069924354553
271445,DEAD_RECKONING,1.975,18866,8.349309,-6.385590261706487,-2.9078319944539492,0.6172123926653759,0.39159204963574973,false,1.3252439882564773,0.3615492582321167
271513,DEAD_RECKONING,1.975,18866,8.349309,-6.07395709614914,-3.4926025549728146,0.7047237113705676,0.4903495508871809,false,1.56363217299302,0.5717902779579163
271655,DEAD_RECKONING,1.975,19066,8.349309,-6.072455465245202,-3.5170753819567855,0.7719611025262779,0.34150173834543496,false,0.8586023758421902,0.2747526466846466
271728,DEAD_RECKONING,1.975,19066,8.349309,-5.843196748930486,-3.9178001279847616,0.4006368768704883,0.2957251908513935,false,0.6781322648891789,0.2747526466846466
271867,DEAD_RECKONING,1.975,19266,8.349309,-5.844498275919402,-3.892230963903424,0.27770281358727067,0.3721214188674474,false,0.7592065910348865,0.43902942538261414
271934,DEAD_RECKONING,1.975,19266,8.349309,-5.7123872874192765,-4.014579880118123,0.4402318725738674,0.40893520487075086,false,0.6144791317309025,0.43902942538261414
272011,DEAD_RECKONING,1.975,19266,8.349309,-5.702811962283595,-4.002622087634822,0.4547414004264121,0.3774205531332423,false,0.641079260259441,0.3613829016685486
272145,DEAD_RECKONING,1.975,19467,8.349309,-5.703662099612632,-4.020822192653335,0.920810015584352,0.619410191346575,false,1.3495521945037638,0.8581090569496155
272216,DEAD_RECKONING,1.975,19668,8.349309,-5.121100538572278,-4.717727904664038,0.43781952174960453,0.7501297001151728,false,0.9869518629766711,0.8581090569496155
272360,DEAD_RECKONING,1.975,19668,8.349309,-5.1164479631015505,-4.71789559373888,0.1739740969589989,0.5221740673909097,false,0.5069624887398109,0.47100526094436646
272433,DEAD_RECKONING,1.975,19869,8.349309,-4.582486409913398,-5.156855043976873,0.29156620201453587,0.47408166037394456,false,0.5734520601596144,0.47100526094436646
272566,DEAD_RECKONING,1.975,19869,8.349309,-4.546892901223662,-5.158558753746931,0.48537870107991105,0.3205979346654512,false,0.729509670347953,0.25533124804496765
272642,DEAD_RECKONING,1.975,20069,8.349309,-4.517605199722579,-5.161436188959552,0.3557658408380949,0.28805273259578357,false,0.2641034496683581,0.26585903763771057
272710,DEAD_RECKONING,1.975,20069,8.349309,-3.6935702335962532,-5.674037466292706,0.33228360716142535,0.2752207014713601,false,0.668728478673419,0.26585903763771057
272848,DEAD_RECKONING,1.975,20270,8.349309,-3.6943616259017915,-5.6892937127799,0.20300878250297633,0.28782146601707415,false,0.5978886253418141,0.32445889711380005
272919,DEAD_RECKONING,1.975,20270,8.349309,-3.2346129099367773,-5.946028748237106,0.3063237708407785,0.30579985348550576,false,0.5096033115832952,0.32445889711380005
273056,DEAD_RECKONING,1.975,20471,8.349309,-3.2184962712884153,-5.926120153008597,0.2878045767332959,0.22808616299706522,false,0.5631559238201528,0.22566071152687073
273129,DEAD_RECKONING,1.975,20471,8.349309,-2.770818002827358,-6.077019788950502,0.5505485604966132,0.2038282205690421,false,0.8746908488430273,0.21352921426296234
273267,DEAD_RECKONING,1.975,20676,8.349309,-2.7358276833910717,-6.067863996409469,0.3668152675955297,0.1360003423957586,false,0.4391134058281582,0.3853801488876343
273341,DEAD_RECKONING,1.975,20676,8.349309,-2.6182021211496624,-6.023326233787563,1.0297032956541643,0.27348688253129927,false,1.6927329498278707,0.3853801488876343
273408,DEAD_RECKONING,1.975,20676,8.349309,-2.636926177294675,-5.860475456673653,1.434663560096279,0.33574782901518835,false,2.0458485438608793,0.3853801488876343
273550,DEAD_RECKONING,1.975,20888,8.349309,-2.596235321828226,-5.729851422846921,1.501143547584857,0.1618704541912996,false,1.635199364267606,0.18072490394115448
273624,DEAD_RECKONING,1.975,20888,8.349309,-2.4500322717336385,-5.707166088803881,0.9796458733740124,0.24670241501696233,false,0.8535034386193919,0.4716872572898865
273760,DEAD_RECKONING,1.975,21100,8.349309,-2.4014636380225727,-5.665517971637104,0.6391630948200157,0.28116761151359676,false,0.5783581345071026,0.31853601336479187
273830,DEAD_RECKONING,1.975,21100,8.349309,-2.6379085510086013,-5.470760462647023,0.7469790548791369,0.30112960160941127,false,0.9653962894498198,0.31853601336479187
273973,DEAD_RECKONING,1.975,21301,8.349309,-2.5806266699254983,-5.41627114346559,0.7964884199412026,0.37543521532511553,false,0.9971130607045638,0.46154525876045227
274039,DEAD_RECKONING,1.975,21301,8.349309,-2.2257246894842124,-5.521017740249608,0.6635122657565209,0.4214511755511172,false,0.7452255123911292,0.46154525876045227
274111,DEAD_RECKONING,1.975,21501,8.349309,-2.335504259338905,-5.482119312116392,0.5110098340663531,0.3128413260249425,false,0.7895596122968753,0.2323247492313385
274256,DEAD_RECKONING,1.975,21707,8.349309,-2.2988726262743655,-5.462245487020131,0.47054322391822506,0.2694466776099373,false,0.9244124542483069,0.2852419316768646
274321,DEAD_RECKONING,1.975,21707,8.349309,-2.0954438878300756,-5.433117371497596,1.0077926510657131,0.27265474577148185,false,1.5600023141619586,0.2852419316768646
274461,DEAD_RECKONING,1.975,21907,8.349309,-2.031995629564488,-5.39621501871654,0.5921972532828326,0.2289280705577368,false,0.34178907916726453,0.2648223340511322
274537,DEAD_RECKONING,1.975,21907,8.349309,-2.031891040641167,-5.395937269930763,0.051109412662702663,0.1432883262422655,false,0.49855169082154477,0.19108764827251434
274676,DEAD_RECKONING,1.975,22109,8.349309,-2.0194338622305468,-5.410648979097738,0.12917727953034067,0.15791108300195644,false,0.246212658981012,0.19108764827251434
274741,DEAD_RECKONING,1.975,22109,8.349309,-2.0151135021218773,-5.399073481405783,0.29797899470041406,0.14049095017326216,false,0.5419333997267298,0.12849189341068268
274811,DEAD_RECKONING,1.975,22109,8.349309,-1.98615770168904,-5.4474856496929895,0.5863857108277672,0.13356746974287123,false,0.987209452776623,0.12849189341068268
274953,DEAD_RECKONING,1.975,22310,8.349309,-1.9570419465677862,-5.429764551219978,0.34163314561939856,0.09170026271446549,false,0.7618198386994507,0.1858525574207306
275025,DEAD_RECKONING,1.975,22310,8.349309,-2.378191128266687,-5.212523509878735,0.2845161978653772,0.12004717351159463,false,0.257604688335391,0.14959342777729034
275170,DEAD_RECKONING,1.975,22511,8.349309,-2.4269014689697546,-5.122487400442604,0.6336859357851542,0.13602697283866452,false,0.9292569840086493,0.14959342777729034
275236,DEAD_RECKONING,1.975,22511,8.349309,-2.4101170705911747,-5.087060387719759,0.45813320244746397,0.1104276093367835,false,0.4111600706696691,0.11703196913003922
275374,DEAD_RECKONING,1.975,22712,8.349309,-2.3597015050513543,-5.089556219494003,0.19017612680600407,0.26333435090382845,false,0.22610860115732298,0.5014989972114563
275451,DEAD_RECKONING,1.975,22712,8.349309,-2.3174588112131094,-4.950030460849372,1.563469945909017,0.3949264625198553,false,2.6672481376016077,0.5014989972114563
275519,DEAD_RECKONING,1.975,22912,8.349309,-2.5273984706011587,-4.734585030968582,1.0014743115844862,0.36859182320394257,false,0.8158913295930502,0.3508957326412201
275654,DEAD_RECKONING,1.975,22912,8.349309,-2.4595540867632115,-4.6800462972838,0.9039118727815406,0.3583426030645213,false,1.3046031217940766,0.3508957326412201
275727,DEAD_RECKONING,1.975,23113,8.349309,-2.437530869878226,-4.6381404594770395,0.6895139250162015,0.19141015574919487,false,0.8389856292988003,0.40492570400238037
275875,DEAD_RECKONING,1.975,23313,8.349309,-2.6028706815009732,-4.532388799403877,1.1484826635032366,0.29904176416695977,false,2.344600738286733,0.4550689458847046
275935,DEAD_RECKONING,1.975,23313,8.349309,-2.5425963933626807,-4.427432948008101,1.2401592987365209,0.38308427369849035,false,2.1413990515654078,0.4550689458847046
276076,DEAD_RECKONING,1.975,23519,8.349309,-2.6571629511459425,-4.30541316299194,1.9229195816072302,0.4111337740553355,false,3.311598140239051,0.689440131187439
276151,DEAD_RECKONING,1.975,23519,8.349309,-2.620752147928459,-4.213184401337805,1.0322958426847866,0.33369851276827645,false,1.6600500033531214,0.3935331702232361
276216,DEAD_RECKONING,1.975,23519,8.349309,-2.671826285094571,-4.1541630098739715,0.5189046484667011,0.3547779283870325,false,1.170879998716387,0.3935331702232361
276356,DEAD_RECKONING,1.975,23719,8.349309,-2.699432743678895,-4.2488531750215195,0.9899920507330809,0.3873239448198431,false,1.8863617504412833,0.41451287269592285
276433,DEAD_RECKONING,1.975,23719,8.349309,-2.746001682828319,-4.3221517542973835,0.939637675765357,0.4023517730303076,false,1.1202568555784338,0.41451287269592285
276566,DEAD_RECKONING,1.975,23919,8.349309,-2.7840333690048165,-4.407829823611337,0.9437490691833912,0.4152560673388398,false,1.0932022677582103,0.45442521572113037
276637,DEAD_RECKONING,1.975,23919,8.349309,-2.998791124767724,-4.3671408241919485,0.9064023249428698,0.49052156591464263,false,0.9229716243550135,0.5851256251335144
276782,DEAD_RECKONING,1.975,24119,8.349309,-3.01652068281284,-4.379369441061782,0.8616495245908987,0.3772346515406502,false,1.3683411688967193,0.30930277705192566
276848,DEAD_RECKONING,1.975,24119,8.349309,-3.0388923261639578,-4.376096195850952,0.3869573275563256,0.33597445432892,false,0.31831107130914665,0.30930277705192566
276917,DEAD_RECKONING,1.975,24327,8.349309,-3.5001514616388496,-3.9480488613605678,0.7101858902247032,0.3203324951198571,false,1.547692485319784,0.30930277705192566
277064,DEAD_RECKONING,1.975,24327,8.349309,-3.598548224387881,-3.848418648870781,1.293587188237154,0.20282255388972714,false,1.7664361392419063,0.1965118944644928
277132,DEAD_RECKONING,1.975,24541,8.349309,-3.5044910521771597,-3.747830480246929,1.413238921566923,0.08598487052621345,false,2.896570449537116,0.23728619515895844
277268,DEAD_RECKONING,1.975,24541,8.349309,-3.5754671553162884,-3.6161158190810343,0.6730505312443966,0.09066035844727574,false,0.7271137398559012,0.11194130033254623
277339,DEAD_RECKONING,1.975,24744,8.349309,-3.515056542104654,-3.555018411501673,1.241820112307291,0.10111360266264306,false,2.3277819566667315,0.11194130033254623
277481,DEAD_RECKONING,1.975,24744,8.349309,-3.4732678924865454,-3.5258889581666053,0.501351304073214,0.1855604443435162,false,0.7169610254245907,0.28403618931770325
277549,DEAD_RECKONING,1.975,24962,8.349309,-3.4947671757903866,-3.547713962155929,0.7725151590522255,0.23929832024270195,false,1.590798124218167,0.28403618931770325
277619,DEAD_RECKONING,1.975,24962,8.349309,-3.536802711621702,-3.528738778939734,0.2485989796912159,0.3421410023334817,false,0.5375054422344306,0.4658122658729553
277763,DEAD_RECKONING,1.975,25165,8.349309,-3.5360618006242075,-3.5244065539336513,0.1059334638069862,0.20330257216394984,false,0.3555937307403841,0.09916047751903534
277829,DEAD_RECKONING,1.975,25165,8.349309,-3.355088438239135,-3.619758112946159,0.637446135462182,0.14369507721490482,false,1.0782797120699,0.09916047751903534
277970,DEAD_RECKONING,1.975,25365,8.349309,-3.5123467579533125,-3.517200423226209,0.48431588501464523,0.22506993042664086,false,1.2714463643568086,0.5162103772163391
278046,DEAD_RECKONING,1.975,25365,8.349309,-3.622685433341519,-3.627691574162502,1.5842843977888648,0.38732239792081236,false,2.5056853080850963,0.5162103772163391
278181,DEAD_RECKONING,1.975,25566,8.349309,-3.707072269210018,-3.609575871079495,0.6010475905420524,0.07169315444976877,false,0.6261873649874178,0.3176795542240143
278250,DEAD_RECKONING,1.975,25566,8.349309,-3.6726101219982836,-3.576020082034257,0.4819005031485185,0.11774651349055693,false,1.2854210078456934,0.18183225393295288
278333,DEAD_RECKONING,1.975,25766,8.349309,-3.6545962049898857,-3.512146842305491,0.7058615553026746,0.15240708906130435,false,0.9715510947025713,0.18183225393295288
278461,DEAD_RECKONING,1.975,25766,8.349309,-3.937027549434378,-3.2092339621173407,0.6370772921117484,0.13208631042513772,false,1.1445598173146816,0.19734817743301392
278534,DEAD_RECKONING,1.975,25967,8.349309,-4.00427984529273,-3.2640540895330084,1.2084687000792382,0.16305008526256687,false,2.2341892803653898,0.19734817743301392
278678,DEAD_RECKONING,1.975,25967,8.349309,-4.126348655539372,-3.2121868890008467,0.731734695609325,0.08252392676275486,false,1.21941631855325,0.14508524537086487
278759,DEAD_RECKONING,1.975,26168,8.349309,-4.1797889342499905,-3.2496974927635383,0.714462414309068,0.25350496896133357,false,0.7606766841758054,0.3926212787628174
278886,DEAD_RECKONING,1.975,26168,8.349309,-4.190712843861694,-3.2440950935252775,0.5666175907104327,0.12155754288836969,false,0.8953328611157177,0.15686845779418945
278959,DEAD_RECKONING,1.975,26373,8.349309,-4.148208871767201,-3.2340534248578043,1.3307879071671893,0.12205195482112587,false,2.1167353649275116,0.15686845779418945
279026,DEAD_RECKONING,1.975,26373,8.349309,-4.159029582754549,-2.9533550039821606,1.5413940320198043,0.13878435339289893,false,2.717768239007285,0.15686845779418945
279165,DEAD_RECKONING,1.975,26579,8.349309,-4.186570430090622,-2.774808435755661,0.8126949741807197,0.18181018963905496,false,0.647643250610938,0.3124579191207886
279235,DEAD_RECKONING,1.975,26579,8.349309,-4.1369834677409285,-2.7419427945992427,0.6037671706117429,0.11091525449982027,false,0.5347847729948308,0.29264408349990845
279376,DEAD_RECKONING,1.975,26779,8.349309,-4.141319765934284,-2.831425438573124,0.943122434791967,0.14355548627548345,false,2.0409922162420955,0.2631629705429077
279446,DEAD_RECKONING,1.975,26779,8.349309,-4.175885994674717,-2.8550584118528675,0.9707752588117118,0.2076984705964485,false,1.1904412749473554,0.2631629705429077
279592,DEAD_RECKONING,1.975,26980,8.349309,-4.1471430601114045,-2.9086892027831497,0.618709168400921,0.24687382749142878,false,0.6373188022075528,0.29972270131111145
279658,DEAD_RECKONING,1.975,26980,8.349309,-4.099181795521362,-2.8930696767513444,0.8144675716746169,0.27466548736232976,false,1.4151103469962116,0.29972270131111145
279726,DEAD_RECKONING,1.975,26980,8.349309,-4.392492220772948,-2.1354741985763805,0.816527026506552,0.33900590346068454,false,1.0073029781995406,0.41206806898117065
279867,DEAD_RECKONING,1.975,27181,8.349309,-4.381081536918212,-2.1355300692954233,0.19714089390273024,0.30455289853834927,false,0.7451375493327317,0.3757794499397278
279946,DEAD_RECKONING,1.975,27382,8.349309,-4.52540016452025,-1.8901013704682943,0.4232913262794514,0.33549622816702146,false,0.8787372652702994,0.3757794499397278
280077,DEAD_RECKONING,1.975,27382,8.349309,-4.508404705671475,-1.875796011500269,0.23539721903512043,0.34525041018288566,false,0.7119070009096531,0.4341672956943512
280146,DEAD_RECKONING,1.975,27582,8.349309,-4.619031091799323,-1.4575705185561978,0.2141023290136952,0.32932553635148953,false,0.2942901008621113,0.37641802430152893
280290,DEAD_RECKONING,1.975,27582,8.349309,-4.480743744043194,-1.3540375432428673,1.8390774858619727,0.34989389267738547,false,3.1578389238130087,0.37641802430152893
280356,DEAD_RECKONING,1.975,27783,8.349309,-4.487867101025142,-1.0196635961440423,1.101485979461144,0.3147679178610499,false,0.817603090480526,0.31114500761032104
280427,DEAD_RECKONING,1.975,27783,8.349309,-4.553949467911478,-0.9680758111357427,1.0612294723074336,0.30990230993357143,false,2.2730288460901047,0.31114500761032104
280572,DEAD_RECKONING,1.975,27983,8.349309,-4.688058207801392,-0.8150514201164861,1.3278672866549868,0.45886358706202834,false,2.0427058429646223,0.5861507058143616
280639,DEAD_RECKONING,1.975,27983,8.349309,-4.793559261080753,-0.8333935096315084,1.53959767620336,0.4873411285947167,false,1.9173856540121084,0.5106292963027954
280779,DEAD_RECKONING,1.975,28184,8.349309,-4.83078484163789,-0.8388249618242549,0.612904200349297,0.5002559475712135,false,1.0960223072721018,0.5106292963027954
280853,DEAD_RECKONING,1.975,28184,8.349309,-4.792551591550251,-0.03515624006067014,1.4141587988795674,0.5259775663719399,false,2.948407605673419,0.5541962385177612
280987,DEAD_RECKONING,1.975,28388,8.349309,-4.67777388289524,0.030908620902545772,1.6913236699263647,0.41895949949348615,false,2.5643770860241393,0.36999136209487915
281059,DEAD_RECKONING,1.975,28388,8.349309,-4.538310445420838,0.505355178609749,1.475449698870994,0.3865803983945247,false,2.7194375820693613,0.36999136209487915
281129,DEAD_RECKONING,1.975,28388,8.349309,-4.4846393380142455,0.5998398293625509,1.6571333090441995,0.5853938974159346,false,1.9213338992170197,0.7855475544929504
281269,DEAD_RECKONING,1.975,28598,8.349309,-4.5118606966591175,0.7465505648900029,1.8012951675949203,0.6471013779105856,false,2.243763448504806,1.0262970924377441
281338,DEAD_RECKONING,1.975,28598,8.349309,-4.514942264383653,0.7466960442533185,1.4576974651398182,0.8425140369220968,false,2.2783449357574823,1.0262970924377441
281481,DEAD_RECKONING,1.975,28798,8.349309,-4.61532990735695,0.726239161090498,1.417373506172199,0.7174080445307441,false,2.7351338887638663,0.6812888979911804
281560,DEAD_RECKONING,1.975,28998,8.349309,-4.626550142069447,0.7580169605283787,0.8546694345824072,0.6892864720382444,false,2.382934750140334,0.6812888979911804
281690,DEAD_RECKONING,1.975,28998,8.349309,-4.623752745049408,0.7729237832751583,1.1237037861363213,0.5794925344243299,false,1.3806292121697883,0.5126797556877136
281762,DEAD_RECKONING,1.975,29204,8.349309,-4.591451314550407,0.6551563952311589,0.9982982573910152,0.7469502990943222,false,1.0964845007428907,0.9596433043479919
281837,DEAD_RECKONING,1.975,29204,8.349309,-4.675779742528796,0.6615160550422273,0.9557313730320265,0.8601874044894697,false,1.910711271490826,0.9596433043479919
281975,DEAD_RECKONING,1.975,29405,8.349309,-4.58300055019343,0.69556521366711,1.1716159878649408,0.5463898140553796,false,2.8207809007927174,0.5926173329353333
282041,DEAD_RECKONING,1.975,29405,8.349309,-4.284119845125026,1.4309443952466614,0.5872098330321699,0.5328312357474705,false,0.5804713805397063,0.5926173329353333
282184,DEAD_RECKONING,1.975,29606,8.349309,-4.210902343003679,1.4035241432977696,0.7877433685466533,0.17165593529332518,false,1.0914518124533414,0.31145134568214417
282251,DEAD_RECKONING,1.975,29606,8.349309,-3.6577029220011927,2.294010480838829,0.31727748833500613,0.2783688599630916,false,0.8106882655023573,0.4093315601348877
282391,DEAD_RECKONING,1.975,29807,8.349309,-3.719201050842907,2.3146573661993126,0.8385915218519188,0.3493278682562334,false,1.3368472417047184,0.4093315601348877
282466,DEAD_RECKONING,1.975,29807,8.349309,-3.8183137115075545,2.354069985284766,1.4129272514233837,0.18853193808164376,false,2.4512922276117792,0.29336991906166077
282532,DEAD_RECKONING,1.975,29807,8.349309,-3.851869069692829,2.2852839345057703,0.06364167946241361,0.22517310406323496,false,1.2146135010665309,0.29336991906166077
282674,DEAD_RECKONING,1.975,30012,8.349309,-3.7301547841564195,2.361648475392715,1.017421685776136,0.38992800048632037,false,1.8042033741805337,0.5242442488670349
282750,DEAD_RECKONING,1.975,30012,8.349309,-3.6844007856342365,2.332680545881589,1.2372828758791736,0.1679817529107783,false,1.6795453949124124,0.47426214814186096
282885,DEAD_RECKONING,1.975,30212,8.349309,-3.663593958730602,2.314939703307133,0.7157761446510676,0.263609525014035,false,0.33635490119585515,0.37517502903938293
282954,DEAD_RECKONING,1.975,30212,8.349309,-3.6541972479751696,2.3090021406150654,0.8421673889495133,0.3240650828884301,false,0.9730648918393754,0.37517502903938293
283098,DEAD_RECKONING,1.975,30423,8.349309,-3.7780167375661873,2.277304683130761,1.3063729813756308,0.4355847028224308,false,2.2980754963459904,0.5643076300621033
283166,DEAD_RECKONING,1.975,30423,8.349309,-4.055067025616275,1.972094214026333,1.4156038880432973,0.504758078760552,false,1.5319356139923712,0.5643076300621033
283234,DEAD_RECKONING,1.975,30623,8.349309,-4.143652115061077,2.0498362170971474,1.1853602009930244,0.24716791006989186,false,1.6574603049893555,0.17922881245613098
283374,DEAD_RECKONING,1.975,30823,8.349309,-4.2094724140353375,2.0755760598593143,0.7368421311127201,0.1857792995981332,false,0.5661412499371478,0.3811775743961334
283447,DEAD_RECKONING,1.975,30823,8.349309,-4.389461877521493,1.7266767976352626,0.7590554104920844,0.28614848534866977,false,1.011153629604937,0.3811775743961334
283586,DEAD_RECKONING,1.975,31024,8.349309,-4.424137796538074,1.7691242081447613,0.6679908010379663,0.14042108136969686,false,0.8594755900223761,0.25371187925338745
283656,DEAD_RECKONING,1.975,31024,8.349309,-4.313560021965148,2.1096587854549065,0.7150134611128042,0.18534326709582666,false,0.7680869684985618,0.25371187925338745
283796,DEAD_RECKONING,1.975,31225,8.349309,-4.360360656124296,2.077287050763553,0.683555734373291,0.11568956328794835,false,1.0466606668853118,0.14658841490745544
283865,DEAD_RECKONING,1.975,31225,8.349309,-4.503134293111431,1.8583185449285944,0.5955481956223359,0.3078042613375517,false,0.7048820686266568,0.535959005355835
283936,DEAD_RECKONING,1.975,31225,8.349309,-4.4752790139703436,1.8759269152989637,0.3354657396163662,0.4337095203578258,false,1.0576814876606502,0.535959005355835
284079,DEAD_RECKONING,1.975,31427,8.349309,-4.43124950760421,1.879220304830991,0.4616299958963505,0.6413793261743428,false,0.605170801346126,0.8828943967819214
284145,DEAD_RECKONING,1.975,31427,8.349309,-4.338010885410274,1.8767534474621614,0.8794190174300975,0.7718580554954162,false,1.2995281877496914,0.8828943967819214
284286,DEAD_RECKONING,1.975,31632,8.349309,-4.30563022535352,1.8415392706139702,1.081087482187197,0.3623564051313436,false,1.90807438656118,0.13259199261665344
284362,DEAD_RECKONING,1.975,31632,8.349309,-4.084664345587547,2.1448756772653392,0.7331168165873247,0.15598197845794845,false,0.6316491250052214,0.11094239354133606
284497,DEAD_RECKONING,1.975,31837,8.349309,-4.049695689323747,2.11571953711269,0.5900481391437689,0.24257632093312936,false,0.47664002943684397,0.42361894249916077
284568,DEAD_RECKONING,1.975,31837,8.349309,-3.949573710488931,2.2741092186677316,0.3566668602513906,0.34045433446380624,false,0.6402110575045661,0.42361894249916077
284640,DEAD_RECKONING,1.975,32042,8.349309,-3.948796252711681,2.2409423689106553,0.9510947105710348,0.3864495524240924,false,1.6588753213210814,0.42361894249916077
284777,DEAD_RECKONING,1.975,32042,8.349309,-3.97564780681219,2.236801561070705,0.6699065592195017,0.11169070565581966,false,0.6521204593168324,0.17142926156520844
284849,DEAD_RECKONING,1.975,32251,8.349309,-4.024943954010824,1.928487018302543,1.0589161106731315,0.1634530060253988,false,2.0450625657127226,0.2507323920726776
284987,DEAD_RECKONING,1.975,32251,8.349309,-3.983826535709165,2.032570561602208,0.582097004432504,0.18774473967807953,false,1.0774861510283793,0.415973424911499
285060,DEAD_RECKONING,1.975,32456,8.349309,-3.993595859960934,2.0375549254300265,1.5244009639263671,0.31267208145136494,false,2.7479542674724176,0.415973424911499
285215,DEAD_RECKONING,1.975,32656,8.349309,-4.194082981233396,1.9911169081024174,2.1993524229048687,0.2642655852228978,false,3.5515368202685718,0.6221982836723328
285269,DEAD_RECKONING,1.975,32656,8.349309,-4.531069463191532,1.6863634204717803,2.3581555753966166,0.4579046348932928,false,2.6458320955304364,0.6221982836723328
285343,DEAD_RECKONING,1.975,32656,8.349309,-4.546615626190686,1.6660605159707251,0.38714011448318447,0.25482518522438835,false,1.5473730859239105,0.12604191899299622
285480,DEAD_RECKONING,1.975,32861,8.349309,-4.480117516240743,1.6361985877777914,0.8903003610393481,0.06465474943476976,false,1.7865538556322176,0.12119780480861664
285551,DEAD_RECKONING,1.975,32861,8.349309,-4.396731211917085,1.5425796415050226,1.219523514710302,0.060233890390704745,false,1.6042611782855598,0.12119780480861664
285692,DEAD_RECKONING,1.975,33063,8.349309,-4.284787870464172,1.507152325509119,1.5496680743079063,0.05121535563532899,false,2.4081580271491196,0.09731561690568924
285762,DEAD_RECKONING,1.975,33063,8.349309,-4.091851142861984,1.9710545734260296,0.5854133410869973,0.07487286821256532,false,1.7770043594202773,0.09731561690568924
285900,DEAD_RECKONING,1.975,33263,8.349309,-4.171874120312431,1.9047150412305318,1.093574989227043,0.24574702727087197,false,1.6284581209558378,0.4556366801261902
285975,DEAD_RECKONING,1.975,33263,8.349309,-4.025051729497142,2.118471073826967,0.4125705761136956,0.23320794688094004,false,1.5651660831712684,0.5981007814407349
286041,DEAD_RECKONING,1.975,33463,8.349309,-3.9385775660329037,2.079353642707582,1.1122853692237993,0.43573886034750925,false,1.7742500738233324,0.5981007814407349
286183,DEAD_RECKONING,1.975,33463,8.349309,-3.902913182716447,1.930915725852544,1.1968437259325242,0.2260871621962151,false,1.3956255354485698,0.08088051527738571
286251,DEAD_RECKONING,1.975,33664,8.349309,-3.8853812024403624,1.9222420057784362,0.946388451567639,0.13072364156533364,false,1.5452761468684901,0.13445258140563965
286392,DEAD_RECKONING,1.975,33664,8.349309,-3.7633720996705136,1.968150473077291,1.3176648721429334,0.12076429487892726,false,1.9597481611214789,0.13445258140563965
286465,DEAD_RECKONING,1.975,33870,8.349309,-3.9413061407640657,1.4916809188143223,0.3514464043671631,0.20814060331423404,false,1.5187155268580035,0.39020830392837524
286606,DEAD_RECKONING,1.975,33870,8.349309,-3.982625606898558,1.4790008482158414,0.5318221498694956,0.3791196111245806,false,0.9349434855353667,0.5952435731887817
286672,DEAD_RECKONING,1.975,34083,8.349309,-3.772156721082568,1.8845860043200602,0.7459855820503906,0.4968364842352839,false,1.5316945319188187,0.5952435731887817
286746,DEAD_RECKONING,1.975,34083,8.349309,-3.7620875063841157,1.8722414528286513,1.0352248999636497,0.318344407488764,false,1.5101385943429222,0.185066819190979
286890,DEAD_RECKONING,1.975,34285,8.349309,-3.745238688129504,1.8970848446303354,1.0085035531827868,0.2228775134510529,false,1.4238778323015642,0.1753655970096588
286955,DEAD_RECKONING,1.975,34285,8.349309,-3.9281483627061315,1.5872919689355975,0.5759456620771762,0.19161031412167964,false,1.118114589766734,0.1753655970096588
287095,DEAD_RECKONING,1.975,34485,8.349309,-3.9743002882810994,1.6011119201440562,0.6102012063408037,0.1343036597497392,false,0.9516931073626959,0.09282594174146652
287171,DEAD_RECKONING,1.975,34485,8.349309,-3.979318133195648,1.6031334410970168,0.6353931557942771,0.1104331713454161,false,0.9184056268237453,0.09282594174146652
287306,DEAD_RECKONING,1.975,34690,8.349309,-3.9696365257121804,1.6091745861885143,0.4337485727286118,0.08073664299550691,false,0.35662513842235277,0.1686665415763855
287374,DEAD_RECKONING,1.975,34690,8.349309,-3.996456255641508,1.4174053852280695,0.629555954784287,0.1527991702603844,false,1.004768620303724,0.2192414104938507
287447,DEAD_RECKONING,1.975,34890,8.349309,-3.8838032761753563,1.4030719890585128,1.1491700290105382,0.1894427567540743,false,1.7440681375833542,0.2192414104938507
287588,DEAD_RECKONING,1.975,34890,8.349309,-3.819650925937438,1.3769952053008676,0.9246498400572006,0.1829371728945357,false,1.3303808504038643,0.3400471806526184
287659,DEAD_RECKONING,1.975,35090,8.349309,-3.8817789307582085,0.9599163467435735,0.6726854570905842,0.26475560475329324,false,0.5101325419789672,0.3400471806526184
287797,DEAD_RECKONING,1.975,35090,8.349309,-3.88790694263398,0.9837490610835353,0.2506934957139064,0.13409132550497235,false,0.8752261188312433,0.2602634131908417
287871,DEAD_RECKONING,1.975,35291,8.349309,-3.924267290492428,1.2060316485735358,1.0163064317393928,0.07228164722173387,false,1.7567974883766417,0.08395937085151672
288005,DEAD_RECKONING,1.975,35291,8.349309,-3.975126916430543,1.2816384429683254,1.0840990861891013,0.0702676231724852,false,1.6938376267317923,0.08395937085151672
288078,DEAD_RECKONING,1.975,35501,8.349309,-4.024195496834478,0.9756302344904018,0.2602516630230931,0.12501110819133737,false,1.2526952812864567,0.25696074962615967
288147,DEAD_RECKONING,1.975,35501,8.349309,-3.2389935295911165,-1.2425698529226263,0.8360086345822436,0.19786710523712508,false,1.617384391740939,0.25696074962615967
288287,DEAD_RECKONING,1.975,35705,8.349309,-3.288100149797765,-1.2183511861210083,0.6493483404441547,0.3844347469536714,false,1.4162512996878707,0.630887508392334
288357,DEAD_RECKONING,1.975,35705,8.349309,-3.439792747424669,-0.8737351178833861,0.7644446734278372,0.1629819768515498,false,1.2787856736569188,0.4935052692890167
288502,DEAD_RECKONING,1.975,35907,8.349309,-2.0424753325344565,1.366786300236882,0.9928764686005754,0.05069818267962263,false,1.3085001711428863,0.19230414927005768
288569,DEAD_RECKONING,1.975,35907,8.349309,-2.1120212789038044,1.4133251471059323,0.8828269964557699,0.1261733229307982,false,0.8354667435927062,0.19230414927005768
288708,DEAD_RECKONING,1.975,36107,8.349309,-2.0354166260884963,1.364864009425321,0.9052904310023168,0.2124268368993351,false,2.299622323149157,0.29421162605285645
288783,DEAD_RECKONING,1.975,36107,8.349309,-2.044865175092462,1.4229310469682692,0.6394476120069056,0.257357906523542,false,1.6934067202643517,0.29421162605285645
288851,DEAD_RECKONING,1.975,36107,8.349309,-1.9666693744307806,1.5176809337579777,0.709970284991961,0.18194114994698626,false,1.454135309313917,0.2083663046360016
288990,DEAD_RECKONING,1.975,36307,8.349309,-2.021828177647256,1.4797634513845488,0.8015998459533685,0.4426478516286993,false,1.9251762713927625,0.7217594981193542
289060,DEAD_RECKONING,1.975,36509,8.349309,-2.086347352541505,1.470521499708421,1.1006151158512496,0.5964555060903122,false,1.689772923586566,0.7217594981193542
289206,DEAD_RECKONING,1.975,36509,8.349309,-2.043042402969591,1.4294968013419758,0.6245530062848268,0.2325827390442517,false,1.5415793208232413,0.43756064772605896
289271,DEAD_RECKONING,1.975,36710,8.349309,-1.9801242342056975,1.5618001254449718,0.6699030882614518,0.29924415230979534,false,1.4120503024075597,0.43756064772605896
289415,DEAD_RECKONING,1.975,36710,8.349309,-1.9170489365318277,1.499548048070918,1.0666379041614034,0.6134352316733995,false,2.0228151636056784,0.8812200427055359
289482,DEAD_RECKONING,1.975,36911,8.349309,-1.9680388239091606,1.299956764124065,0.8009153175811606,0.5684302679567791,false,0.6122441512792716,0.5683761835098267
289550,DEAD_RECKONING,1.975,36911,8.349309,-1.916244733102918,1.2724077384676047,0.6980684586981766,0.5643378215806507,false,0.9661341514152654,0.5683761835098267
289690,DEAD_RECKONING,1.975,37118,8.349309,-1.9934703058895693,1.3110270084105076,0.9632298494041188,0.266960016554334,false,2.1563386622404885,0.14568831026554108
289764,DEAD_RECKONING,1.975,37118,8.349309,-2.018363815765554,1.4408671467505625,1.002348194906915,0.16556947923326804,false,1.0686620258879027,0.14568831026554108
289901,DEAD_RECKONING,1.975,37318,8.349309,-2.0251512951096062,1.4809171673989916,0.40515318938031575,0.2742011299077956,false,0.7341377917088838,0.5341448187828064
289972,DEAD_RECKONING,1.975,37318,8.349309,-2.100529404740745,1.395691258364578,0.4147241105919518,0.10919398102469947,false,0.5423980865489915,0.05429090932011604
290114,DEAD_RECKONING,1.975,37519,8.349309,-2.050037875292594,1.4213875376396865,0.5742454684774165,0.21621579817595535,false,0.9030487797569556,0.31023016571998596
290187,DEAD_RECKONING,1.975,37519,8.349309,-2.082221106121681,1.2876980313847428,0.6926045069763294,0.2682481258955539,false,1.0880319218050796,0.31023016571998596
290252,DEAD_RECKONING,1.975,37519,8.349309,-2.1445638276869863,1.369993667003516,0.9822508102913374,0.2915982710949596,false,2.2022821836962265,0.31023016571998596
290399,DEAD_RECKONING,1.975,37723,8.349309,-2.122186752331687,1.390633696512905,0.569815403415871,0.2287529749058287,false,1.3794083012366924,0.2221420556306839
290465,DEAD_RECKONING,1.975,37723,8.349309,-2.193110096330844,1.4371085847037013,1.1674044713218148,0.19150607609950515,false,2.2620644785534716,0.21883836388587952
290607,DEAD_RECKONING,1.975,37923,8.349309,-2.187844393697377,1.5336309322928072,0.7050531329398917,0.14042296442543994,false,1.5450037634278724,0.28854942321777344
290673,DEAD_RECKONING,1.975,38125,8.349309,-2.222388406093622,1.5578455273019416,1.0742127706882785,0.2161917858231783,false,2.0592745264242622,0.28854942321777344
290813,DEAD_RECKONING,1.975,38125,8.349309,-2.184072966540917,1.5185909363050976,0.569974232284543,0.13823269960794252,false,1.4663134296263465,0.14196807146072388
290887,DEAD_RECKONING,1.975,38329,8.349309,-2.1209025224990907,1.30098951630452,1.714370215699077,0.1310866149805302,false,2.6980772892115916,0.14196807146072388
290954,DEAD_RECKONING,1.975,38329,8.349309,-2.01856974588053,1.247182369837627,1.1535372981854268,0.2987795754764129,false,0.7570780894638286,0.5504457354545593
291101,DEAD_RECKONING,1.975,38532,8.349309,-1.8852800795786964,1.2334431654102076,1.3771408331970039,0.24989187360877593,false,1.6847171804304542,0.3379787802696228
291167,DEAD_RECKONING,1.975,38532,8.349309,-1.9666246493005102,0.8226996658895905,0.9936380673902915,0.2886856870698525,false,0.865189847650977,0.3379787802696228
291305,DEAD_RECKONING,1.975,38733,8.349309,-1.9239822900288341,0.771730889497294,0.7405458994888333,0.1407005221650255,false,1.0946343194713233,0.43047887086868286
291377,DEAD_RECKONING,1.975,38733,8.349309,-1.9049579339651959,0.7641000067686984,0.23113833918632734,0.6100832241920329,false,0.4616207962047268,0.9922954440116882
291516,DEAD_RECKONING,1.975,38934,8.349309,-1.9472329710395169,0.7100133630036531,0.7013267226119374,0.8229981489688424,false,1.2516016345863066,0.9922954440116882
291593,DEAD_RECKONING,1.975,38934,8.349309,-1.9437472714171165,0.7618004746149035,0.7139289934537316,0.24301360773964364,false,1.6037807699654512,0.4569574296474457
291660,DEAD_RECKONING,1.975,38934,8.349309,-1.7777406494571812,1.063240640750024,0.21811556715200603,0.2695053008783737,false,0.8005403451966625,0.4569574296474457
291797,DEAD_RECKONING,1.975,39136,8.349309,-1.911271027576487,1.0585923479358188,1.3480774019461956,0.1833638902662889,false,2.321467026387869,0.5377954244613647
291865,DEAD_RECKONING,1.975,39136,8.349309,-1.8252354405973907,1.3269708150605435,1.0823984998880982,0.09978471516616584,false,1.9494914784187276,0.25815051794052124
292009,DEAD_RECKONING,1.975,39337,8.349309,-1.946046084581915,1.358121651400979,1.2455927051414835,0.18254157097863305,false,1.8961181802424423,0.25815051794052124
292077,DEAD_RECKONING,1.975,39337,8.349309,-1.273249660265169,-0.5050756183322959,1.4350831029836226,0.36327692575514053,false,1.974772546826291,0.550906240940094
292216,DEAD_RECKONING,1.975,39538,8.349309,-0.6732856855698421,0.4692135885326064,1.2157969517053544,0.08548812255197129,false,1.553544112308111,0.3351394236087799
292299,DEAD_RECKONING,1.975,39739,8.349309,-0.6433570214451352,0.520515749747795,0.8129412088781158,0.20878081781927235,false,1.6264482519133998,0.3351394236087799
292359,DEAD_RECKONING,1.975,39739,8.349309,-0.6763152963634983,0.44607840986846464,0.5186705040548792,0.04975240078129076,false,0.5023670759304122,0.24012893438339233
292498,DEAD_RECKONING,1.975,39944,8.349309,-0.5612726292780021,0.46258717812841016,1.1796290081681404,0.15380616870952069,false,1.7816716812202442,0.24012893438339233
292568,DEAD_RECKONING,1.975,39944,8.349309,-0.5521793261976848,0.4321368586445137,2.211469775755791,0.19523442012850264,false,4.619346482061106,0.38455963134765625
292715,DEAD_RECKONING,1.975,40144,8.349309,-0.5513537741028448,0.37163548305027216,0.6989819605174614,0.1104396558426785,false,0.8804569196162095,0.31244760751724243
292778,DEAD_RECKONING,1.975,40144,8.349309,-0.5412704884609724,0.46731563051162983,0.7086488286491598,0.2196647073118307,false,1.3919538822266828,0.31244760751724243
292924,DEAD_RECKONING,1.975,40347,8.349309,-0.5293417943343968,0.41578193952053927,0.7689854675013561,0.45443560376802455,false,1.874257475540088,0.6500163078308105
292989,DEAD_RECKONING,1.975,40347,8.349309,-0.5158234540674244,0.40516369286883114,0.3761998042402907,0.26232456428054973,false,0.27698690942866255,0.1250707358121872
293062,DEAD_RECKONING,1.975,40347,8.349309,-0.564898645052451,0.4404008562352729,0.7587402838858759,0.18178224864589287,false,1.3546566640673579,0.1250707358121872
293159,DEAD_RECKONING,1.975,40547,8.349309,-0.6256548226325278,0.490517242308995,0.9574278754044091,0.28821932664560707,false,1.1730238285764787,0.37795308232307434
293259,DEAD_RECKONING,1.975,40547,8.349309,-0.6447762655736483,0.4809909131116276,0.3452331761067963,0.28951732841587147,false,0.4932119876108017,0.37541940808296204
293359,DEAD_RECKONING,1.975,40748,8.349309,-0.5946229083118713,0.43100548876956923,0.7797694510641475,0.1486258093231283,false,1.432750887233201,0.052812349051237106
293459,DEAD_RECKONING,1.975,40748,8.349309,-0.4330128227668825,0.31489585136780157,2.295444832723937,0.1511509631279141,false,3.4999028603267264,0.3871511220932007
293560,DEAD_RECKONING,1.975,40949,8.349309,-0.2578705932712635,0.26082958844939824,1.9095439651296777,0.12623914457241947,false,1.7103824814960655,0.2305765599012375
293660,DEAD_RECKONING,1.975,40949,8.349309,-0.2776558743116655,0.19050291492001836,0.43751424427814367,0.25412900355302265,false,0.967244889457527,0.3629318177700043
293760,DEAD_RECKONING,1.975,41151,8.349309,-0.22178187441368227,0.18021102441586365,0.7597634206970524,0.1648901044837694,false,1.3677789962050835,0.1406354159116745
293861,DEAD_RECKONING,1.975,41151,8.349309,-0.21758881492175922,0.17880700232244157,0.4612863995470974,0.14287405782643672,false,0.5622184211177128,0.29001399874687195
293961,DEAD_RECKONING,1.975,41354,8.349309,-0.2867589689910177,0.18072426610063644,0.9245431127755797,0.16096314101426054,false,1.6592493988413217,0.2481159269809723
294061,DEAD_RECKONING,1.975,41354,8.349309,-0.34929316949067435,0.22174906505674508,1.1887745712872058,0.31082030550915235,false,1.3989945407897395,0.44071584939956665
294164,DEAD_RECKONING,1.975,41554,8.349309,-0.4114307659136774,0.2531664062659352,0.9107819587926045,0.3020092591186786,false,0.8243707008424401,0.32185065746307373
294264,DEAD_RECKONING,1.975,41554,8.349309,-0.4131298152804539,0.19670327278023456,0.7935859470408227,0.3797762489928715,false,1.3679053419631357,0.5021293759346008
294368,DEAD_RECKONING,18.099,344,,-0.4001236451746031,0.22648965964779072,0.8012497561993062,0.3852612340022091,false,0.8851754350958421,0.4485587179660797
294468,DEAD_RECKONING,18.099,344,,-0.3320600813179403,0.2660421567514768,0.8354981832463245,0.25278091404454367,false,1.8238130216945938,0.20035354793071747
294570,DEAD_RECKONING,18.099,545,,-0.28226293207562336,0.3237520255480082,0.8368366836824472,0.3119366599544654,false,0.8954663372794993,0.4303348958492279
294669,DEAD_RECKONING,18.099,545,,-0.22373958833568036,0.3458458095159217,0.6255603979256686,0.17373965833806873,false,0.6843494022256372,0.14533106982707977
294770,DEAD_RECKONING,18.099,745,,-0.3311405718694413,0.17230872078685813,0.5398745406479083,0.172073742135866,false,0.8870970028399967,0.1961505264043808
294868,DEAD_RECKONING,18.099,745,,-0.3327083637727336,0.17348398720749825,0.8885610713194794,0.11592299149629266,false,1.2284167848831078,0.3039030134677887
294969,DEAD_RECKONING,18.099,945,,-0.28034211276163856,0.201831683073759,0.6117219475829925,0.17717362577789286,false,0.897114533988234,0.34391161799430847
295067,DEAD_RECKONING,18.099,945,,-0.3756833861101669,0.18068114665687898,0.7808276123957337,0.15478032708652542,false,1.7070906686656657,0.1915535032749176
295166,DEAD_RECKONING,18.099,1145,,-0.45586991224325163,0.21099852503583796,0.9239403050234621,0.17862731698528392,false,1.1411803827204883,0.36031419038772583
295267,DEAD_RECKONING,18.099,1145,,-0.5438443799601937,0.19985775638206887,0.9683657231491832,0.1818867608013048,false,1.167672027513507,0.23247084021568298
295366,DEAD_RECKONING,18.099,1346,,-0.6844763672941568,0.23107055761329265,1.4605174177364348,0.08947610475588486,false,1.9373577363409895,0.14094795286655426
295466,DEAD_RECKONING,18.099,1346,,-0.8207435394328033,0.23523867764889256,1.434717110909578,0.12077848952846976,false,1.4696123855192507,0.16284818947315216
295567,DEAD_RECKONING,18.099,1546,,-0.9146296180257958,0.21520027298524042,1.1199147661169166,0.179733754360406,false,0.9873399310577354,0.23421630263328552
295667,DEAD_RECKONING,18.099,1546,,-0.8968450570677253,0.39056321446996906,1.2952531681194919,0.18523651501166916,false,1.5458160437711013,0.19929684698581696
295766,DEAD_RECKONING,18.099,1746,,-0.9234601131395248,0.41781426979214364,0.6718834583528098,0.19802102031758448,false,0.5283666097779944,0.24447086453437805
295866,DEAD_RECKONING,18.099,1746,,-1.0207908311257774,0.422420493678909,0.971943227484094,0.23303956127534955,false,1.4601919541131796,0.27490323781967163
295966,DEAD_RECKONING,18.099,1947,,-1.0683181016997945,0.4241958975867453,0.4755634465820148,0.2970511988819775,false,0.10772139807505458,0.3517003357410431
296067,DEAD_RECKONING,18.099,1947,,-1.0568078954778475,0.39674965400281603,0.3636690953018568,0.2795986509869591,false,0.8464214046794769,0.30095067620277405
296167,DEAD_RECKONING,18.099,2147,,-1.035357868754872,0.3740131446639053,0.3803811167701488,0.24272124209321827,false,0.6576653220492847,0.2273731678724289
296270,DEAD_RECKONING,18.099,2147,,-1.0566719480600595,0.39976822591416905,0.4145362854274218,0.2834877502755855,false,1.043893260704447,0.3313348889350891
296369,REACQUISITION,18.099,2348,,-0.9507395775212583,0.4522888489111258,1.3857768326797328,0.26064441455426607,false,2.688177572791906,0.27747148275375366
296468,REACQUISITION,18.099,2348,,-1.1328621419940823,0.3978640864831467,1.594974066668527,0.43962250777899586,false,3.7612555746595637,0.9198398590087891
296569,REACQUISITION,18.099,2550,,-1.278562162487289,0.4851673254271506,2.056465933358301,0.36267827713393286,false,2.862790106547468,0.6885574460029602
296669,REACQUISITION,18.099,2550,,-1.4285748802395064,0.5561646480707856,1.860611814924773,0.36952369896614123,false,1.7422976844210238,0.41080865263938904
296769,REACQUISITION,18.099,2754,,-1.364931100921709,0.5826233468148385,0.6877993310494382,0.48979281530245994,false,2.4349807834142583,0.6882204413414001
296870,REACQUISITION,18.099,2754,,-1.3811430131721936,0.16003268053289119,1.3466198141742645,0.27118149965911786,false,2.2146239756729007,0.5618242621421814
296969,REACQUISITION,18.099,2955,,-1.5188815831803821,0.17728713259879705,1.4651380738188704,0.4128169970059665,false,3.2967901512562663,0.9272398352622986
297070,REACQUISITION,18.099,2955,,-1.4725553423610744,0.23410194402569034,1.0034408018166836,0.1448227296501944,false,2.2766911233941083,0.4864404499530792
297169,REACQUISITION,18.099,3156,,-1.4820107489660928,0.2904136910412859,0.640990250238751,0.173306057325221,false,1.3227652233878122,0.37193959951400757
297271,REACQUISITION,18.099,3156,,-1.5621146748731274,0.1754527020278588,2.409223748050212,0.20041636416553354,false,3.9951943290438154,0.34052422642707825
297371,REACQUISITION,18.099,3356,,-1.5107446487582372,0.09012643265562449,1.1250096836354058,0.273788084391513,false,2.5691519008676544,0.33271387219429016
297477,REACQUISITION,18.099,3356,,-1.5008734339775787,0.09563641031913873,2.128402443646601,0.35856613387940955,false,4.149145012699636,0.6633679866790771
297571,REACQUISITION,13.949,150,0.0,-1.4867785181755886,0.1376826063129656,2.2043882557939183,0.2958755245684817,false,2.511370918802038,0.5852987766265869
297671,REACQUISITION,13.949,150,0.0,-1.5872301125254826,0.23503038496154388,2.832166854702455,0.5386863950068282,false,3.599222448993899,0.7667738199234009
297772,REACQUISITION,13.949,350,0.0,-1.9390950983608088,0.34203350979811376,4.200018182381484,0.5564122480203193,false,7.949964011232489,0.7599070072174072
297872,REACQUISITION,13.949,350,0.0,-2.203199471063305,0.29232922288030666,2.8182840353460614,0.644419360032282,false,2.603749674251263,0.795691967010498
297971,REACQUISITION,13.949,551,0.0,-2.2699983179086973,0.14479853869004078,2.0677738381634296,0.3753598597919892,false,3.858405643574235,0.49885645508766174
298076,REACQUISITION,13.949,551,0.0,-2.237766368440424,0.13245529965046426,1.7808075533823877,0.5873251365198664,false,2.562790560085544,0.8358304500579834
298176,REACQUISITION,13.949,752,0.0,-2.1819507727901315,0.044845016525211764,1.0372913979084462,0.7859444102707743,false,2.0958424708441012,0.9561545848846436
298276,REACQUISITION,13.949,752,0.0,-2.20437835289173,-0.11703769598179069,2.142554923257303,0.3829773227387694,false,3.4618429488989926,0.06438363343477249
298376,REACQUISITION,13.949,953,0.0,-2.1494776509127576,-0.1987786447905839,0.9890049517254843,0.5096414696879953,false,1.4754385848875553,0.647459864616394
298474,REACQUISITION,13.949,953,0.0,-2.155982242795325,-0.18078994784603078,0.6691138255512178,0.3785505893835245,false,1.6696046426734783,0.30243927240371704
298574,GNSS_AIDED,11.666,157,0.0,0.07714077709196147,0.04099376471045047,1.1513315711668919,0.3886842110868073,false,1.792338842833903,0.5199503302574158
298675,GNSS_AIDED,11.666,157,0.0,-0.0024515860470260297,0.061228188111078385,0.6750980180087358,0.27291562139813735,false,1.1233669477334012,0.35518407821655273
298775,GNSS_AIDED,11.666,357,0.0,0.0,0.0,0.8054315072789869,0.2805264325371891,true,1.7558462668034038,0.3114337623119354
298874,GNSS_AIDED,11.666,357,0.0,0.0,0.0,0.455041322494259,0.3917236361217969,true,1.045637564289913,0.48837730288505554
298975,GNSS_AIDED,11.666,557,0.0,0.0,0.0,0.5306427055235292,0.43926893739968265,true,1.072362082737113,0.4826095700263977
299075,GNSS_AIDED,11.666,557,0.0,0.0,0.0,0.5916404191129664,0.47938977451135056,true,0.7668706089435493,0.5290513038635254
299176,GNSS_AIDED,11.666,757,0.0,0.0,0.0,0.2507681034248051,0.38954539537952404,true,0.24861671125660798,0.3687033951282501
299275,GNSS_AIDED,11.666,757,0.0,0.0,0.0,0.4519625142504171,0.2565483053591838,true,0.8313491675690112,0.15152624249458313
299376,GNSS_AIDED,11.666,957,0.0,0.0,0.0,0.10548411406087409,0.08822604852870922,true,0.4676830931386658,0.0631202831864357
299477,GNSS_AIDED,11.666,957,0.0,0.0,0.0,0.29394530135324554,0.11932352666491722,true,0.5382963665725696,0.19866807758808136
299577,GNSS_AIDED,11.666,1180,0.0,0.0,0.0,0.5619123597510454,0.14766789038833983,true,0.9160669454980136,0.18430529534816742
299677,GNSS_AIDED,11.666,1180,0.0,0.0,0.0,1.3574904962498786,0.24000477857905836,true,2.221706554352307,0.39979979395866394
299777,GNSS_AIDED,7.7,194,0.0,0.0,0.0,0.6616832959608088,0.26788353931235276,true,0.7354877448979479,0.40177127718925476
299877,GNSS_AIDED,7.7,194,0.0,0.0,0.0,0.34929022964965933,0.24588588834717257,true,0.7700319078170913,0.23063930869102478
299978,GNSS_AIDED,7.7,394,0.0,0.0,0.0,0.5685987442341913,0.13273231029900348,true,1.0281966990495188,0.10767672210931778
300078,GNSS_AIDED,7.7,394,0.0,0.0,0.0,0.3805095850228693,0.0829895761016544,true,0.8829030638963556,0.052189901471138
300178,GNSS_AIDED,7.7,595,0.0,0.0,0.0,0.7251111128753276,0.10163878985439895,true,1.0794991680663255,0.1469527631998062
300279,GNSS_AIDED,7.7,595,0.0,0.0,0.0,0.5496590503785175,0.23638166026786636,true,1.1623177295838925,0.35866910219192505
300379,GNSS_AIDED,7.7,796,0.0,0.0,0.0,0.3266752670621141,0.15980916482463334,true,0.4325677673660702,0.44099390506744385
300478,GNSS_AIDED,7.7,796,0.0,-0.03273817879433445,-0.06948949523691869,0.9836967716097456,0.4685898711270737,false,1.555467204105055,0.7485755681991577
300579,GNSS_AIDED,7.7,996,0.0,-0.10875046881525334,-0.10202322512332267,1.4955535727339966,0.5316403659312857,false,2.124272429860096,0.6626308560371399
300678,GNSS_AIDED,7.7,996,0.0,-0.021787049886538682,-0.07419460429110143,0.8836486874635333,0.5236632604829147,false,1.1400131098028639,0.6718865036964417
300780,GNSS_AIDED,7.15,198,0.0,0.046619172547215586,0.07398650576221194,1.0415204512106886,1.0761328518986522,false,2.5540865473390717,1.5514048337936401
300880,GNSS_AIDED,7.15,198,0.0,0.029204073883655993,0.16583179072374057,1.9765080994889235,1.0676504641158535,false,2.775279069815228,1.1415513753890991
300980,GNSS_AIDED,7.15,399,0.0,0.19148227048511882,0.3473389339469261,4.0333356619114555,0.8033940958924034,false,6.263947876443636,0.6302284002304077
301081,GNSS_AIDED,7.15,399,0.0,0.044500210290985595,0.18523041270339602,1.922099235540143,0.34584930997546975,false,1.4661713928564646,0.835271954536438
301185,GNSS_AIDED,7.15,599,0.0,5.988612997490754E-4,0.16103691594105515,1.9905663621861711,0.14639677195186032,false,2.4465440621519097,0.20216268301010132
301284,GNSS_AIDED,7.15,599,0.0,0.12469137909321887,0.13294284879327653,1.9207993134445567,0.07500280041526589,false,1.9224656690687794,0.16368143260478973
301385,GNSS_AIDED,7.15,799,0.0,-0.0038864508737305953,0.0538537280255344,0.9527901263091635,0.18200761891051245,false,1.5729856342910489,0.30260416865348816
301484,GNSS_AIDED,7.15,799,0.0,0.024573972746273178,-0.009752602616191722,0.2693802127030241,0.30718951861201776,false,0.7368064793397432,0.40995708107948303
301584,GNSS_AIDED,7.15,1003,0.0,0.011581346971804785,-0.07611119482091001,0.9342426608459707,0.19702797971199537,false,1.6918331919040777,0.2675139307975769
301683,GNSS_AIDED,7.15,1003,0.0,0.010490428265605938,-0.07016985017435684,1.1979405256919777,0.1575926383654702,false,1.5100833848341275,0.13410831987857819
301783,GNSS_AIDED,6.72,203,0.0,-0.06852753976775784,-0.022509451077929284,0.839025946564414,0.2742273361908958,false,1.037794337709983,0.4409167170524597
301885,GNSS_AIDED,6.72,203,0.0,0.005679140168660729,-0.03088514774863609,0.6324842271138491,0.206638250650216,false,0.6041311756709625,0.18429666757583618
301987,GNSS_AIDED,6.72,404,0.0,0.004631432102724798,-0.02675541943512393,0.6434584714262305,0.3777687067048026,false,0.8180682543143812,0.5164120197296143
302086,GNSS_AIDED,6.72,404,0.0,7.502321317312049E-4,-0.004654683849908651,0.12367153406906836,0.12851046009541056,false,0.32420362976147965,0.15783245861530304
302188,GNSS_AIDED,6.72,605,0.0,-0.003974989361803409,0.026067143342699127,0.41560574093351305,0.17678241298867556,false,0.8316441579619515,0.21682055294513702
302285,GNSS_AIDED,6.72,605,0.0,-0.02727551960930438,0.07453128630167496,0.876941635815185,0.2105542723436269,false,1.29388598321263,0.41476333141326904
302388,GNSS_AIDED,6.72,806,0.0,-0.014924193270156158,0.08958956474392125,0.9843309725340462,0.03499088028601757,false,1.2921713429684643,0.1680934578180313
302485,GNSS_AIDED,6.72,806,0.0,-0.01959807911288146,0.11041266136903957,1.1281586153678411,0.15613570212803327,false,1.316430860132868,0.2617655396461487
302589,GNSS_AIDED,6.72,1007,0.0,-0.014471618030970568,0.009588980733209466,0.40585150755395166,0.14484836224549558,false,1.0527632651424907,0.16315874457359314
302685,GNSS_AIDED,6.72,1007,0.0,0.010446158422803121,-0.05263666321531176,0.7776236036246229,0.22151841445711729,false,1.4959589757867342,0.41251835227012634
302787,GNSS_AIDED,5.7,206,0.0,0.01510210069366722,-0.07478117507153123,1.24963393093152,0.18876653273086808,false,1.6739355147774444,0.2596494257450104
302886,GNSS_AIDED,5.7,206,0.0,0.0017843678789991508,-0.009308820176612172,0.429143089115372,0.20840814475528943,false,0.5594924247361831,0.3527957797050476
302987,GNSS_AIDED,5.7,406,0.0,0.02340218457131437,0.08690090681402078,0.91933912885124,0.2070171568426144,false,1.729158262418739,0.3168168067932129
303086,GNSS_AIDED,5.7,406,0.0,-0.028847505983316236,0.1786866776226458,1.8492693673068912,0.20519467022477592,false,2.619032177861835,0.29574429988861084
303187,GNSS_AIDED,5.7,608,0.0,-0.016176422682283767,0.09819366310052755,1.129612161154817,0.2572068305723227,false,0.9055961028608999,0.3581230640411377
303286,GNSS_AIDED,5.7,608,0.0,-0.008833871542669331,0.04954148282336347,0.8179189432744993,0.22056024800224389,false,0.7608142867666068,0.2566424310207367
303387,GNSS_AIDED,5.7,808,0.0,-6.280981950676841E-4,0.0033394647253816787,1.1883667612246485,0.40305166583581137,false,1.7546032426575715,0.5529074668884277
303487,GNSS_AIDED,5.7,808,0.0,0.007578475095377594,-0.03859879525296356,0.6633992093624898,0.5206754361974127,false,1.149785325728815,0.619326651096344
303587,GNSS_AIDED,5.7,1008,0.0,-0.030612916294104137,-0.07594667390076448,0.8264597826885776,0.3023665995718921,false,1.0226699340207015,0.1356378048658371
303686,GNSS_AIDED,5.7,1008,0.0,-0.018211833813956593,-0.03398927674001172,1.000744341691034,0.42085280124111735,false,1.5588541200177481,0.5248874425888062
303786,GNSS_AIDED,5.2,208,0.0,0.022229320128651777,-0.08299962477501596,1.6104672051031952,0.6462018240940214,false,2.6694745077167084,0.8425165414810181
303887,GNSS_AIDED,5.2,208,0.0,-0.03542085900826678,-0.021977658534742737,0.427780957264745,0.42437408360149426,false,0.6078560365423629,0.4650143086910248
303988,GNSS_AIDED,5.2,411,0.0,-0.014976513122776104,0.15778615812017177,1.819746931448405,0.3245237806959108,false,3.3678889805742513,0.2610855996608734
304087,GNSS_AIDED,5.2,411,0.0,-0.0400516107971604,0.08419213054517911,1.0037657841380243,0.26755351212918066,false,0.6519770866890986,0.30377599596977234
304195,GNSS_AIDED,5.2,613,0.0,0.001512208825391747,-0.003593210076800107,0.22293679064236344,0.3264169910048377,false,1.0322461706301556,0.6080318689346313
304293,GNSS_AIDED,5.2,613,0.0,0.012048982500426757,-0.029235302912520758,0.6899707084044527,0.26355779089262027,false,1.3141778089173715,0.27223140001296997
304388,GNSS_AIDED,5.2,813,0.0,-0.0211796914084764,-0.06711222974888985,0.7205337202852686,0.41243113028330736,false,0.9747121082712956,0.6033227443695068
304492,GNSS_AIDED,5.2,813,0.0,-0.03798857513324931,0.04080234962721442,0.5694804854320549,0.5134815275024565,false,1.4054082483481734,0.608822762966156
304592,GNSS_AIDED,5.2,1013,0.0,-0.04980121470286215,-0.00321826245991742,0.7159518141276342,0.4402196175916617,false,1.0837315365067808,0.45118093490600586
304692,GNSS_AIDED,5.2,1013,0.0,-0.06943859323583922,0.08258954563661296,1.0802507742632383,0.21934210176386676,false,1.7423585604413259,0.2113187611103058
304796,GNSS_AIDED,5.066,216,2.5375805,-0.04488834287032403,0.09333553467156139,1.12892748527573,0.342668158397577,false,1.3751115614171627,0.6065395474433899
304892,GNSS_AIDED,5.066,216,2.5375805,-0.009934555422176734,-0.012691051946724307,0.17504514363946547,0.371692699564272,false,1.0956552551930474,0.42081859707832336
304994,GNSS_AIDED,5.066,416,2.5375805,-0.0021261971094646373,-0.09232795220084011,0.9536920055279905,0.5058197397089493,false,1.6298593349311654,0.689146101474762
305093,GNSS_AIDED,5.066,416,2.5375805,0.006419097580917086,-0.10006282049333805,1.0413723348216528,0.25736025785979993,false,1.1156917766141152,0.13989515602588654
305192,GNSS_AIDED,5.066,617,2.5375805,0.046405955750892965,-0.047434837813113785,1.2985005816798036,0.22947732658812578,false,1.67728031414505,0.2450450211763382
305292,GNSS_AIDED,5.066,617,2.5375805,-0.006832395418910122,0.0068146887547157736,1.191728104331983,0.2792204954376113,false,1.4853262332465684,0.31956902146339417
305392,GNSS_AIDED,5.066,817,2.5375805,-0.08693204206350956,-0.05841652481501762,1.16656410262937,0.1734092199220023,false,1.2404700867353615,0.37067320942878723
305494,GNSS_AIDED,5.066,817,2.5375805,-0.006337543281843797,0.006598520406262473,0.9878587892395447,0.25029225709675407,false,1.1390670422390345,0.3124372065067291
305593,GNSS_AIDED,5.066,1018,2.5375805,-0.009107701204235015,0.009404949444461644,1.2560657927013315,0.33235777174625447,false,1.4904454348093308,0.4031507670879364
305692,GNSS_AIDED,5.066,1018,2.5375805,-0.05012163700373059,0.051124596887846485,1.1095196518029036,0.24844518131897347,false,1.2907512930045453,0.1881597489118576
305793,GNSS_AIDED,4.6,218,3.0811272,-0.07604538727707946,-0.05961087665126586,1.0293697297364748,0.33135330013388015,false,1.4828632402230904,0.39870497584342957
305893,GNSS_AIDED,4.6,218,3.0811272,-8.972238627923324E-4,8.243587227312997E-4,1.1436860488678093,0.23382348171772638,false,1.5601834483850967,0.2665995955467224
305994,GNSS_AIDED,4.6,418,3.0811272,0.020926672482837076,-0.044043515677426405,0.5041668535320548,0.28211060042980957,false,0.9723767820182821,0.3737492263317108
306095,GNSS_AIDED,4.6,418,3.0811272,0.007575751686168267,-0.08220440428100978,0.8934210625815642,0.1090702857302734,false,1.2355568172655367,0.2869776487350464
306193,GNSS_AIDED,4.6,619,3.0811272,0.005426291245950367,-0.06290475987267445,0.6377583471399532,0.20867262223789165,false,0.6594355044967207,0.33181464672088623
306294,GNSS_AIDED,4.6,619,3.0811272,0.039048545675017844,-0.06666911546233177,0.8865619970318154,0.16157124075999932,false,1.1879392552584516,0.17831826210021973
306394,GNSS_AIDED,4.6,819,3.0811272,0.06565613912588661,-0.054086954011603225,1.1390911478794064,0.16955136720874733,false,1.5282364424680637,0.20623500645160675
306497,GNSS_AIDED,4.6,819,3.0811272,-0.015324526680946417,-0.031125993465819218,0.3910348186617324,0.21508886008962988,false,0.6194173398361816,0.29072752594947815
306595,GNSS_AIDED,4.6,1023,3.0811272,-0.033130178548172656,0.02430408600097884,0.682979932014308,0.06456529563972487,false,1.5021762401853949,0.2748667597770691
306695,GNSS_AIDED,4.6,1023,3.0811272,-0.05525374289626018,0.03957769426825595,1.020340387232819,0.09845986006725994,false,1.5872199138825394,0.1561368703842163
306796,GNSS_AIDED,4.46,224,3.5536423,-0.13839996830740633,0.07428676204694803,1.9434041907420336,0.26217097419391266,false,3.4836874018291106,0.428134948015213
306895,GNSS_AIDED,4.46,224,3.5536423,-0.1515170554752252,0.12234195583979594,2.4296368133337336,0.4651358971748818,false,3.816458807501076,0.8151229619979858
306996,GNSS_AIDED,4.46,425,3.5536423,-0.06982704333336569,0.11995889952517458,1.4077128321867125,0.4603557160831421,false,0.8887262911188962,0.5033749938011169
307097,GNSS_AIDED,4.46,425,3.5536423,-0.014992573566734418,0.011822263140962212,0.8282657146481959,0.4038663285079547,false,2.001814504494624,0.41559791564941406
307202,GNSS_AIDED,4.46,626,3.5536423,-0.10633375683180753,0.03563920238025205,1.3749182218743932,0.13048840621284913,false,2.1848448702197905,0.1549040526151657
307296,GNSS_AIDED,4.46,626,3.5536423,-0.04272677979092164,0.0311120547220186,0.7650354439231172,0.15536939981644554,false,1.6716345003278774,0.1829175502061844
307397,GNSS_AIDED,4.46,826,3.5536423,0.020295180434819437,0.019323184726856932,0.5941446679587459,0.18453472175687477,false,0.8378813536555499,0.42525267601013184
307498,GNSS_AIDED,4.46,826,3.5536423,0.014178640413551444,0.044643978470213466,0.7756703758866185,0.16788504665818468,false,1.660304399904661,0.21396245062351227
307601,GNSS_AIDED,4.46,1026,3.5536423,0.016681380840444952,0.1018230665467448,1.043636535896132,0.09145105368866925,false,1.4908328287126547,0.12463098764419556
307702,GNSS_AIDED,4.46,1026,3.5536423,0.02249692235833805,-0.0040234488132181445,0.48648639959352624,0.16072191274908523,false,1.115695458408401,0.26483187079429626
307802,GNSS_AIDED,4.3,226,3.6030555,0.03356895796095185,-0.03157749282236118,0.5131809587364401,0.11706491260263127,false,0.7160995681146982,0.20155876874923706
307901,GNSS_AIDED,4.3,226,3.6030555,-0.0011221295762563212,-0.021118332303447312,0.34219183473307435,0.2860119222311899,false,0.7015609638896916,0.42648521065711975
308001,GNSS_AIDED,4.3,426,3.6030555,-0.00798576372769274,-0.08808125650415376,0.9073656915660938,0.2137992618322609,false,1.4248101499144985,0.19239749014377594
308101,GNSS_AIDED,4.3,426,3.6030555,0.04877125124680242,-0.04440429780572879,1.362377138830527,0.2666963607561556,false,1.922976989179323,0.3487333357334137
308207,GNSS_AIDED,4.3,626,3.6030555,-0.03061517488247711,-0.03169786375562142,0.4443218122811215,0.21841250138089344,false,0.6325011040772022,0.30334046483039856
308301,GNSS_AIDED,4.3,626,3.6030555,0.07059935688247099,-0.06024164451746698,1.0575149827298396,0.21463758907082575,false,1.8162176356790127,0.21386773884296417
308400,GNSS_AIDED,4.3,826,3.6030555,0.07580923630705597,-0.06625867062365585,1.4295798218898301,0.18043176744845943,false,1.8385594136165222,0.21623820066452026
308501,GNSS_AIDED,4.3,826,3.6030555,-0.054191799320569826,-0.16997564697657622,1.8838196251758113,0.07339933139038539,false,2.442669356916098,0.12067283689975739
308600,GNSS_AIDED,4.3,1026,3.6030555,0.10914393774140597,-0.09829952681159364,1.9078607031310342,0.24125447506297404,false,2.2116593668439584,0.4370335042476654
308700,GNSS_AIDED,4.3,1026,3.6030555,0.12902724984184202,-0.11324056073430137,2.2450060194610466,0.20352103396315596,false,2.67612261469869,0.18706631660461426
308803,GNSS_AIDED,4.14,219,3.7739434,0.021640991285269515,-0.23427759223534517,2.3680900286189743,0.40256018327354964,false,2.534602030725743,0.6102045178413391
308902,GNSS_AIDED,4.14,219,3.7739434,0.11656040475667247,-0.1147277871043368,1.8432964268590077,0.387098441494195,false,1.8507719681285901,0.3953538239002228
309002,GNSS_AIDED,4.14,419,3.7739434,0.09156697723576078,-0.1309767250152452,1.6460969532867245,0.21313905600812186,false,1.5627833806627638,0.2679520845413208
309102,GNSS_AIDED,4.14,419,3.7739434,0.04269041241982891,-0.15946311141611513,1.6487284392319481,0.07160226277661283,false,1.8243428758597136,0.06689272820949554
309203,GNSS_AIDED,4.14,619,3.7739434,-0.03315750708208517,-0.09438841712392068,1.2193401887457849,0.12226403318074355,false,1.6754174223277079,0.24932950735092163
309304,GNSS_AIDED,4.14,619,3.7739434,0.023070672506641035,-0.12265617700419248,1.250357101330491,0.336452633546074,false,1.6336532946146392,0.6552090048789978
309405,GNSS_AIDED,4.14,819,3.7739434,0.038225837778488474,-0.07779564429025497,0.8792354563166144,0.2719480744456091,false,0.7572499345495958,0.3572166860103607
309505,GNSS_AIDED,4.14,819,3.7739434,-0.001501435964862621,-0.028539711707112742,0.6366284915058212,0.11961998482271537,false,0.9584724429597564,0.2506338357925415
309606,GNSS_AIDED,4.14,1019,3.7739434,-0.001391590607446272,0.0017817624626494566,0.5531899428848307,0.11957083130094964,false,0.7495984565679786,0.2553289234638214
309705,GNSS_AIDED,4.14,1019,3.7739434,-0.01550969498940291,0.019655038639024403,0.35500692823733787,0.1967645255571808,false,0.4703745411783511,0.42326056957244873
309806,GNSS_AIDED,4.033,228,3.8722553,-0.030649980925146068,0.009093766460512966,0.5988383466546182,0.3298242811216638,false,0.8272419418466237,0.4636135399341583
309905,GNSS_AIDED,4.033,228,3.8722553,0.08693004204608601,8.210062519064317E-4,1.4833600930075297,0.1743277914827975,false,2.5140755963752026,0.09313461184501648
310005,GNSS_AIDED,4.033,430,3.8722553,0.1283056063265437,0.030295927539715956,1.5194780435637407,0.12563059431998158,false,1.7431328511017006,0.17425769567489624
310105,GNSS_AIDED,4.033,430,3.8722553,0.0331638523084006,-0.04640181658262428,1.017747239468728,0.2356847250429143,false,0.9620420473805257,0.33188724517822266
310206,GNSS_AIDED,4.033,632,3.8722553,0.04092034430356414,-0.039442183254694375,0.7512164567620614,0.04294190914705622,false,1.1081066549083989,0.22758185863494873
310305,GNSS_AIDED,4.033,632,3.8722553,0.004423216058962645,0.017877688801646637,0.1988360220188852,0.2025409895966337,false,0.8590627977204036,0.3570348918437958
310405,GNSS_AIDED,4.033,832,3.8722553,-0.03093256313587497,0.04536641433525011,1.249282773100134,0.11311418664145384,false,2.0947032468038986,0.29438087344169617
310505,GNSS_AIDED,4.033,832,3.8722553,-0.016657216067398048,0.024542272424144668,1.5708041184096841,0.08140076621652022,false,2.1602399007244997,0.06645476073026657
310604,GNSS_AIDED,4.033,1033,3.8722553,0.01403605598422675,0.016107992454582085,0.4329258353967302,0.20075215326938523,false,0.9595411404618095,0.31304043531417847
310705,GNSS_AIDED,4.033,1033,3.8722553,7.546120554325898E-4,0.04336026577267432,0.7709897757365751,0.14865952844674815,false,1.069985103705054,0.1916114091873169
310810,GNSS_AIDED,3.85,234,3.772914,-0.013824226345395188,0.05688443410148298,0.6872931407083591,0.256001970522626,false,0.7346158963430446,0.4574456810951233
310909,GNSS_AIDED,3.85,234,3.772914,0.014186607302791103,0.044525595650513165,0.47950520746054415,0.1928493018151501,false,0.7012917518078294,0.15327692031860352
311010,GNSS_AIDED,3.85,434,3.772914,-0.020488199896940874,-0.1382523424862635,1.5649970319738173,0.2015786773326222,false,3.101964589156533,0.3126872181892395
311110,GNSS_AIDED,3.85,434,3.772914,0.059618470855128954,-0.10057060623381965,1.6130153063056043,0.18131118618866132,false,1.9953442696577137,0.45981618762016296
311209,GNSS_AIDED,3.85,634,3.772914,-0.03059448272561432,0.06170899374863014,0.7251660972144807,0.2696576182273103,false,2.3735282431674487,0.3578563928604126
311311,GNSS_AIDED,3.85,634,3.772914,1.3902764935735644E-4,-2.1236544122002718E-4,0.5477777178740926,0.4403325329692218,false,1.1210329581435952,0.7677263021469116
311409,GNSS_AIDED,3.85,835,3.772914,0.10537206386980609,0.07706082313007784,1.6042380009341763,0.13566152847919455,false,2.4839139275933615,0.5428482294082642
311509,GNSS_AIDED,3.85,835,3.772914,-0.03623274028224011,0.04773124723807437,1.448146706906641,0.2681128128367936,false,1.809128515558694,0.3791984021663666
311609,GNSS_AIDED,3.85,1035,3.772914,-0.03381640035385632,0.1711164968881917,2.282888873717916,0.33528416392483684,false,3.602468380656435,0.503261387348175
311710,GNSS_AIDED,3.85,1035,3.772914,-0.042861494973704395,0.06884023103970806,1.0846284348888504,0.5369016272739816,false,1.0525141542690204,0.7226048111915588
311808,GNSS_AIDED,3.683,236,3.5397446,0.0797878406710188,0.09155336630936067,1.235662385879107,0.2494116963853723,false,1.6614486523787686,0.1220574900507927
311908,GNSS_AIDED,3.683,236,3.5397446,0.05073531747508035,-0.0547205635321394,0.9427387092416065,0.21261830732817671,false,1.9211094958894521,0.18557362258434296
312009,GNSS_AIDED,3.683,438,3.5397446,0.0059343407168203225,-0.010027810131537961,0.24734435687647208,0.243988023177416,false,0.5662129045772952,0.38887956738471985
312110,GNSS_AIDED,3.683,438,3.5397446,-0.009104255208366567,-0.06893130675339834,0.693868223411329,0.06407867770452032,false,1.1115680253883446,0.24893693625926971
312210,GNSS_AIDED,3.683,638,3.5397446,-0.003450249293068801,0.006125678708955866,0.40013276618683885,0.16783710883609215,false,0.8007732903162271,0.28654223680496216
312310,GNSS_AIDED,3.683,638,3.5397446,-0.024796560556078904,-0.052134207479876925,0.5835588819474604,0.24154084406226065,false,0.9975319090027297,0.3514212369918823
312410,GNSS_AIDED,3.683,842,3.5397446,0.04004589896514398,-0.010814637005402233,0.4401173984173049,0.2635073485424593,false,0.9584822129841851,0.293060302734375
312510,GNSS_AIDED,3.683,842,3.5397446,0.014131258695530538,0.014615164758683725,0.20285558335562456,0.24396435566901978,false,0.3762217366901505,0.25603345036506653
312611,GNSS_AIDED,3.683,1043,3.5397446,0.02587607654553189,0.042956691308381874,0.5676101580482938,0.20401605212728668,false,0.8811201516882915,0.17289316654205322
312711,GNSS_AIDED,3.683,1043,3.5397446,0.0065703058091416775,-0.014276722052286283,0.2458423970956023,0.05594027209112827,false,0.8539498616588364,0.14473159611225128
312812,GNSS_AIDED,3.516,243,3.344665,0.017924915744354623,0.045776015296050625,0.5124443483196024,0.214072459293354,false,1.1102478420804405,0.3429177403450012
312910,GNSS_AIDED,3.516,243,3.344665,0.031165656414076495,0.1362712374716534,1.4340956576438335,0.40834563738860297,false,2.235998674498156,0.5862972140312195
313012,GNSS_AIDED,3.516,447,3.344665,0.018162826125463966,-0.050658382240209576,1.2509485593771124,0.6138702202081383,false,2.3433257182650027,1.1734477281570435
313112,GNSS_AIDED,3.516,447,3.344665,-0.016070185177447818,0.0775996154819345,0.8003241742710824,0.7703119554906149,false,1.9320760238728372,0.9004944562911987
313214,GNSS_AIDED,3.516,647,3.344665,-0.019482356534389636,0.1682904937292988,1.7862973235294104,1.0803227308713073,false,2.5834904758781745,1.341537356376648
313313,GNSS_AIDED,3.516,647,3.344665,0.051287725076258145,0.0934512261857867,1.0676623535393992,1.0410682520516346,false,1.1598095027729733,1.0237051248550415
313414,GNSS_AIDED,3.516,847,3.344665,0.027111513979943186,0.035883524392416655,0.5230673389373339,0.8483504016691519,false,0.42424895707854593,0.7023715972900391
313513,GNSS_AIDED,3.516,847,3.344665,0.08386193019033018,0.09646248574694567,1.2871465241586435,0.647032444527599,false,1.9344714791401325,0.48834162950515747
313613,GNSS_AIDED,3.516,1049,3.344665,0.00802070260374829,0.05946947510557194,0.6096304548433071,0.7738864082110622,false,0.6948023014905735,0.8797065019607544
313714,GNSS_AIDED,3.516,1049,3.344665,-0.06705328773532263,-0.0012816625664577946,0.717816058107836,0.5606162392658798,false,1.4070358536734926,0.4760696589946747
313814,GNSS_AIDED,3.4,250,2.5823615,-0.07215607049404128,-0.020122127646092468,0.7485528649704776,0.5840012148606818,false,0.8457905664401429,0.6070812940597534
313914,GNSS_AIDED,3.4,250,2.5823615,-0.009734137188572385,0.03431766906922841,0.3862075402004117,0.4894796923461942,false,0.8998258429691186,0.4474277198314667
314017,GNSS_AIDED,3.4,450,2.5823615,0.04468581776485265,0.08421413525636663,1.0858751941316223,0.49536173374534953,false,1.7227404670865882,0.5060315132141113
314119,GNSS_AIDED,3.4,450,2.5823615,0.04644815853542627,0.0360369451990105,0.6620333512303003,0.4572988552038775,false,0.49646466563838015,0.4389861226081848
314218,GNSS_AIDED,3.4,650,2.5823615,-0.06242477356743029,0.036675918105288,1.0189236764997247,0.42722267275770953,false,1.8530998472863944,0.41222575306892395
314319,GNSS_AIDED,3.4,650,2.5823615,0.016810373154250085,0.060340007031025995,1.200731743188387,0.3422568706140429,false,1.4321521673629374,0.28128090500831604
314418,GNSS_AIDED,3.4,850,2.5823615,0.007873893326770883,0.028589859274497722,0.9719702389617485,0.39369663290143203,false,0.8764818979333956,0.454563707113266
314518,GNSS_AIDED,3.4,850,2.5823615,0.007635104959083813,0.028075039857414878,0.5226030519923107,0.3532233360869211,false,0.8144722927501308,0.37070581316947937
314617,GNSS_AIDED,3.4,1050,2.5823615,0.04454171988206923,0.020751526227946432,0.7688300731102732,0.3989997887857052,false,0.9722628683856674,0.483974426984787
314717,GNSS_AIDED,3.4,1050,2.5823615,0.02527061923717204,0.043824672180996296,0.5403423390883372,0.41163712158650434,false,0.6396685072834013,0.4250827729701996
314822,GNSS_AIDED,3.316,253,2.684791,0.02955276706381653,-0.010518527392043458,0.3405041896599129,0.3880489191903725,false,0.6340253080726519,0.3761828541755676
314918,GNSS_AIDED,3.316,253,2.684791,0.05521690234114347,0.003769546052397807,0.5685648629420704,0.47436837127089077,false,0.7810251367071211,0.5608564615249634
315022,GNSS_AIDED,3.316,454,2.684791,0.01605565875645526,-0.018175308304620174,0.36580000055580425,0.4026671859378418,false,0.5440481918076544,0.3815409243106842
315118,GNSS_AIDED,3.316,454,2.684791,0.05124872818633121,-0.014129975783302433,0.5698819229735678,0.34531608016148296,false,0.812490259269936,0.3027745187282562
315221,GNSS_AIDED,3.316,655,2.684791,0.0437761501866554,0.03581703269420477,0.6399470361925221,0.348314655904445,false,0.9221556898467045,0.36213165521621704
315317,GNSS_AIDED,3.316,655,2.684791,0.03096812198333603,0.035110292640739664,0.5558675781301032,0.29152522250289387,false,0.8783069902973922,0.25725018978118896
315421,GNSS_AIDED,3.316,857,2.684791,0.02480865492817,0.04126032527387961,0.8652499417665416,0.20228409787119497,false,1.573455993466826,0.13883210718631744
315518,GNSS_AIDED,3.316,857,2.684791,0.07649054222515361,-0.008452106102585701,0.7692978908609442,0.27367570415105014,false,1.2136842710894136,0.3461674749851227
315620,GNSS_AIDED,3.316,1057,2.684791,0.07693365248781242,-0.03481171870466658,0.9214348692635302,0.16462937522621776,false,1.139734517643457,0.11225003749132156
315719,GNSS_AIDED,3.316,1057,2.684791,0.05428296485896381,0.07599424562636964,1.7732879875429264,0.10688225613118608,false,2.518932350822036,0.10295812040567398
315820,GNSS_AIDED,3.26,254,2.7465577,-0.04676975246094524,0.02029900811785018,0.5294017491799277,0.30812335563406007,false,2.3220311895208066,0.497801810503006
315921,GNSS_AIDED,3.26,254,2.7465577,-0.0871913005791665,-0.10666130832731847,2.1784557139721232,0.07101376315674496,false,3.619267949766258,0.14888538420200348
316019,GNSS_AIDED,3.26,456,2.7465577,0.11187378728785882,-0.06714961255270173,1.3020037536940543,0.3185003295037912,false,3.5336810861935737,0.6046255826950073
316120,GNSS_AIDED,3.26,456,2.7465577,0.015305077285500793,0.01760259295612449,0.6742445530612947,0.6449222814894948,false,1.5186364938236323,1.1062521934509277
316219,GNSS_AIDED,3.26,657,2.7465577,-0.04189546415232126,-0.0067852431310663625,0.42381573167283443,0.10829127530714083,false,1.0207220435087425,0.42972052097320557
316321,GNSS_AIDED,3.26,657,2.7465577,0.039366933481564434,0.04933610261332267,0.9416219629602757,0.24794977907003635,false,1.889319156506014,0.3599083423614502
316420,GNSS_AIDED,3.26,857,2.7465577,-0.004200901768965786,3.245969056625776E-4,0.3020816485300703,0.18922331607743886,false,1.2210031956029808,0.3839217722415924
316520,GNSS_AIDED,3.26,857,2.7465577,-0.2048066475676465,-0.19307503580511037,3.113499318802319,0.2413734075943645,false,5.470331728157095,0.28440922498703003
316621,GNSS_AIDED,3.26,1058,2.7465577,-0.11469200631607106,-0.05183823334120662,1.986676553924924,0.5618820668612021,false,3.7496244927039846,1.1515886783599854
316722,GNSS_AIDED,3.26,1058,2.7465577,0.08529153541595572,0.10350607304807065,3.4994788924377227,0.6324439653474389,false,5.6567651247089605,0.8962622284889221
316822,GNSS_AIDED,3.25,266,2.777441,-0.05206272385829708,0.0576452310148824,0.9084028521771381,0.8097997191752826,false,2.3599620959416088,1.0203207731246948
316930,GNSS_AIDED,3.25,266,2.777441,-0.06651013149539614,0.06986302859084749,3.098929725314969,0.9356447516980745,false,5.76835459928314,1.105225682258606
317035,GNSS_AIDED,3.25,468,2.777441,-0.059547676226887856,-0.04390884194301353,1.3920215368685482,0.490973502566335,false,1.519296392138302,0.4480166435241699
317127,GNSS_AIDED,3.25,468,2.777441,0.0556985408378077,0.08919739537052594,1.8561333011573555,0.3958321350117563,false,4.188975329772341,0.7220826745033264
317235,GNSS_AIDED,3.25,668,2.777441,0.02459121524965711,0.03501615276296515,1.3038023404518326,0.24256275840013983,false,0.997521871262038,0.2826853394508362
317329,GNSS_AIDED,3.25,668,2.777441,-0.13135036664398558,-0.016908573758035877,1.4062274414937017,0.18722971757347628,false,3.1949881592361837,0.221466526389122
317433,GNSS_AIDED,3.25,869,2.777441,-0.09612828281654394,-0.04610102799132671,1.4192437963881204,0.046604996779663184,false,1.4969157156622848,0.16791243851184845
317527,GNSS_AIDED,3.25,869,2.777441,-0.09267735574590334,0.04188520193894317,1.0205626923094737,0.1776376972374653,false,1.3241615564152942,0.2926376461982727
317632,GNSS_AIDED,3.25,1070,2.777441,-0.07273851342488485,0.01688753994610376,0.9229368589180842,0.11106654802444724,false,1.0547459098203402,0.1050349697470665
317726,GNSS_AIDED,3.25,1070,2.777441,-0.005830871052632399,-0.006500081045351383,0.2768783112966093,0.20345500835072491,false,0.5350479280155727,0.40807268023490906
317832,GNSS_AIDED,3.2,266,2.825825,-0.014269933493349027,0.02371921916222447,0.386412308695062,0.27784840549760437,false,0.8666555315958115,0.34604325890541077
317926,GNSS_AIDED,3.2,266,2.825825,-0.01658362658396992,-0.009553760819751015,0.507667934983991,0.3099630353055955,false,0.6360692145979843,0.38862594962120056
318032,GNSS_AIDED,3.2,466,2.825825,0.02576557122766806,0.02151624901113052,0.39651140499949006,0.15540997089943642,false,0.9849226226807081,0.1923917829990387
318126,GNSS_AIDED,3.2,466,2.825825,0.013294059033546543,0.008768928802268277,0.33489839540168065,0.1740574325382002,false,0.5027914597051287,0.20688249170780182
318230,GNSS_AIDED,3.2,667,2.825825,0.006902321235425297,-0.006293755785873832,0.3464682044069016,0.020412829653357965,false,0.49705316907094116,0.1417044699192047
318327,GNSS_AIDED,3.2,667,2.825825,4.2516059194378365E-4,0.01785978699110265,0.3882676928194178,0.10877579546995864,false,0.9588535316462186,0.19069845974445343
318430,GNSS_AIDED,3.2,867,2.825825,-0.007356937545936143,0.027809672452849737,0.42856715646260996,0.08878459256249438,false,0.4831146367972651,0.1922186017036438
318526,GNSS_AIDED,3.2,867,2.825825,0.012288136495445334,0.007751587395299919,0.5890007903918308,0.21990862891522736,false,1.2001193061346984,0.3920651078224182
318631,GNSS_AIDED,3.2,1068,2.825825,-0.01719198954249897,0.022312241932352744,0.7200675728167146,0.25405000198922467,false,0.8563016341766008,0.3212282061576843
318727,GNSS_AIDED,3.2,1068,2.825825,-0.03781213207383041,-0.02704105160311177,0.7724302857998614,0.17091473841125676,false,1.3091983350825724,0.2641315162181854
318829,GNSS_AIDED,3.18,264,2.6451576,-0.004307038044477348,-0.044185136468417055,0.6155527145179364,0.10461444473057052,false,1.3343673402576184,0.05620790645480156
318927,GNSS_AIDED,3.18,264,2.6451576,0.12820743308617225,-0.04132334428830486,1.7232576715022179,0.14403325019990162,false,2.849228866142258,0.19830407202243805
319028,GNSS_AIDED,3.18,469,2.6451576,0.05937608194081478,-0.0238788858762223,0.9000792569551297,0.19540598146341887,false,0.3027082832676255,0.23901134729385376
319129,GNSS_AIDED,3.18,469,2.6451576,-0.05414933908603356,0.028626022150762834,0.6109191333474452,0.22823943867664875,false,1.6811553244041464,0.4379621148109436
319228,GNSS_AIDED,3.18,669,2.6451576,-0.04995289295224452,-0.00271761859043317,1.4570101235115667,0.29895475785116987,false,2.509429213229986,0.42515262961387634
319329,GNSS_AIDED,3.18,669,2.6451576,0.018287914262880275,0.0351663260418151,0.5657256204453301,0.4245086989067817,false,2.0566894039810264,0.5277755260467529
319429,GNSS_AIDED,3.18,869,2.6451576,0.1630240540342498,0.0853363842587945,2.346840407040856,0.10574300765341886,false,3.813348821739741,0.3072842061519623
319529,GNSS_AIDED,3.18,869,2.6451576,0.14167900304801162,0.09498503187711446,1.7582978300961856,0.21620461489890813,false,1.6580187932866124,0.38057762384414673
319630,GNSS_AIDED,3.18,1070,2.6451576,0.05647554763098838,0.03862929789063619,0.8451426051171441,0.20611879678292144,false,0.9231037955297126,0.2039019763469696
319729,GNSS_AIDED,3.18,1070,2.6451576,0.09668580280955964,0.017651082995794525,1.3106315849448653,0.1651756772581341,false,2.031227736227963,0.19741427898406982
319829,GNSS_AIDED,3.12,277,2.52008,0.09645100267508645,0.009493718714198119,1.0170894476838415,0.1239003400581846,false,0.9684176132021923,0.20790116488933563
319930,GNSS_AIDED,3.12,277,2.52008,0.02847354255615616,0.016450305839707666,0.5025590842393338,0.14955535793682154,false,0.5469118697678136,0.20005914568901062
320030,GNSS_AIDED,3.12,477,2.52008,0.033007914732910516,0.014761725805090099,0.74332397065926,0.11957577368943564,false,1.5187088902308463,0.15573282539844513
320130,GNSS_AIDED,3.12,477,2.52008,0.017079841163681882,0.012130446371397185,0.5442853728354411,0.06960426977820391,false,0.5758071770428401,0.16272994875907898
320232,GNSS_AIDED,3.12,678,2.52008,0.09067198237696457,0.06493469599819283,1.3470294380688503,0.17502958965872847,false,2.1734531819924086,0.27986860275268555
320336,GNSS_AIDED,3.12,678,2.52008,0.1054539155668278,-0.0037316446326815145,1.093123336094799,0.09299941114996434,false,0.9487533805558013,0.2517075538635254
320439,GNSS_AIDED,3.12,880,2.52008,-0.003961769989319873,-0.0026613915029417724,0.7942827004777122,0.07176656076341383,false,1.2709161131094615,0.20064760744571686
320535,GNSS_AIDED,3.12,880,2.52008,-0.058744328576252884,-0.030456295920311495,0.8058470130272035,0.15027411633408827,false,1.5535701353731637,0.2575221061706543
320642,GNSS_AIDED,3.12,1080,2.52008,0.03439312634458883,0.008993446130317957,0.36025263795439305,0.11342562155687645,false,1.1800077286199657,0.22313885390758514
320735,GNSS_AIDED,3.12,1080,2.52008,0.00814910399146943,-0.0051287814718280955,0.6592081027165537,0.03266520442822317,false,1.1380082458104406,0.08199901133775711
320841,GNSS_AIDED,3.1,280,2.4500778,-0.020417601790734628,-0.01701827997808099,0.3026697174616644,0.08339129461154547,false,0.5653973511607941,0.1681004762649536
320935,GNSS_AIDED,3.1,280,2.4500778,0.044432680450987146,0.029131355400081212,0.9652514985676218,0.17349876557204189,false,1.9107359445022467,0.25558775663375854
321040,GNSS_AIDED,3.1,481,2.4500778,0.06614029270996284,0.04281486443155667,0.8756747243071812,0.2698351865302965,false,1.022756539486101,0.35138899087905884
321136,GNSS_AIDED,3.1,481,2.4500778,0.06383514299338884,0.04181934272298591,0.9565108329488551,0.16870043277023983,false,1.1481880312386872,0.1333940625190735
321242,GNSS_AIDED,3.1,682,2.4500778,0.04776030463784505,0.03374018120044077,0.6332444895998982,0.1586785258587316,false,0.48417442843610276,0.16925422847270966
321333,GNSS_AIDED,3.1,682,2.4500778,0.028053941363345932,0.020325308660884174,0.3467575288916944,0.0664698594560405,false,0.2915110106912073,0.042720258235931396
321434,GNSS_AIDED,3.1,886,2.4500778,0.004536416262107759,0.0031902842651831687,0.2881824343260744,0.029551918971344786,false,0.5377263164993474,0.017789119854569435
321534,GNSS_AIDED,3.1,886,2.4500778,0.02695031988721785,-0.015212524222379379,0.3175005954047108,0.09590323176718032,false,0.3519834999429813,0.19122172892093658
321636,GNSS_AIDED,3.1,1088,2.4500778,0.024893190059077634,0.00763321258506114,0.4525870151725758,0.11788861701761828,false,0.6977555886560985,0.13601453602313995
321734,GNSS_AIDED,3.1,1088,2.4500778,0.03147220855317448,-0.03571625456942238,0.5711815451503738,0.10109313540395885,false,1.1700880902849147,0.14100435376167297
321835,GNSS_AIDED,3.1,1088,2.4500778,-0.052989016136806746,0.0077038301510502704,0.5376467210436546,0.17221056065215815,false,1.3198090576195896,0.2331300675868988
321936,GNSS_AIDED,3.06,290,2.4691224,-0.043814662651062354,-0.032896877708956135,1.0623233528293397,0.18657264777353738,false,1.4938486195005676,0.20295335352420807
322035,GNSS_AIDED,3.06,290,2.4691224,-0.06104857056441936,-0.04999319499517603,1.0808550749041985,0.2565638796804096,false,1.9055127931411149,0.32168760895729065
322137,GNSS_AIDED,3.06,490,2.4691224,-0.08951038412321646,-0.07651081717987174,1.2619509086386835,0.35072926709778635,false,1.501487214655397,0.4376586675643921
322238,GNSS_AIDED,3.06,490,2.4691224,-0.08530015871627404,-0.2989372420855869,3.6442948509352164,0.44268287260532546,false,5.707308595353243,0.5603060722351074
322337,GNSS_AIDED,3.06,692,2.4691224,0.15072593675227053,0.13940866294213708,2.228963959026114,0.5195914518130232,false,5.915555771927697,0.6235240697860718
322437,GNSS_AIDED,3.06,692,2.4691224,-0.056225656212382846,0.23020848670508895,2.602253163596766,1.083456332621485,false,4.577817562620865,2.060375690460205
322536,GNSS_AIDED,3.06,892,2.4691224,0.0069078171579631175,0.08437871260062754,2.946779468886,1.2896612973907395,false,4.2496036923938645,1.4589307308197021
322638,GNSS_AIDED,3.06,892,2.4691224,0.030734289575201044,0.1607351009770371,3.271603896253592,0.5783958381087304,false,3.6349387060509963,0.5932556390762329
322738,GNSS_AIDED,3.06,1098,2.4691224,-0.27920414359024337,0.2443580742165877,4.740657248588945,0.5750993530855063,false,6.814147362957679,0.8249606490135193
322838,GNSS_AIDED,3.06,1098,2.4691224,-0.4404818107441712,0.31892742693000137,6.250405414233968,0.7958166380935343,false,7.532438602708185,0.9784931540489197
322938,GNSS_AIDED,3.066,301,2.5895674,-0.1919268957279005,0.1068929474288288,2.2059827823850124,0.5984596531278887,false,2.9885401740554984,0.854973316192627
323039,GNSS_AIDED,3.066,301,2.5895674,0.2415184176182293,0.09245274554162283,2.581042011045823,0.770712439139983,false,5.895595995545653,1.783962607383728
323139,GNSS_AIDED,3.066,504,2.5895674,0.22414320621550238,0.02842151066881033,2.6370628943916294,0.5389943521737277,false,3.18132446186541,0.4168696999549866
323239,GNSS_AIDED,3.066,504,2.5895674,0.17203626224454996,0.08816784518431003,2.0014274186638294,0.48394459778364785,false,2.7805365940199236,0.6461235284805298
323340,GNSS_AIDED,3.066,704,2.5895674,0.08632827866572998,0.006354102981073937,1.2521907184436512,0.12856845045836066,false,1.057910081456881,0.38959649205207825
323444,GNSS_AIDED,3.066,704,2.5895674,-0.07920129839928211,0.11916229521395229,1.4734615924255894,0.31761428465402863,false,2.5713523062275088,0.47506213188171387
323544,GNSS_AIDED,3.066,906,2.5895674,-0.04644383389669034,0.04670795334076038,0.8836173235685293,0.6322641418694968,false,0.8025726251273315,0.9048137068748474
323645,GNSS_AIDED,3.066,906,2.5895674,-0.017478474845097916,-0.023638319800514663,0.35061885337114596,0.7932578010379793,false,0.80415794096837,0.9364418983459473
323744,GNSS_AIDED,3.066,1107,2.5895674,0.014045488162675621,-0.07224114639282671,0.739788299561065,0.8619193246738799,false,1.214353755150905,0.9330163598060608
323844,GNSS_AIDED,3.066,1107,2.5895674,0.011384232852675293,0.0049455536130153495,0.8205364976620997,0.7035470227207073,false,1.0664663241767574,0.5967581868171692
323944,GNSS_AIDED,3.066,307,2.8124423,0.07211363779232045,0.03185870272005755,1.2733964798974244,0.2624196751783067,false,1.953633471212134,0.16967883706092834
324046,GNSS_AIDED,3.066,307,2.8124423,0.01586727283780391,-0.00782737490925148,0.1764646726153808,0.2575874660134075,false,0.7174101101959801,0.2734849750995636
324143,GNSS_AIDED,3.066,523,2.8124423,-0.08919441670479107,0.019327411815600444,1.0139680307925052,0.3954529847138025,false,1.9416726745128345,0.7737159729003906
324242,GNSS_AIDED,3.066,523,2.8124423,0.03365868191200371,-0.043394780985982484,0.5989753611905526,0.2929087677638313,false,1.7883168961204254,0.30429527163505554
324344,GNSS_AIDED,3.066,726,2.8124423,-0.006445224766714102,0.05805982731673807,0.5843746269700044,0.6045043110805801,false,1.4597539785034879,0.957992672920227
324442,GNSS_AIDED,3.066,726,2.8124423,0.00880267855454692,0.1654645473512824,1.6699334474189103,0.5633230094116972,false,2.552083906593759,0.6671672463417053
324543,GNSS_AIDED,3.066,928,2.8124423,-0.005680814172885549,-0.0021071999797824927,2.42015648566696,0.5542133029097284,false,3.248840088453024,0.688284158706665
324643,GNSS_AIDED,3.066,928,2.8124423,0.015043017285957618,0.005384121355832051,0.8295436859028562,0.4327217993135933,false,0.6041744653245417,1.1388556957244873
324745,GNSS_AIDED,3.08,130,3.1269374,0.08770876844684665,0.03858274971016999,0.9799019328701196,0.5178698714234123,false,1.6809973801041296,0.6462176442146301
324844,GNSS_AIDED,3.08,130,3.1269374,0.08202181151606727,0.01765625343745723,0.8368098368446586,0.28908258453007624,false,0.7901881464497663,0.30027085542678833
324945,GNSS_AIDED,3.08,330,3.1269374,0.09816586470895948,0.03323649795558265,1.0447888087792268,0.762276747223784,false,1.2192545094249259,1.1402685642242432
325046,GNSS_AIDED,3.08,330,3.1269374,0.20066322071318046,-0.06508796045841735,2.279061441164817,1.4982341796075744,false,3.4430104418313188,2.0938169956207275
325145,GNSS_AIDED,3.08,530,3.1269374,0.07949193785333054,-0.0875990102620174,1.4726676582206717,1.3606030101802882,false,1.3851343332853094,1.261788010597229
325246,GNSS_AIDED,3.08,530,3.1269374,0.027678263406063594,-0.08512960026725769,1.2983280544557083,1.2503960118319541,false,1.2994661173857074,1.199819803237915
325346,GNSS_AIDED,3.08,730,3.1269374,0.014438127441243582,0.004389355595356826,0.49513395895515694,0.7433617576250385,false,1.1927356590551124,0.41400131583213806
325447,GNSS_AIDED,3.08,730,3.1269374,-0.013698200538205111,0.027911590486068828,0.5479720162449399,0.41691142699090666,false,1.3409957424013,0.16645464301109314
325546,GNSS_AIDED,3.08,932,3.1269374,0.032185504282975945,0.019640365304104113,0.5006925701875982,0.2771635206397409,false,0.7349038109399161,0.2435646653175354
325644,GNSS_AIDED,3.08,932,3.1269374,0.018435656949643605,0.007280391352231925,0.4268872310090168,0.21059798966655685,false,0.4574538096448571,0.15884850919246674
325746,GNSS_AIDED,3.1,133,3.3951077,-0.015902965141309948,-0.006485657070751127,0.3066236102686825,0.34980016975024936,false,0.8492231710800792,0.4621385633945465
325845,GNSS_AIDED,3.1,133,3.3951077,-0.05666532216671843,-0.007485631002252588,0.9601907533048403,0.1880784614496091,false,1.5350055110298544,0.2919127643108368
325947,GNSS_AIDED,3.1,333,3.3951077,-0.00658588410055222,-0.0028141682912011215,0.8319639207433612,0.40867699581035416,false,2.0803526207124503,0.6313459277153015
326046,GNSS_AIDED,3.1,333,3.3951077,0.05733275286880562,0.023974257517643992,1.4900799351544902,0.38859534395839845,false,2.563751908263018,0.39663878083229065
326146,GNSS_AIDED,3.1,533,3.3951077,0.08406933490390996,0.03391862814702393,0.9393093454009616,0.2397252505803913,false,1.5767479305856325,0.31792670488357544
326246,GNSS_AIDED,3.1,533,3.3951077,0.12264487474704965,0.0509197206860459,1.5481425448097004,0.0780594115250557,false,2.134639537474256,0.2811743915081024
326346,GNSS_AIDED,3.1,733,3.3951077,0.0916829541011566,0.039535156254456624,1.4826918647766436,0.3495218225142814,false,1.5246683939057721,0.6254916191101074
326446,GNSS_AIDED,3.1,733,3.3951077,-0.07062869014117011,-0.048611110127952356,0.9015328757695278,0.23491745751734286,false,2.3846952147522247,0.2284567803144455
326548,GNSS_AIDED,3.1,934,3.3951077,-0.0762551456008363,-0.030540284670763477,0.9032686076342447,0.3306429204837992,false,1.0040746594290901,0.5123194456100464
326647,GNSS_AIDED,3.1,934,3.3951077,0.026772483283846887,0.06038814937849442,0.6924998692632327,0.2427553489821263,false,1.7711836924524706,0.390347421169281
326747,GNSS_AIDED,3.1,136,3.676146,0.029279205975078524,-0.002239216575430596,0.48939629177755084,0.2869512368518409,false,0.8067229809221549,0.5876702070236206
326848,GNSS_AIDED,3.1,136,3.676146,-0.0207690795874932,-0.009545982773847463,0.5541642500335896,0.2873491703856962,false,1.3799219369351525,0.6319509148597717
326965,GNSS_AIDED,3.1,338,3.676146,0.013319255350733333,0.039127210420837444,1.7788544053614035,0.2623045122343809,false,2.8378229295692368,0.5296127200126648
327051,GNSS_AIDED,3.1,338,3.676146,-0.011120872871761275,-0.00475577097442314,0.9150336602791348,0.5409384907053778,false,1.3289648615910898,0.918071985244751
327152,GNSS_AIDED,3.1,538,3.676146,0.004472879088445078,0.0019212893900352052,0.5633255942938371,0.3252510032950378,false,0.7431359613174169,0.24096877872943878
327250,GNSS_AIDED,3.1,538,3.676146,-0.08705350206398488,-0.0383788348828547,1.1816676490482503,0.29429084882012857,false,1.9507946818600566,0.3286278247833252
327353,GNSS_AIDED,3.1,754,3.676146,-0.06886094202513779,0.04852525379719135,1.0455956282498209,0.10878444428763473,false,1.415448066278759,0.22132737934589386
327451,GNSS_AIDED,3.1,754,3.676146,-0.07281695643942654,0.03781727630132314,0.8209177964962777,0.271600467261271,false,0.8955878850107223,0.446621298789978
327551,GNSS_AIDED,3.1,954,3.676146,-0.006143463768591109,-0.04157696870720449,0.49920061472081684,0.1054894842375472,false,1.2226419965101012,0.0781760960817337
327658,GNSS_AIDED,3.1,954,3.676146,0.0357788635899014,0.019469036069890745,0.7485005418907777,0.08408778073732451,false,1.639718635706689,0.07067794352769852
327750,GNSS_AIDED,3.116,154,3.9093153,0.05760990853226392,0.02987947160315824,0.704936512644034,0.13072918129279962,false,1.3037446288954662,0.22683274745941162
327850,GNSS_AIDED,3.116,154,3.9093153,0.04478993984918277,0.021767639062128984,0.5628870068680645,0.28088603851244087,false,0.45838916508113914,0.4087691903114319
327951,GNSS_AIDED,3.116,354,3.9093153,-0.016641463275553672,-0.00785638633906349,0.35902187249485606,0.3263599659729711,false,1.0510003678581197,0.3810594975948334
328051,GNSS_AIDED,3.116,354,3.9093153,-0.02376060104353043,-0.01085442397072745,0.5632612261753805,0.3288290539646865,false,0.8686627248317909,0.33297792077064514
328151,GNSS_AIDED,3.116,554,3.9093153,-0.04521728021833137,0.00940530272976969,0.6946589130937482,0.21713303996530825,false,0.8545440068570492,0.2994496524333954
328251,GNSS_AIDED,3.116,554,3.9093153,1.1553859712516262E-4,-0.05463151785548508,0.5451323545232053,0.1852765103662942,false,1.1965516636627103,0.18151427805423737
328351,GNSS_AIDED,3.116,754,3.9093153,0.005209207502282354,-0.02289588756572858,0.3285943765457025,0.046610896565184155,false,0.4113415806792949,0.12510362267494202
328451,GNSS_AIDED,3.116,754,3.9093153,0.013206312342184504,0.004492999515173346,0.33660939474124163,0.1550028171951687,false,0.39563656670960173,0.24805113673210144
328552,GNSS_AIDED,3.116,954,3.9093153,0.020747418120386447,0.007081058466926591,0.4148729927911327,0.27368930582842643,false,0.48502323467569414,0.37907084822654724
328652,GNSS_AIDED,3.116,954,3.9093153,-0.01733206709038822,0.031847775374484154,0.380122591931575,0.1640073767598031,false,0.9222376141858244,0.09719625860452652
328752,GNSS_AIDED,3.1,156,4.0657907,-0.0204587279439451,-0.005883304997734552,0.751547590981029,0.12574403263811876,false,1.1029980939840291,0.19952088594436646
328853,GNSS_AIDED,3.1,156,4.0657907,-0.019558861208991918,-0.005526436085517782,0.774097710627962,0.11499157880053164,false,0.9512892628071302,0.20397108793258667
328954,GNSS_AIDED,3.1,356,4.0657907,0.04822978259687614,0.014114943669341297,0.72101594791401,0.11032420925330202,false,1.1087655039918647,0.138000950217247
329053,GNSS_AIDED,3.1,356,4.0657907,-0.03249955315968628,-0.00911930294650591,0.5422044446641164,0.07563395700567288,false,1.351577935332623,0.09515715390443802
329155,GNSS_AIDED,3.1,556,4.0657907,-0.04527640627255575,-0.012607112328700357,0.6269858651036357,0.10393687168818025,false,1.0464313268127465,0.1413302719593048
329254,GNSS_AIDED,3.1,556,4.0657907,-0.03350800642862591,-0.009616018094322313,0.5485881035125286,0.07585095305466559,false,0.6839529122223528,0.07297313213348389
329355,GNSS_AIDED,3.1,756,4.0657907,0.0359093322839491,-0.052274158547004214,0.911084857015503,0.22623293363175687,false,1.4443458046215587,0.4266992211341858
329455,GNSS_AIDED,3.1,756,4.0657907,0.10332719545470818,-0.057499966081281474,1.1854084317806384,0.35517054451384944,false,1.7083827898416735,0.4696137607097626
329555,GNSS_AIDED,3.1,958,4.0657907,0.20804338206993836,-0.062336133090369464,2.2105248950752197,0.3511177967262203,false,3.1068771442306247,0.48080822825431824
329655,GNSS_AIDED,3.1,958,4.0657907,0.03430662870282583,-0.012339988238198945,0.471490860646262,0.22969682760777427,false,1.0849673657860905,0.28878527879714966
329756,GNSS_AIDED,3.083,159,4.1059394,0.010439859222546507,-0.00588415879143584,0.49243774103493454,0.2408241388934168,false,1.0983794348188034,0.28897207975387573
329856,GNSS_AIDED,3.083,159,4.1059394,0.09032763000494519,-0.02075265766688458,0.9949111144376417,0.25845252375169986,false,1.5922387147934802,0.4026825726032257
329963,GNSS_AIDED,3.083,359,4.1059394,0.07628635395414823,0.017084154827574832,0.8302624789013072,0.16099477262689862,false,1.0559355941248263,0.14608946442604065
330060,GNSS_AIDED,3.083,359,4.1059394,0.0638101017300536,0.022680036398914763,0.7090654035759199,0.19001768307131744,false,0.7722224820855298,0.29616090655326843
330161,GNSS_AIDED,3.083,563,4.1059394,0.06950269885406138,-0.026313813757766803,0.7531629475781764,0.26144500816564653,false,1.0662012797262819,0.46024632453918457
330260,GNSS_AIDED,3.083,563,4.1059394,0.031686354480524544,0.0098082733945232,0.5700318290090247,0.19055803737325241,false,0.742045242004049,0.3734666407108307
330372,GNSS_AIDED,3.083,764,4.1059394,0.0010807529067895702,0.030872278133486298,0.46537473237574073,0.135940715253464,false,0.6618408589554671,0.1983366459608078
330461,GNSS_AIDED,3.083,764,4.1059394,0.036865729205186784,0.04638541860631808,0.6970428797967683,0.2273287545611628,false,1.2844558308624894,0.3507704436779022
330559,GNSS_AIDED,3.083,965,4.1059394,0.03558602875448084,0.014182278510126822,0.8784769478667764,0.30036282491027655,false,1.108185443302964,0.3909381330013275
330658,GNSS_AIDED,3.083,965,4.1059394,0.0028427772381289015,0.13151399462899166,1.3164515589640255,0.26500170065614137,false,1.825183595278377,0.2765616774559021
330759,GNSS_AIDED,3.04,165,4.055496,0.05422265202998449,0.13662139477622048,1.4805316315861081,0.1055247169088911,false,1.716841982037082,0.2026606649160385
330859,GNSS_AIDED,3.04,165,4.055496,0.054845019942073324,0.08768925259570638,1.082671501453088,0.26322827878209015,false,0.8503266556847493,0.42798733711242676
330958,GNSS_AIDED,3.04,365,4.055496,-0.013565278142059184,-0.004469719699204999,0.697366812107428,0.5318770123534093,false,1.1241585614703895,0.8315216898918152
331060,GNSS_AIDED,3.04,365,4.055496,-0.02240132543605621,0.006807515978328198,0.24518660358226818,0.4644226027138797,false,0.3665090390973571,0.4625853896141052
331159,GNSS_AIDED,3.04,566,4.055496,-0.054498810359380624,-0.03267911096768895,0.6406536689379515,0.3885408776642358,false,1.0466693681085038,0.3336344361305237
331259,GNSS_AIDED,3.04,566,4.055496,-0.04484746081272422,-0.0533791261594177,0.7246690942691141,0.4222212288275455,false,0.8410884008014334,0.47167229652404785
331360,GNSS_AIDED,3.04,767,4.055496,0.04555287542495149,-0.08493067463377724,0.9645514954564849,0.5126101527436,false,1.6037703020764371,0.5848236083984375
331460,GNSS_AIDED,3.04,767,4.055496,0.011760022895883328,0.006281929116104528,1.3494512902354103,0.3873198344907665,false,1.7389014295146041,0.3065594434738159
331561,GNSS_AIDED,3.04,967,4.055496,0.06450561818571245,0.03508933233152921,0.8246979803426134,0.2597134920899519,false,1.4084476204494576,0.5260310769081116
331671,GNSS_AIDED,3.04,967,4.055496,-0.01603056555527958,-0.009020927991827523,0.42323484174383635,0.4980722390318863,false,1.0024962546829108,0.8060239553451538
331761,GNSS_AIDED,3.0,166,3.8923295,0.044339570615223076,0.0474645264636148,0.6592897709810104,0.467685343060677,false,1.3041701903637883,0.5267711877822876
331861,GNSS_AIDED,3.0,166,3.8923295,0.06528012185142844,0.053265291242457595,0.8444963587445193,0.520533186059794,false,1.0303981098502337,0.5783584117889404
331962,GNSS_AIDED,3.0,367,3.8923295,0.009363783952703658,0.10636186736521194,1.1538451014492779,0.718267028611987,false,1.687832219285034,0.8792173862457275
332061,GNSS_AIDED,3.0,367,3.8923295,0.006122820960903843,0.28407415839952477,2.8343643089782438,0.6330312005404627,false,4.26326464253892,0.928709089756012
332165,GNSS_AIDED,3.0,567,3.8923295,0.058755502043085876,0.1657041641060412,1.7554902462492725,0.5095329613933964,false,1.2367618785925383,0.8438439965248108
332264,GNSS_AIDED,3.0,567,3.8923295,0.023167770463266135,-0.21969228114707418,2.489529255531764,0.8356848739807834,false,5.6641388351935555,1.32685124874115
332381,GNSS_AIDED,3.0,768,3.8923295,-0.24274966331520167,0.031480630354613875,2.66361717580954,0.781706137654856,false,5.173676434736976,1.7169287204742432
332464,GNSS_AIDED,3.0,768,3.8923295,0.017755647045625093,0.49347263242786776,4.938522864299966,1.3150433540797506,false,8.868192374886545,2.910977363586426
332565,GNSS_AIDED,3.0,968,3.8923295,-0.1710478364967237,0.11576526983953322,2.277180943701978,2.765306848300613,false,3.964123816017535,4.07763671875
332665,GNSS_AIDED,3.0,968,3.8923295,-0.5356694402085359,0.01330448558400042,5.357401065301801,2.34699279729793,false,8.38208795831556,2.0509307384490967
332765,GNSS_AIDED,2.983,171,3.6303358,-0.3989871734848714,0.054667316566219475,4.042745636540129,1.445097188085024,false,3.2274395564658804,0.7854345440864563
332864,GNSS_AIDED,2.983,171,3.6303358,-0.22501907769821516,-0.008267399649019203,2.359834012440722,0.5452026876925181,false,1.4013419411137271,0.40894368290901184
332970,GNSS_AIDED,2.983,375,3.6303358,0.060842970985346266,-0.10801920736477394,1.4986436486094235,0.9957235157653841,false,3.551183920162432,1.5240557193756104
333065,GNSS_AIDED,2.983,375,3.6303358,0.08257929292173102,-0.3134908598374535,3.345649734744038,1.084773712210989,false,4.933607525262637,1.365607738494873
333176,GNSS_AIDED,2.983,575,3.6303358,0.04939749996188873,-0.1690290576046517,1.7857410265825193,0.7896971504114795,false,0.5981120221420323,0.6298299431800842
333264,GNSS_AIDED,2.983,575,3.6303358,0.09674355870539487,0.02515387281662297,1.0376723012797846,0.43459876219271926,false,2.2492941985399693,0.33927518129348755
333364,GNSS_AIDED,2.983,777,3.6303358,0.17732767332087954,0.11398176235063374,2.106721514792819,0.6303655620192714,false,3.0293287172618117,0.9339305758476257
333469,GNSS_AIDED,2.983,777,3.6303358,0.2687819672271192,0.09696382440620785,2.900242458820853,0.7826995613366126,false,3.6652254414298695,0.9495964646339417
333569,GNSS_AIDED,2.983,977,3.6303358,0.18751138823943142,0.07965988157094367,2.1499069905783195,0.5969670780399114,false,1.621926681104155,0.46471795439720154
333668,GNSS_AIDED,2.983,977,3.6303358,0.118777759601628,0.022817710833500652,1.7960866355262575,0.43009955746752043,false,1.9982765094957273,0.6079105138778687
333768,GNSS_AIDED,2.92,176,3.2973106,-0.046312967329497294,0.13443606685980658,1.4899720717632075,0.6372504339628561,false,2.950584091286789,1.1109341382980347
333867,GNSS_AIDED,2.92,176,3.2973106,-0.12737068099961246,0.16699397367679789,2.1037665282529954,1.108825994965926,false,2.803983771438493,1.4979157447814941
333969,GNSS_AIDED,2.92,376,3.2973106,-0.10123273818650598,0.07503233348999559,1.5098321826452958,1.2052340540667914,false,1.5674157308779557,1.3264158964157104
334069,GNSS_AIDED,2.92,376,3.2973106,-0.025350616575349087,-0.05477950318250485,0.9986392157112698,1.33056580233692,false,1.784239836241666,1.5239945650100708
334167,GNSS_AIDED,2.92,576,3.2973106,0.025380940582220096,-0.08681591015398409,1.3075319206880944,1.4585535633089362,false,1.6783116881094764,1.5925785303115845
334269,GNSS_AIDED,2.92,576,3.2973106,-0.020787272328099356,-0.028418506654713717,1.2882533031225536,1.6620138543560357,false,1.5896079189327321,1.8332242965698242
334368,GNSS_AIDED,2.92,776,3.2973106,-0.062126701606553536,-0.10787549437882474,1.7836713805660198,1.796166309597649,false,2.3511326560837165,1.908743143081665
334467,GNSS_AIDED,2.92,776,3.2973106,-0.00825796292279585,-0.043340071485777766,1.592488163000394,1.7317014612725163,false,1.764461861919377,1.7055530548095703
334567,GNSS_AIDED,2.92,976,3.2973106,0.025528305645348644,-0.11976063898723785,1.3117924193973625,1.8958865517162795,false,1.9070839344112493,2.0881617069244385
334668,GNSS_AIDED,2.92,976,3.2973106,0.021541957069218538,-0.04394283637632394,0.5940828460406534,1.4322271948300596,false,1.017308285488529,1.1343648433685303
334769,GNSS_AIDED,2.9,177,2.8711205,-0.004717220204695246,-0.23430819497572974,2.346738080371553,1.4487964212201778,false,3.8537303155518594,1.709425687789917
334869,GNSS_AIDED,2.9,177,2.8711205,-0.2593408139298236,-0.4035761823327649,4.784595392105016,1.9939106413118735,false,7.0695662245927835,2.4339427947998047
334970,GNSS_AIDED,2.9,378,2.8711205,-0.3174098220512113,-0.3679955033219388,5.112079607950423,1.6530528366119583,false,5.74632342422917,1.862762212753296
335071,GNSS_AIDED,2.9,378,2.8711205,-0.08890678228454194,-0.08503471440821758,1.3574283356228687,1.4309329491632978,false,2.8672612136971507,1.3246029615402222
335169,GNSS_AIDED,2.9,578,2.8711205,0.09514341908541568,0.1028541481742888,1.486521835918441,1.0094914889679345,false,3.507849070727542,0.9281198978424072
335270,GNSS_AIDED,2.9,578,2.8711205,0.14267944548301784,0.14871064792232397,2.0554818038336604,0.7257177165437569,false,2.605899221539503,0.5441176891326904
335371,GNSS_AIDED,2.9,778,2.8711205,0.09636185966638469,0.13909037184449047,1.7485124861459616,0.5097957653598147,false,1.6617067384929822,0.47569671273231506
335471,GNSS_AIDED,2.9,778,2.8711205,0.13470526668634034,-0.003980030130982014,1.8231975222683443,0.4581906024434882,false,2.7379745914287827,0.46684378385543823
335571,GNSS_AIDED,2.9,978,2.8711205,0.07649662125656517,-0.16398802383226735,1.814659091180231,1.0015841507617678,false,3.201444751807376,1.5079572200775146
335670,GNSS_AIDED,2.9,978,2.8711205,-0.02309260494412727,-0.1633284298326466,1.7190359600079688,1.887656378058857,false,2.18288698143739,2.6091666221618652
335771,GNSS_AIDED,2.88,180,2.4500778,0.013611671662290402,0.06924316607520074,1.0067469552729984,1.5733852896071798,false,3.0718075193667254,1.9119850397109985
335871,GNSS_AIDED,2.88,180,2.4500778,0.1739921415504375,0.31521348933006454,3.933483913184446,1.6873674630812503,false,6.346210092856756,1.8119080066680908
335975,GNSS_AIDED,2.88,380,2.4500778,0.2462571119849533,0.33694467740951534,4.7528877850312155,1.2493981765012283,false,5.451721580810456,0.9133323431015015
336071,GNSS_AIDED,2.88,380,2.4500778,-0.004203395759488825,0.22665559701182889,2.264439082909584,0.833060072141442,false,3.195191176135636,1.0755913257598877
336172,GNSS_AIDED,2.88,581,2.4500778,0.031564322190230525,0.1365604264599895,1.3981396093935037,0.48820957995790737,false,0.894099094421917,1.0520025491714478
336274,GNSS_AIDED,2.88,581,2.4500778,-0.04860358457396498,0.041352221109319014,0.8213701260566888,0.6643516485650022,false,1.4831858994268179,0.8044155240058899
336373,GNSS_AIDED,2.88,782,2.4500778,-0.06619032850071614,-0.0019436276512027068,0.7525097434405822,0.24736402771795718,false,0.9084475949400145,0.43707627058029175
336473,GNSS_AIDED,2.88,782,2.4500778,-0.021664494405483698,0.004497650270451946,0.4035503862323464,0.8372112649706137,false,0.36391478107298797,1.343896508216858
336573,GNSS_AIDED,2.88,982,2.4500778,0.058684331788880224,-0.011448685901754263,1.1759491942003517,0.6324258905656612,false,2.0208560731346017,0.6074846982955933
336677,GNSS_AIDED,2.88,982,2.4500778,0.07208276348941599,-0.013604035165147924,1.1043456630895923,0.4349115387081616,false,1.1567692869168509,1.0189203023910522
336778,GNSS_AIDED,2.86,180,2.0388148,0.008498086764715931,-0.013403681565751767,0.20932155408000275,0.5067722970115824,false,1.0124819981204893,0.7610073089599609
336878,GNSS_AIDED,2.86,180,2.0388148,-0.004711591135299807,-0.02806334635072613,0.5330331900950888,0.6168444530250466,false,0.818875631959469,0.7232798337936401
336978,GNSS_AIDED,2.86,380,2.0388148,-0.22052590296140312,0.04537962292291345,2.42356381982099,0.9056447378471044,false,4.239255893506774,1.1654589176177979
337076,GNSS_AIDED,2.86,380,2.0388148,-0.13617913649628643,0.02730696707206447,1.420479349781805,0.8274006391376938,false,1.4668281298417327,0.8876214027404785
337176,GNSS_AIDED,2.86,582,2.0388148,0.012809497876778245,0.014799088813122762,0.4246660210040331,0.7882098853857816,false,1.3759262201049896,0.8928430676460266
337275,GNSS_AIDED,2.86,582,2.0388148,0.07558667033482339,-0.048419196996084,1.2057636984374815,0.6703750864573805,false,1.9627900337946473,0.6984969973564148
337376,GNSS_AIDED,2.86,782,2.0388148,0.09020123812337753,-0.04138156286464994,1.0495721693078128,0.5402235536469897,false,1.0763575787997695,0.44705232977867126
337478,GNSS_AIDED,2.86,782,2.0388148,0.056498632226523716,-0.024228662856905808,0.7868202294845184,0.3127593032758024,false,1.2035840863562577,0.2003277838230133
337576,GNSS_AIDED,2.86,982,2.0388148,-0.05679540740404531,0.10772228105320023,2.1013354428103588,0.15943764694870652,false,3.7197651420281734,0.30052515864372253
337678,GNSS_AIDED,2.86,982,2.0388148,-0.09699486307759311,0.15195502035359554,1.9321845348023219,0.3005787642921754,false,2.267595432764882,0.4475804269313812
337777,GNSS_AIDED,2.816,186,1.6743914,-0.12975400815050508,0.11321790995663662,1.8546878455608833,0.6469444590889643,false,2.5745990350200354,1.3752257823944092
337877,GNSS_AIDED,2.816,186,1.6743914,-0.0013715518262411752,0.0011761915460854486,1.4484325536349647,0.6087829460871679,false,2.54518632831987,0.6506524085998535
337977,GNSS_AIDED,2.816,386,1.6743914,0.04392038913127187,-0.024001793780667916,0.8079970494108434,0.21265013265234636,false,1.052547522965774,0.63372403383255
338077,GNSS_AIDED,2.816,386,1.6743914,0.016389665250478892,-0.012861569597111568,0.3932819862861673,0.44075277134274804,false,0.736656223298589,0.6735050082206726
338178,GNSS_AIDED,2.816,586,1.6743914,0.09427277614086915,-0.015021299779332033,0.9536093126895032,0.4747508453719213,false,1.4459438321006528,0.5490432381629944
338278,GNSS_AIDED,2.816,586,1.6743914,-0.08048364939157773,0.13735146617862845,1.636909534552707,0.3485151451947279,false,3.444685606847741,0.5386260747909546
338388,GNSS_AIDED,2.816,787,1.6743914,-0.1634442336208404,0.02124444890634206,1.744082063104895,1.0291091629606215,false,2.7536864661930323,1.6981176137924194
338478,GNSS_AIDED,2.816,787,1.6743914,-0.0875954926997349,0.015551647366102773,0.9054014468951945,0.2573584101988158,false,0.32590226476099265,0.9766133427619934
338578,GNSS_AIDED,2.816,987,1.6743914,0.04056148309972603,-0.02131560411090548,0.8610877402247631,0.3688041137465467,false,1.904675281353233,0.6267125010490417
338678,GNSS_AIDED,2.816,987,1.6743914,0.05242037661430919,0.02633262182491619,0.6741995666638937,0.41323941471325004,false,0.8888965298575852,0.46815022826194763
338780,GNSS_AIDED,2.75,188,1.3465134,-0.027914384822790746,-0.00575313102629667,0.2875426838128336,0.18065214206445127,false,1.0251834083600144,0.22601111233234406
338879,GNSS_AIDED,2.75,188,1.3465134,0.03005606798846443,0.033722809448243705,1.0608557742856948,0.16588139159773826,false,1.961354122740744,0.20847785472869873
338980,GNSS_AIDED,2.75,392,1.3465134,-0.07285781121123118,0.11203783822818168,2.5988168782298904,0.341706466959505,false,3.985895231507649,0.612022340297699
339081,GNSS_AIDED,2.75,392,1.3465134,-0.06894150929201938,0.1411033291298843,1.7184012904907784,0.3498686787092142,false,1.834407775135665,0.44725048542022705
339181,GNSS_AIDED,2.75,598,1.3465134,-0.0652469241272073,0.07698132891778296,1.2738507967141044,0.9824769206258265,false,1.9042755697055356,1.5424113273620605
339280,GNSS_AIDED,2.75,598,1.3465134,0.0012716822210614882,-0.011847644420012788,1.4927601284785479,0.8754772356825754,false,2.392785646209969,0.9745391607284546
339381,GNSS_AIDED,2.75,798,1.3465134,0.05133524417993362,-0.030444097791143425,1.040582431584047,0.5686505177899575,false,1.0727013526740972,0.3763854503631592
339481,GNSS_AIDED,2.75,798,1.3465134,-0.013713593370841541,-0.06831524169902274,0.7458059818278574,0.48258212097880643,false,1.6552359779025947,0.6926849484443665
339583,GNSS_AIDED,2.75,999,1.3465134,-0.08108046010101826,-0.11330175748908544,1.4783179634297658,0.12241020153286956,false,2.1179110505947807,0.26541435718536377
339681,GNSS_AIDED,2.75,999,1.3465134,-0.18329851603479272,-0.10701979655747365,2.4395284873734715,0.6882993947788777,false,3.337476533522694,1.2502706050872803
339786,GNSS_AIDED,2.66,200,1.071137,-0.049388759660187104,0.032356583153829936,1.847782005400479,0.82048354945756,false,2.336755970199034,1.5746901035308838
339885,GNSS_AIDED,2.66,200,1.071137,0.09106678990715882,-0.027571565931868356,1.6827089622791476,0.9672437735242456,false,3.520381179179604,1.5433872938156128
339986,GNSS_AIDED,2.66,400,1.071137,0.1572961499427396,0.05707657232814696,1.9022885293840746,1.0164783860484836,false,2.4905212123302003,1.1525100469589233
340087,GNSS_AIDED,2.66,400,1.071137,0.05265320279426786,0.034706046262943074,0.6700436424618769,0.7968189218650021,false,1.1906763929792388,0.6886206865310669
340186,GNSS_AIDED,2.66,601,1.071137,0.029543397285543345,-0.012668581650684617,1.110192688117706,0.4378364270764161,false,1.7980669362381654,0.3463743031024933
340286,GNSS_AIDED,2.66,601,1.071137,-0.023611527204267842,0.07617750358146565,1.877477100536767,0.2621401253846003,false,2.7278714114683114,0.5375058054924011
340386,GNSS_AIDED,2.66,804,1.071137,-0.14137192141074037,0.04616417566041249,1.6026777455929087,0.7151177247417704,false,2.3671520880998913,1.2671709060668945
340485,GNSS_AIDED,2.66,804,1.071137,-0.05630149064682562,0.08515841922658843,1.6549868064861535,0.626763391267443,false,2.3164499929127205,0.6342950463294983
340586,GNSS_AIDED,2.66,1004,1.071137,-0.02698571981540416,-0.07362094961859564,1.8471051074915412,0.7163426039490691,false,2.9589190263909204,0.819892406463623
340685,GNSS_AIDED,2.66,1004,1.071137,0.058850201303800385,-0.050997541455091555,0.8431586884806735,0.2227826105815513,false,1.5030745704656356,0.837217390537262
340785,GNSS_AIDED,2.633,203,0.84208554,0.07807717825107663,-0.07760141588568371,1.105666879239826,0.7286879200886812,false,1.355215575135635,1.1370368003845215
340885,GNSS_AIDED,2.633,203,0.84208554,-2.882328137747266E-4,0.036852271865624384,0.7261584960164106,1.248746113110875,false,1.8750882561479234,1.6619585752487183
340986,GNSS_AIDED,2.633,403,0.84208554,-0.09423206125654324,0.02187291055286112,0.9676209090589956,1.5021140988561548,false,1.799900175210006,1.7939516305923462
341085,GNSS_AIDED,2.633,403,0.84208554,-0.026444190732129506,0.037390463633352106,1.0688167558742478,1.885784770645376,false,1.7678617287625644,2.4415009021759033
341186,GNSS_AIDED,2.633,603,0.84208554,0.15294039647522922,0.013194200169461268,1.7470562000373902,1.865579111027028,false,3.038071967367888,1.9633699655532837
341286,GNSS_AIDED,2.633,603,0.84208554,0.1546784053072994,-0.050344860819799706,1.638331518058454,1.6402922073796353,false,1.8707228498244426,1.489283800125122
341390,GNSS_AIDED,2.633,803,0.84208554,0.06494517699046269,-0.08948584906926375,1.1124053909784204,1.1955690257115237,false,1.2829046320642168,0.8556639552116394
341486,GNSS_AIDED,2.633,803,0.84208554,0.04210102776629721,-0.09332152895316644,1.1493329975465296,0.5606171531002664,false,1.2924651135753422,0.18602800369262695
341587,GNSS_AIDED,2.633,1004,0.84208554,0.04936063530865416,0.025028420442341756,1.1210641787856588,0.3072704236834139,false,1.8662069204080896,0.48590874671936035
341686,GNSS_AIDED,2.633,1004,0.84208554,-0.09052129208749533,0.16664346797451685,1.891842112754853,0.7424228424863706,false,3.504175553363208,1.3928993940353394
341789,GNSS_AIDED,2.5,201,0.67531556,0.027084143900721756,0.05611021265630638,2.2019924472791423,0.48731751132105094,false,3.0293486213512884,0.6422533988952637
341887,GNSS_AIDED,2.5,201,0.67531556,-0.042163132367537146,0.017359952223748414,1.4227582716362392,0.49473455017271395,false,1.4743945186290321,0.7841978669166565
341987,GNSS_AIDED,2.5,401,0.67531556,0.07912585528586558,-0.09463212018217992,1.5887313959137932,0.4630866790146766,false,2.635802646160375,0.9643517136573792
342088,GNSS_AIDED,2.5,401,0.67531556,0.14301274598274605,-0.05335892650933291,1.5717896576145,0.8874119419378161,false,2.4540046355133085,1.2777338027954102
342188,GNSS_AIDED,2.5,601,0.67531556,0.05747627774074901,-0.03595326605647623,1.1460215242958323,0.73109715588349,false,1.3712980343496848,0.655458927154541
342288,GNSS_AIDED,2.5,601,0.67531556,-0.029297259252396537,-0.015274677300367918,0.8113970852183031,0.39248302300822135,false,1.1460501796956852,0.7667661309242249
342388,GNSS_AIDED,2.5,801,0.67531556,-0.04036839436872087,-0.00652482708668352,0.552272189843068,0.5594115387453648,false,0.49666829465708606,0.8204034566879272
342489,GNSS_AIDED,2.5,801,0.67531556,-0.03603086039466242,-0.05331318555902322,0.9498793790158419,0.7147193571846154,false,1.5750802674629798,0.8566294312477112
342589,GNSS_AIDED,2.5,1001,0.67531556,-0.11646877904205806,-0.010897316598605272,1.1806689001601505,0.6020350943892437,false,1.4099477337271367,0.7246251106262207
342689,GNSS_AIDED,2.5,1001,0.67531556,-0.05844682050994137,-0.009583979859471287,0.5997891747602275,0.615406055280267,false,0.36277841803265654,0.7267851233482361
342790,GNSS_AIDED,52.66,121,0.7768237,-0.05504103530992436,-0.03184211728600995,0.6793139414036085,0.7514425745739316,false,0.8864549390415344,0.9176117181777954
342894,GNSS_AIDED,52.66,121,0.7768237,-0.12027678687231178,-0.014533328635321708,1.261904363095565,0.9784713773724196,false,1.776430647620123,1.1658477783203125
342990,GNSS_AIDED,52.66,321,0.7768237,-0.1325048104787082,-0.04134111062446912,1.5350160227655831,1.0705752238090325,false,1.7924938323376802,1.144060492515564
343093,GNSS_AIDED,52.66,321,0.7768237,-0.018762887075903414,0.013259897077066578,0.2617594926260725,0.9653056871142263,false,1.1809851742225523,1.0056812763214111
343193,GNSS_AIDED,52.66,521,0.7768237,-0.026000468733553446,-0.08641563004621494,0.9172699325710209,1.0978638083179117,false,1.7321158022344265,1.2333955764770508
343294,GNSS_AIDED,52.66,521,0.7768237,0.010252973840717801,0.10039696477041378,1.0187705293855631,1.5785224884433686,false,2.5458160726349703,2.1871275901794434
343393,GNSS_AIDED,52.66,721,0.7768237,0.0945524793765966,0.09437179916141014,1.362358551702564,0.9966408870572135,false,1.947973065385126,0.5859084725379944
343494,GNSS_AIDED,52.66,721,0.7768237,0.1820177987913304,0.026565206712202735,1.9740337761784252,1.2531720429034692,false,2.7444738822628914,1.4657939672470093
343592,GNSS_AIDED,52.66,922,0.7768237,0.15607478762834773,0.14365495692947025,2.5766753021986855,1.2932206421533328,false,4.211900301723802,1.3478854894638062
343692,GNSS_AIDED,52.66,922,0.7768237,0.0585089026785649,0.05397625901512095,0.9217767454217421,1.018304475832106,false,0.4149652743187446,1.016282081604004
343793,GNSS_AIDED,33.524,119,0.34008557,0.06441792928039834,-0.015784669602644994,0.6743818619775006,0.6654702318710708,false,1.1607220644166634,0.45282265543937683
343894,GNSS_AIDED,33.524,119,0.34008557,-0.002229736702888111,-0.024159122060074832,0.30590014605956034,0.589831868335874,false,0.6710269769469185,0.556608259677887
343994,GNSS_AIDED,33.524,319,0.34008557,0.016997193954067187,-0.0667079439968955,0.6906748736707998,0.23124831634922338,false,1.0899596712131425,0.4067581593990326
344094,GNSS_AIDED,33.524,319,0.34008557,0.11725505568436718,-0.10605708975220797,1.5846636470810713,0.4117544513966696,false,2.4037046610817407,0.7455480098724365
344193,GNSS_AIDED,33.524,519,0.34008557,0.04408842113681808,-0.032028590214995135,0.5475661519029834,0.22293765013732714,false,0.38737421663675503,0.08337558060884476
344294,GNSS_AIDED,33.524,519,0.34008557,0.16656945675211743,-0.13641122464243477,3.360669800676308,0.5832021655387335,false,5.719932751136953,0.9195066094398499
344524,GNSS_AIDED,33.524,721,0.34008557,0.15625729911696143,-0.1882837522593214,1.8291187189199696,0.8390585577961767,false,1.2906585285944008,1.3664109706878662
344594,GNSS_AIDED,33.524,926,0.34008557,-0.05476939843232643,-0.045419595219136286,1.1190824903343892,1.1318350005178284,false,1.5638884853930317,1.3664109706878662
344696,GNSS_AIDED,33.524,926,0.34008557,-0.0230287027489754,-0.044576651527717184,0.6938688378909791,0.6257691052426505,false,0.472227016817984,0.4505891799926758
344796,TRANSITION,25.044,214,0.112236395,0.015415018410066428,-0.08957555299456862,0.6014806865876426,0.5367811463149852,false,1.1436497354623525,0.5527360439300537
344895,TRANSITION,25.044,214,0.112236395,-0.04766043306112562,-0.10544661753128456,0.6586534856928481,0.5487379528069242,false,1.438953050597809,0.5826932191848755
345000,TRANSITION,25.044,414,0.112236395,-0.12969413597225823,-0.011214677337170312,1.3049913731983402,0.3944465556796187,false,2.141136060358751,0.37772831320762634
345095,TRANSITION,25.044,414,0.112236395,-0.16864738628583475,0.16205089401034478,1.7850111788772436,0.37044900638634976,false,2.355870768277043,0.41948941349983215
345200,TRANSITION,25.044,615,0.112236395,-0.24417887416874598,0.15406257259043332,2.0152127562914086,0.7672954523912369,false,2.4967075994456387,1.1249632835388184
345297,TRANSITION,25.044,615,0.112236395,-0.22922331085387437,0.1441930188755864,1.6697746866065704,0.7871411835357933,false,2.102683215898171,0.8094896078109741
345396,TRANSITION,25.044,815,0.112236395,-0.1752716334592457,0.11321277336447638,0.9235932731443671,0.5645069618800865,false,1.0341642284628645,0.513770580291748
345497,TRANSITION,25.044,815,0.112236395,-0.09492295498828829,0.0593969685322886,0.9840849798791681,0.5400685832870844,false,1.268413561466528,0.5480743050575256
345597,TRANSITION,25.044,1016,0.112236395,0.0414154571167806,0.05430840225641079,1.3777431752391278,0.24322316867706553,false,1.891904072198594,0.049412455409765244
345768,TRANSITION,25.044,1016,0.112236395,0.1435765312310927,0.0707596897236513,1.0522011676527259,0.611506337448586,false,0.8429537626902833,1.278173804283142
345803,GNSS_AIDED,20.321,243,0.15198454,-0.0468478991119407,0.02301820983807829,0.8352776638428469,0.9828769847862122,false,2.238619382151055,1.278173804283142
345898,GNSS_AIDED,20.321,243,0.15198454,-0.06338457048231551,0.031171207618114666,1.9458066845073219,0.6353076428685402,false,2.997902828976036,0.40819621086120605
345998,GNSS_AIDED,20.321,243,0.15198454,-0.06555514267155796,0.031827817631303,1.5235021113030818,0.5547525117782726,false,1.216484460525655,0.5776764750480652
346099,GNSS_AIDED,20.321,457,0.15198454,0.0410665493941124,-0.01968077393957722,1.08552153289149,0.19964115308821015,false,2.091046258398844,0.3574630916118622
346210,GNSS_AIDED,20.321,457,0.15198454,0.06214205852674051,-0.0292983037256673,0.8821645582479901,0.35337968476884857,false,0.9282773104257718,0.5030802488327026
346308,GNSS_AIDED,20.321,668,0.15198454,0.06137153685623709,0.008741599085470201,0.6182743911157532,0.12702977729621356,false,0.8336723767637754,0.19515809416770935
346407,GNSS_AIDED,20.321,668,0.15198454,0.08780436529794622,0.004479965365350658,1.046052505588078,0.18274739503095958,false,1.4906661807747634,0.39217039942741394
346510,GNSS_AIDED,20.321,874,0.15198454,-0.042751413750571024,0.022904635293923892,1.1355455671851942,0.3526409802827901,false,1.9493927736706862,0.5043120980262756
346608,GNSS_AIDED,20.321,874,0.15198454,-0.06034412003923612,0.03136567416692841,0.9372477718643882,0.4023638968992202,false,1.4826490109185326,0.515656590461731
346705,GNSS_AIDED,20.321,1080,0.15198454,-0.08293820510884294,0.04164934271804775,1.3451630963641186,0.5392506854094771,false,1.6879181485097425,0.6608270406723022
